Name,Date,Region,Site,Analyst,Row,Column,Label code,Annotator,Date annotated
AGU-532_IMG_9142_dummy10.jpg,6/1/2022,Guam-CNMI,AGU-532,MASTER,34,69,*ENC,jonathan.charendoff,2025-07-22 19:36:21+00:00
AGU-532_IMG_9142_dummy10.jpg,6/1/2022,Guam-CNMI,AGU-532,MASTER,580,4878,*MOBF,jonathan.charendoff,2022-06-25 22:13:36+00:00
AGU-532_IMG_9142_dummy10.jpg,6/1/2022,Guam-CNMI,AGU-532,MASTER,1068,831,*HALI,jonathan.charendoff,2022-06-25 22:13:36+00:00
AGU-532_IMG_9142_dummy10.jpg,6/1/2022,Guam-CNMI,AGU-532,MASTER,1336,1895,*SHAD,jonathan.charendoff,2022-06-25 22:13:36+00:00
AGU-532_IMG_9142_dummy10.jpg,6/1/2022,Guam-CNMI,AGU-532,MASTER,1622,3187,*TURFH,jonathan.charendoff,2022-06-29 01:33:24+00:00
AGU-532_IMG_9142_dummy10.jpg,6/1/2022,Guam-CNMI,AGU-532,MASTER,2522,2561,*HALI,jonathan.charendoff,2025-07-22 19:36:21+00:00
AGU-532_IMG_9142_dummy10.jpg,6/1/2022,Guam-CNMI,AGU-532,MASTER,2367,2388,*EMA,jonathan.charendoff,2025-07-22 19:36:21+00:00
AGU-532_IMG_9142_dummy10.jpg,6/1/2022,Guam-CNMI,AGU-532,MASTER,2766,2694,*TURFH,jonathan.charendoff,2022-06-25 22:13:36+00:00
AGU-532_IMG_9142_dummy10.jpg,6/1/2022,Guam-CNMI,AGU-532,MASTER,2749,4682,*PAMA,jonathan.charendoff,2022-06-25 22:13:36+00:00
AGU-532_IMG_9142_dummy10.jpg,6/1/2022,Guam-CNMI,AGU-532,MASTER,3389,1870,*PAEN,jonathan.charendoff,2022-06-25 22:13:36+00:00
AGU-541_IMG_9632_dummy10.jpg,6/1/2022,Guam-CNMI,AGU-541,MASTER,613,2472,*HALI,jonathan.charendoff,2022-06-25 22:36:06+00:00
AGU-541_IMG_9632_dummy10.jpg,6/1/2022,Guam-CNMI,AGU-541,MASTER,1621,1987,*GONS,jonathan.charendoff,2022-06-25 22:36:06+00:00
AGU-541_IMG_9632_dummy10.jpg,6/1/2022,Guam-CNMI,AGU-541,MASTER,1452,2790,*CCAH,jonathan.charendoff,2025-07-22 19:37:53+00:00
AGU-541_IMG_9632_dummy10.jpg,6/1/2022,Guam-CNMI,AGU-541,MASTER,3512,731,*POMA,jonathan.charendoff,2022-06-25 22:36:06+00:00
AGU-541_IMG_9632_dummy10.jpg,6/1/2022,Guam-CNMI,AGU-541,MASTER,3309,2557,*CCAH,jonathan.charendoff,2022-06-25 22:36:06+00:00
AGU-541_IMG_9632_dummy10.jpg,6/1/2022,Guam-CNMI,AGU-541,MASTER,3987,2577,*CYPS,jonathan.charendoff,2025-07-22 19:37:53+00:00
AGU-541_IMG_9632_dummy10.jpg,6/1/2022,Guam-CNMI,AGU-541,MASTER,3829,3586,*EMA,jonathan.charendoff,2025-07-22 19:37:53+00:00
AGU-541_IMG_9632_dummy10.jpg,6/1/2022,Guam-CNMI,AGU-541,MASTER,4906,1931,*POMA,jonathan.charendoff,2022-06-25 22:36:06+00:00
AGU-541_IMG_9632_dummy10.jpg,6/1/2022,Guam-CNMI,AGU-541,MASTER,5295,3162,*POMA,jonathan.charendoff,2022-06-25 22:36:06+00:00
AGU-541_IMG_9632_dummy10.jpg,6/1/2022,Guam-CNMI,AGU-541,MASTER,5307,3047,*SAND,jonathan.charendoff,2025-07-22 19:38:23+00:00
AGU-543_IMG_9673_dummy10.jpg,6/1/2022,Guam-CNMI,AGU-543,MASTER,583,3931,*TURFH,jonathan.charendoff,2022-06-26 18:43:01+00:00
AGU-543_IMG_9673_dummy10.jpg,6/1/2022,Guam-CNMI,AGU-543,MASTER,125,5046,*TURFH,jonathan.charendoff,2022-06-26 18:43:01+00:00
AGU-543_IMG_9673_dummy10.jpg,6/1/2022,Guam-CNMI,AGU-543,MASTER,1111,1623,*TURFH,jonathan.charendoff,2025-07-22 19:39:17+00:00
AGU-543_IMG_9673_dummy10.jpg,6/1/2022,Guam-CNMI,AGU-543,MASTER,1065,1249,*TURFH,jonathan.charendoff,2025-07-22 19:39:17+00:00
AGU-543_IMG_9673_dummy10.jpg,6/1/2022,Guam-CNMI,AGU-543,MASTER,1246,2216,*EMA,jonathan.charendoff,2025-07-22 19:39:17+00:00
AGU-543_IMG_9673_dummy10.jpg,6/1/2022,Guam-CNMI,AGU-543,MASTER,1044,3989,*CCAH,jonathan.charendoff,2022-06-26 18:43:01+00:00
AGU-543_IMG_9673_dummy10.jpg,6/1/2022,Guam-CNMI,AGU-543,MASTER,2040,1153,*TURFR,jonathan.charendoff,2025-07-22 19:39:17+00:00
AGU-543_IMG_9673_dummy10.jpg,6/1/2022,Guam-CNMI,AGU-543,MASTER,3388,1742,*TURFH,jonathan.charendoff,2025-07-22 19:39:17+00:00
AGU-543_IMG_9673_dummy10.jpg,6/1/2022,Guam-CNMI,AGU-543,MASTER,3447,1329,*CCAH,jonathan.charendoff,2022-06-26 18:43:01+00:00
AGU-543_IMG_9673_dummy10.jpg,6/1/2022,Guam-CNMI,AGU-543,MASTER,3322,3156,*HALI,jonathan.charendoff,2025-07-22 19:39:17+00:00
AGU-548_IMG_1423_dummy10.jpg,6/1/2022,Guam-CNMI,AGU-548,MASTER,499,3547,*TURFH,jonathan.charendoff,2022-06-25 22:38:24+00:00
AGU-548_IMG_1423_dummy10.jpg,6/1/2022,Guam-CNMI,AGU-548,MASTER,487,3851,*HALI,jonathan.charendoff,2022-06-25 22:38:24+00:00
AGU-548_IMG_1423_dummy10.jpg,6/1/2022,Guam-CNMI,AGU-548,MASTER,203,4002,*TURFH,jonathan.charendoff,2022-06-25 22:38:24+00:00
AGU-548_IMG_1423_dummy10.jpg,6/1/2022,Guam-CNMI,AGU-548,MASTER,1420,2403,*FASP,jonathan.charendoff,2025-07-22 19:43:11+00:00
AGU-548_IMG_1423_dummy10.jpg,6/1/2022,Guam-CNMI,AGU-548,MASTER,891,4029,*TURFH,jonathan.charendoff,2022-06-25 22:38:24+00:00
AGU-548_IMG_1423_dummy10.jpg,6/1/2022,Guam-CNMI,AGU-548,MASTER,2019,1533,*HALI,jonathan.charendoff,2025-07-22 19:43:11+00:00
AGU-548_IMG_1423_dummy10.jpg,6/1/2022,Guam-CNMI,AGU-548,MASTER,1893,2193,*HALI,jonathan.charendoff,2025-07-22 19:43:10+00:00
AGU-548_IMG_1423_dummy10.jpg,6/1/2022,Guam-CNMI,AGU-548,MASTER,1646,5213,*ASSP,jonathan.charendoff,2022-06-25 22:38:24+00:00
AGU-548_IMG_1423_dummy10.jpg,6/1/2022,Guam-CNMI,AGU-548,MASTER,3177,1521,*POEN,jonathan.charendoff,2025-07-22 19:43:10+00:00
AGU-548_IMG_1423_dummy10.jpg,6/1/2022,Guam-CNMI,AGU-548,MASTER,3263,2923,*TURFH,jonathan.charendoff,2022-06-25 22:38:24+00:00
AGU-558_IMG_9708_dummy10.jpg,6/1/2022,Guam-CNMI,AGU-558,MASTER,360,297,*HALI,jonathan.charendoff,2025-07-22 19:45:29+00:00
AGU-558_IMG_9708_dummy10.jpg,6/1/2022,Guam-CNMI,AGU-558,MASTER,434,1844,*TURFH,jonathan.charendoff,2022-06-25 22:40:19+00:00
AGU-558_IMG_9708_dummy10.jpg,6/1/2022,Guam-CNMI,AGU-558,MASTER,862,2336,*POCS,jonathan.charendoff,2022-06-25 22:40:19+00:00
AGU-558_IMG_9708_dummy10.jpg,6/1/2022,Guam-CNMI,AGU-558,MASTER,1079,3518,*PESP,jonathan.charendoff,2025-07-22 19:45:29+00:00
AGU-558_IMG_9708_dummy10.jpg,6/1/2022,Guam-CNMI,AGU-558,MASTER,1806,1722,*PAEN,jonathan.charendoff,2022-06-25 22:40:19+00:00
AGU-558_IMG_9708_dummy10.jpg,6/1/2022,Guam-CNMI,AGU-558,MASTER,1761,3218,*TURFH,jonathan.charendoff,2022-06-25 22:40:19+00:00
AGU-558_IMG_9708_dummy10.jpg,6/1/2022,Guam-CNMI,AGU-558,MASTER,2190,1853,*MOEN,jonathan.charendoff,2025-07-22 19:45:29+00:00
AGU-558_IMG_9708_dummy10.jpg,6/1/2022,Guam-CNMI,AGU-558,MASTER,3482,2739,*EMA,jonathan.charendoff,2025-07-22 19:45:29+00:00
AGU-558_IMG_9708_dummy10.jpg,6/1/2022,Guam-CNMI,AGU-558,MASTER,3151,3221,*MOEN,jonathan.charendoff,2025-07-22 19:45:29+00:00
AGU-558_IMG_9708_dummy10.jpg,6/1/2022,Guam-CNMI,AGU-558,MASTER,2966,3277,*PESP,jonathan.charendoff,2022-06-29 01:29:39+00:00
AGU-558_IMG_9713_dummy10.jpg,6/1/2022,Guam-CNMI,AGU-558,MASTER,1438,3687,*CCAH,jonathan.charendoff,2022-06-26 18:49:58+00:00
AGU-558_IMG_9713_dummy10.jpg,6/1/2022,Guam-CNMI,AGU-558,MASTER,1618,847,*CCAH,jonathan.charendoff,2022-06-26 18:49:58+00:00
AGU-558_IMG_9713_dummy10.jpg,6/1/2022,Guam-CNMI,AGU-558,MASTER,1576,3645,*TURFH,jonathan.charendoff,2022-06-26 18:49:58+00:00
AGU-558_IMG_9713_dummy10.jpg,6/1/2022,Guam-CNMI,AGU-558,MASTER,1713,5293,*SHAD,jonathan.charendoff,2022-06-26 18:49:58+00:00
AGU-558_IMG_9713_dummy10.jpg,6/1/2022,Guam-CNMI,AGU-558,MASTER,2312,2882,*TURFH,jonathan.charendoff,2022-06-26 18:49:58+00:00
AGU-558_IMG_9713_dummy10.jpg,6/1/2022,Guam-CNMI,AGU-558,MASTER,2542,4803,*TURFH,jonathan.charendoff,2022-06-26 18:49:58+00:00
AGU-558_IMG_9713_dummy10.jpg,6/1/2022,Guam-CNMI,AGU-558,MASTER,2400,4438,*TURFH,jonathan.charendoff,2022-06-26 18:49:58+00:00
AGU-558_IMG_9713_dummy10.jpg,6/1/2022,Guam-CNMI,AGU-558,MASTER,2466,5277,*TURFH,jonathan.charendoff,2025-07-22 19:50:06+00:00
AGU-558_IMG_9713_dummy10.jpg,6/1/2022,Guam-CNMI,AGU-558,MASTER,3460,2082,*TURFH,jonathan.charendoff,2022-06-26 18:49:57+00:00
AGU-558_IMG_9713_dummy10.jpg,6/1/2022,Guam-CNMI,AGU-558,MASTER,2996,4034,*CYPS,jonathan.charendoff,2025-07-22 19:50:06+00:00
AGU-558_IMG_9720_dummy10.jpg,6/1/2022,Guam-CNMI,AGU-558,MASTER,241,1650,*TURFH,jonathan.charendoff,2025-07-22 19:50:57+00:00
AGU-558_IMG_9720_dummy10.jpg,6/1/2022,Guam-CNMI,AGU-558,MASTER,145,2933,*HALI,jonathan.charendoff,2022-06-26 18:38:23+00:00
AGU-558_IMG_9720_dummy10.jpg,6/1/2022,Guam-CNMI,AGU-558,MASTER,1202,1086,*CCAH,jonathan.charendoff,2022-06-26 18:38:23+00:00
AGU-558_IMG_9720_dummy10.jpg,6/1/2022,Guam-CNMI,AGU-558,MASTER,2182,708,*HALI,jonathan.charendoff,2025-07-22 19:50:57+00:00
AGU-558_IMG_9720_dummy10.jpg,6/1/2022,Guam-CNMI,AGU-558,MASTER,2067,672,*HALI,jonathan.charendoff,2025-07-22 19:50:56+00:00
AGU-558_IMG_9720_dummy10.jpg,6/1/2022,Guam-CNMI,AGU-558,MASTER,1881,4150,*HALI,jonathan.charendoff,2025-07-22 19:50:56+00:00
AGU-558_IMG_9720_dummy10.jpg,6/1/2022,Guam-CNMI,AGU-558,MASTER,1977,4158,*HALI,jonathan.charendoff,2025-07-22 19:50:56+00:00
AGU-558_IMG_9720_dummy10.jpg,6/1/2022,Guam-CNMI,AGU-558,MASTER,3287,2091,*HALI,jonathan.charendoff,2025-07-22 19:50:56+00:00
AGU-558_IMG_9720_dummy10.jpg,6/1/2022,Guam-CNMI,AGU-558,MASTER,3357,5382,*EMA,jonathan.charendoff,2025-07-22 19:50:56+00:00
AGU-558_IMG_9720_dummy10.jpg,6/1/2022,Guam-CNMI,AGU-558,MASTER,2994,5238,*HALI,jonathan.charendoff,2025-07-22 19:50:56+00:00
ASC-366_2017_A_11_dummy10.jpg,5/1/2017,Guam-CNMI,ASC-366,MASTER,485,2277,*TURFH,jonathan.charendoff,2022-06-26 18:54:15+00:00
ASC-366_2017_A_11_dummy10.jpg,5/1/2017,Guam-CNMI,ASC-366,MASTER,441,3110,*TURFH,jonathan.charendoff,2022-06-26 18:54:15+00:00
ASC-366_2017_A_11_dummy10.jpg,5/1/2017,Guam-CNMI,ASC-366,MASTER,440,3944,*CYPS,jonathan.charendoff,2022-06-26 18:54:15+00:00
ASC-366_2017_A_11_dummy10.jpg,5/1/2017,Guam-CNMI,ASC-366,MASTER,1125,609,*TURFH,jonathan.charendoff,2022-06-26 18:54:15+00:00
ASC-366_2017_A_11_dummy10.jpg,5/1/2017,Guam-CNMI,ASC-366,MASTER,990,787,*TURFH,jonathan.charendoff,2022-06-26 18:54:15+00:00
ASC-366_2017_A_11_dummy10.jpg,5/1/2017,Guam-CNMI,ASC-366,MASTER,1723,35,*ENC,jonathan.charendoff,2025-07-22 19:54:50+00:00
ASC-366_2017_A_11_dummy10.jpg,5/1/2017,Guam-CNMI,ASC-366,MASTER,1233,1339,*TURFH,jonathan.charendoff,2022-06-26 18:54:15+00:00
ASC-366_2017_A_11_dummy10.jpg,5/1/2017,Guam-CNMI,ASC-366,MASTER,1720,1274,*TURFH,jonathan.charendoff,2022-06-26 18:54:15+00:00
ASC-366_2017_A_11_dummy10.jpg,5/1/2017,Guam-CNMI,ASC-366,MASTER,2270,1726,*EMA,jonathan.charendoff,2025-07-22 19:54:49+00:00
ASC-366_2017_A_11_dummy10.jpg,5/1/2017,Guam-CNMI,ASC-366,MASTER,2987,2997,*CYPS,jonathan.charendoff,2025-07-22 19:54:56+00:00
ASC-369_2017_A_26_dummy10.jpg,5/1/2017,Guam-CNMI,ASC-369,MASTER,412,1343,*TURFH,jonathan.charendoff,2022-06-26 19:08:40+00:00
ASC-369_2017_A_26_dummy10.jpg,5/1/2017,Guam-CNMI,ASC-369,MASTER,245,4081,*SHAD,jonathan.charendoff,2025-07-22 19:55:47+00:00
ASC-369_2017_A_26_dummy10.jpg,5/1/2017,Guam-CNMI,ASC-369,MASTER,483,4774,*ASSP,jonathan.charendoff,2022-06-26 19:08:40+00:00
ASC-369_2017_A_26_dummy10.jpg,5/1/2017,Guam-CNMI,ASC-369,MASTER,218,5175,*ASSP,jonathan.charendoff,2022-06-26 19:08:40+00:00
ASC-369_2017_A_26_dummy10.jpg,5/1/2017,Guam-CNMI,ASC-369,MASTER,369,4943,*ASSP,jonathan.charendoff,2022-06-26 19:08:39+00:00
ASC-369_2017_A_26_dummy10.jpg,5/1/2017,Guam-CNMI,ASC-369,MASTER,1011,197,*TURFH,jonathan.charendoff,2022-06-26 19:08:39+00:00
ASC-369_2017_A_26_dummy10.jpg,5/1/2017,Guam-CNMI,ASC-369,MASTER,1820,3404,*PESP,jonathan.charendoff,2022-06-26 19:08:39+00:00
ASC-369_2017_A_26_dummy10.jpg,5/1/2017,Guam-CNMI,ASC-369,MASTER,2203,663,*TURFH,jonathan.charendoff,2022-06-26 19:08:39+00:00
ASC-369_2017_A_26_dummy10.jpg,5/1/2017,Guam-CNMI,ASC-369,MASTER,2413,3604,*EMA,jonathan.charendoff,2025-07-22 19:55:47+00:00
ASC-369_2017_A_26_dummy10.jpg,5/1/2017,Guam-CNMI,ASC-369,MASTER,2739,5357,*TURFH,jonathan.charendoff,2022-06-26 19:08:39+00:00
ASC-372_2017_A_10_dummy10.jpg,5/1/2017,Guam-CNMI,ASC-372,MASTER,1404,2031,*CCAH,jonathan.charendoff,2022-06-26 19:10:59+00:00
ASC-372_2017_A_10_dummy10.jpg,5/1/2017,Guam-CNMI,ASC-372,MASTER,2132,698,*GOAL,jonathan.charendoff,2022-06-26 19:10:59+00:00
ASC-372_2017_A_10_dummy10.jpg,5/1/2017,Guam-CNMI,ASC-372,MASTER,1904,2612,*EMA,jonathan.charendoff,2025-07-22 19:57:56+00:00
ASC-372_2017_A_10_dummy10.jpg,5/1/2017,Guam-CNMI,ASC-372,MASTER,2739,275,*GOAL,jonathan.charendoff,2022-06-26 19:10:59+00:00
ASC-372_2017_A_10_dummy10.jpg,5/1/2017,Guam-CNMI,ASC-372,MASTER,2489,2586,*CCAH,jonathan.charendoff,2025-07-22 19:57:55+00:00
ASC-372_2017_A_10_dummy10.jpg,5/1/2017,Guam-CNMI,ASC-372,MASTER,2344,3953,*CCAH,jonathan.charendoff,2022-06-26 19:10:59+00:00
ASC-372_2017_A_10_dummy10.jpg,5/1/2017,Guam-CNMI,ASC-372,MASTER,2715,5060,*TURFH,jonathan.charendoff,2025-07-22 19:57:55+00:00
ASC-372_2017_A_10_dummy10.jpg,5/1/2017,Guam-CNMI,ASC-372,MASTER,3182,1377,*CCAH,jonathan.charendoff,2022-06-26 19:10:59+00:00
ASC-372_2017_A_10_dummy10.jpg,5/1/2017,Guam-CNMI,ASC-372,MASTER,3165,4018,*TURFH,jonathan.charendoff,2022-06-26 19:10:59+00:00
ASC-372_2017_A_10_dummy10.jpg,5/1/2017,Guam-CNMI,ASC-372,MASTER,3224,5125,*PESP,jonathan.charendoff,2022-06-26 19:10:59+00:00
ASC-373_2017_A_29_dummy10.jpg,5/1/2017,Guam-CNMI,ASC-373,MASTER,44,1084,*EMA,jonathan.charendoff,2025-07-22 19:58:43+00:00
ASC-373_2017_A_29_dummy10.jpg,5/1/2017,Guam-CNMI,ASC-373,MASTER,762,855,*PESP,jonathan.charendoff,2022-06-26 19:22:55+00:00
ASC-373_2017_A_29_dummy10.jpg,5/1/2017,Guam-CNMI,ASC-373,MASTER,779,1028,*EMA,jonathan.charendoff,2025-07-22 19:58:43+00:00
ASC-373_2017_A_29_dummy10.jpg,5/1/2017,Guam-CNMI,ASC-373,MASTER,753,1084,*EMA,jonathan.charendoff,2025-07-22 19:58:43+00:00
ASC-373_2017_A_29_dummy10.jpg,5/1/2017,Guam-CNMI,ASC-373,MASTER,691,1421,*TURFH,jonathan.charendoff,2022-06-26 19:22:55+00:00
ASC-373_2017_A_29_dummy10.jpg,5/1/2017,Guam-CNMI,ASC-373,MASTER,1090,410,*TURFH,jonathan.charendoff,2022-06-26 19:22:55+00:00
ASC-373_2017_A_29_dummy10.jpg,5/1/2017,Guam-CNMI,ASC-373,MASTER,989,1747,*POMA,jonathan.charendoff,2022-07-02 00:48:59+00:00
ASC-373_2017_A_29_dummy10.jpg,5/1/2017,Guam-CNMI,ASC-373,MASTER,1262,341,*EMA,jonathan.charendoff,2025-07-22 19:58:43+00:00
ASC-373_2017_A_29_dummy10.jpg,5/1/2017,Guam-CNMI,ASC-373,MASTER,1506,828,*PESP,jonathan.charendoff,2022-06-26 19:22:55+00:00
ASC-373_2017_A_29_dummy10.jpg,5/1/2017,Guam-CNMI,ASC-373,MASTER,1490,465,*HALI,jonathan.charendoff,2022-06-26 19:22:55+00:00
ASC-377_2017_A_27_dummy10.jpg,5/1/2017,Guam-CNMI,ASC-377,MASTER,216,814,*PESP,jonathan.charendoff,2022-06-26 19:21:12+00:00
ASC-377_2017_A_27_dummy10.jpg,5/1/2017,Guam-CNMI,ASC-377,MASTER,931,310,*EMA,jonathan.charendoff,2025-07-22 20:00:56+00:00
ASC-377_2017_A_27_dummy10.jpg,5/1/2017,Guam-CNMI,ASC-377,MASTER,1150,2534,*CCAH,jonathan.charendoff,2022-06-26 19:21:12+00:00
ASC-377_2017_A_27_dummy10.jpg,5/1/2017,Guam-CNMI,ASC-377,MASTER,732,2683,*TURFH,jonathan.charendoff,2022-06-26 19:21:12+00:00
ASC-377_2017_A_27_dummy10.jpg,5/1/2017,Guam-CNMI,ASC-377,MASTER,1776,405,*EMA,jonathan.charendoff,2025-07-22 20:00:56+00:00
ASC-377_2017_A_27_dummy10.jpg,5/1/2017,Guam-CNMI,ASC-377,MASTER,2017,417,*EMA,jonathan.charendoff,2025-07-22 20:00:56+00:00
ASC-377_2017_A_27_dummy10.jpg,5/1/2017,Guam-CNMI,ASC-377,MASTER,2071,1441,*HALI,jonathan.charendoff,2025-07-22 20:00:56+00:00
ASC-377_2017_A_27_dummy10.jpg,5/1/2017,Guam-CNMI,ASC-377,MASTER,1907,4770,*PESP,jonathan.charendoff,2022-06-26 19:21:12+00:00
ASC-377_2017_A_27_dummy10.jpg,5/1/2017,Guam-CNMI,ASC-377,MASTER,2675,1639,*TURFH,jonathan.charendoff,2022-06-26 19:21:12+00:00
ASC-377_2017_A_27_dummy10.jpg,5/1/2017,Guam-CNMI,ASC-377,MASTER,3050,1120,*PESP,jonathan.charendoff,2022-06-26 19:21:12+00:00
ASC-379_2017_A_04_dummy10.jpg,5/1/2017,Guam-CNMI,ASC-379,MASTER,193,701,*ECHP,jonathan.charendoff,2022-06-29 00:50:00+00:00
ASC-379_2017_A_04_dummy10.jpg,5/1/2017,Guam-CNMI,ASC-379,MASTER,441,4624,*FASP,jonathan.charendoff,2022-06-26 19:18:53+00:00
ASC-379_2017_A_04_dummy10.jpg,5/1/2017,Guam-CNMI,ASC-379,MASTER,1104,3769,*ACBR,jonathan.charendoff,2022-06-26 19:18:53+00:00
ASC-379_2017_A_04_dummy10.jpg,5/1/2017,Guam-CNMI,ASC-379,MASTER,833,5110,*TURFH,jonathan.charendoff,2022-06-26 19:18:53+00:00
ASC-379_2017_A_04_dummy10.jpg,5/1/2017,Guam-CNMI,ASC-379,MASTER,2425,2656,*EMA,jonathan.charendoff,2025-07-22 20:02:11+00:00
ASC-379_2017_A_04_dummy10.jpg,5/1/2017,Guam-CNMI,ASC-379,MASTER,2654,4006,*EMA,jonathan.charendoff,2025-07-22 20:02:11+00:00
ASC-379_2017_A_04_dummy10.jpg,5/1/2017,Guam-CNMI,ASC-379,MASTER,2199,5403,*TURFH,jonathan.charendoff,2022-06-26 19:18:53+00:00
ASC-379_2017_A_04_dummy10.jpg,5/1/2017,Guam-CNMI,ASC-379,MASTER,3076,2841,*ECHP,jonathan.charendoff,2022-06-29 00:50:00+00:00
ASC-379_2017_A_04_dummy10.jpg,5/1/2017,Guam-CNMI,ASC-379,MASTER,3069,2961,*ECHP,jonathan.charendoff,2022-06-29 00:50:00+00:00
ASC-379_2017_A_04_dummy10.jpg,5/1/2017,Guam-CNMI,ASC-379,MASTER,3033,3589,*TURFH,jonathan.charendoff,2022-06-26 19:18:53+00:00
ASC-380_2017_A_02_dummy10.jpg,5/1/2017,Guam-CNMI,ASC-380,MASTER,23,417,*POMA,jonathan.charendoff,2022-06-26 19:17:44+00:00
ASC-380_2017_A_02_dummy10.jpg,5/1/2017,Guam-CNMI,ASC-380,MASTER,101,522,*POEN,jonathan.charendoff,2022-06-26 19:17:44+00:00
ASC-380_2017_A_02_dummy10.jpg,5/1/2017,Guam-CNMI,ASC-380,MASTER,461,643,*CAUL,jonathan.charendoff,2025-07-22 20:05:46+00:00
ASC-380_2017_A_02_dummy10.jpg,5/1/2017,Guam-CNMI,ASC-380,MASTER,731,1211,*TURFH,jonathan.charendoff,2022-07-01 22:31:15+00:00
ASC-380_2017_A_02_dummy10.jpg,5/1/2017,Guam-CNMI,ASC-380,MASTER,857,1551,*OCTO,jonathan.charendoff,2025-07-22 20:05:46+00:00
ASC-380_2017_A_02_dummy10.jpg,5/1/2017,Guam-CNMI,ASC-380,MASTER,692,1428,*TURFH,jonathan.charendoff,2022-06-26 19:17:44+00:00
ASC-380_2017_A_02_dummy10.jpg,5/1/2017,Guam-CNMI,ASC-380,MASTER,1094,765,*TURFH,jonathan.charendoff,2022-06-26 19:17:44+00:00
ASC-380_2017_A_02_dummy10.jpg,5/1/2017,Guam-CNMI,ASC-380,MASTER,1134,620,*TURFH,jonathan.charendoff,2022-06-26 19:17:44+00:00
ASC-380_2017_A_02_dummy10.jpg,5/1/2017,Guam-CNMI,ASC-380,MASTER,1389,725,*TURFH,jonathan.charendoff,2022-06-26 19:17:44+00:00
ASC-380_2017_A_02_dummy10.jpg,5/1/2017,Guam-CNMI,ASC-380,MASTER,1330,1491,*TURFH,jonathan.charendoff,2022-06-26 19:17:44+00:00
ASC-385_2017_A_12_dummy10.jpg,5/1/2017,Guam-CNMI,ASC-385,MASTER,656,745,*CCAH,jonathan.charendoff,2022-06-26 19:14:15+00:00
ASC-385_2017_A_12_dummy10.jpg,5/1/2017,Guam-CNMI,ASC-385,MASTER,147,4869,*SHAD,jonathan.charendoff,2025-07-22 20:07:18+00:00
ASC-385_2017_A_12_dummy10.jpg,5/1/2017,Guam-CNMI,ASC-385,MASTER,1279,344,*SHAD,jonathan.charendoff,2022-06-26 19:14:15+00:00
ASC-385_2017_A_12_dummy10.jpg,5/1/2017,Guam-CNMI,ASC-385,MASTER,1792,1977,*TURFH,jonathan.charendoff,2025-07-22 20:07:17+00:00
ASC-385_2017_A_12_dummy10.jpg,5/1/2017,Guam-CNMI,ASC-385,MASTER,1905,3229,*TURFH,jonathan.charendoff,2025-07-22 20:07:17+00:00
ASC-385_2017_A_12_dummy10.jpg,5/1/2017,Guam-CNMI,ASC-385,MASTER,2841,3959,*EMA,jonathan.charendoff,2025-07-22 20:07:17+00:00
ASC-385_2017_A_12_dummy10.jpg,5/1/2017,Guam-CNMI,ASC-385,MASTER,2485,5067,*PESP,jonathan.charendoff,2022-06-26 19:14:15+00:00
ASC-385_2017_A_12_dummy10.jpg,5/1/2017,Guam-CNMI,ASC-385,MASTER,2784,4438,*PESP,jonathan.charendoff,2022-06-26 19:14:15+00:00
ASC-385_2017_A_12_dummy10.jpg,5/1/2017,Guam-CNMI,ASC-385,MASTER,3031,925,*EMA,jonathan.charendoff,2025-07-22 20:07:17+00:00
ASC-385_2017_A_12_dummy10.jpg,5/1/2017,Guam-CNMI,ASC-385,MASTER,3256,4943,*PESP,jonathan.charendoff,2022-06-26 19:14:15+00:00
ASC-386_2017_A_25_dummy10.jpg,5/1/2017,Guam-CNMI,ASC-386,MASTER,366,3220,*POMA,jonathan.charendoff,2022-06-26 19:33:17+00:00
ASC-386_2017_A_25_dummy10.jpg,5/1/2017,Guam-CNMI,ASC-386,MASTER,206,4957,*HCOE,jonathan.charendoff,2022-06-26 19:33:17+00:00
ASC-386_2017_A_25_dummy10.jpg,5/1/2017,Guam-CNMI,ASC-386,MASTER,784,2443,*POMA,jonathan.charendoff,2025-07-22 20:09:11+00:00
ASC-386_2017_A_25_dummy10.jpg,5/1/2017,Guam-CNMI,ASC-386,MASTER,1317,2831,*HARD,jonathan.charendoff,2022-06-26 19:33:17+00:00
ASC-386_2017_A_25_dummy10.jpg,5/1/2017,Guam-CNMI,ASC-386,MASTER,1046,4724,*TURFH,jonathan.charendoff,2022-06-26 19:33:17+00:00
ASC-386_2017_A_25_dummy10.jpg,5/1/2017,Guam-CNMI,ASC-386,MASTER,859,5247,*HCOE,jonathan.charendoff,2022-06-26 19:33:17+00:00
ASC-386_2017_A_25_dummy10.jpg,5/1/2017,Guam-CNMI,ASC-386,MASTER,774,4545,*SHAD,jonathan.charendoff,2025-07-22 20:09:11+00:00
ASC-386_2017_A_25_dummy10.jpg,5/1/2017,Guam-CNMI,ASC-386,MASTER,2110,1164,*FAVS,jonathan.charendoff,2025-07-22 20:09:11+00:00
ASC-386_2017_A_25_dummy10.jpg,5/1/2017,Guam-CNMI,ASC-386,MASTER,1886,3402,*HCOE,jonathan.charendoff,2022-06-26 19:33:17+00:00
ASC-386_2017_A_25_dummy10.jpg,5/1/2017,Guam-CNMI,ASC-386,MASTER,3220,2577,*POMA,jonathan.charendoff,2025-07-22 20:09:11+00:00
ASC-388_2017_A_01_dummy10.jpg,5/1/2017,Guam-CNMI,ASC-388,MASTER,651,488,*ASSP,jonathan.charendoff,2022-06-26 19:34:09+00:00
ASC-388_2017_A_01_dummy10.jpg,5/1/2017,Guam-CNMI,ASC-388,MASTER,903,2281,*LEPT,jonathan.charendoff,2022-06-26 19:34:09+00:00
ASC-388_2017_A_01_dummy10.jpg,5/1/2017,Guam-CNMI,ASC-388,MASTER,1608,4728,*TURFH,jonathan.charendoff,2022-06-26 19:34:09+00:00
ASC-388_2017_A_01_dummy10.jpg,5/1/2017,Guam-CNMI,ASC-388,MASTER,1873,4924,*TURFH,jonathan.charendoff,2022-06-26 19:34:09+00:00
ASC-388_2017_A_01_dummy10.jpg,5/1/2017,Guam-CNMI,ASC-388,MASTER,2561,338,*PAEN,jonathan.charendoff,2022-06-26 19:34:09+00:00
ASC-388_2017_A_01_dummy10.jpg,5/1/2017,Guam-CNMI,ASC-388,MASTER,2480,2667,*BGMA,jonathan.charendoff,2025-07-22 20:18:23+00:00
ASC-388_2017_A_01_dummy10.jpg,5/1/2017,Guam-CNMI,ASC-388,MASTER,2886,4241,*TURFH,jonathan.charendoff,2022-06-26 19:34:09+00:00
ASC-388_2017_A_01_dummy10.jpg,5/1/2017,Guam-CNMI,ASC-388,MASTER,2638,3303,*BGMA,jonathan.charendoff,2025-07-22 20:18:23+00:00
ASC-388_2017_A_01_dummy10.jpg,5/1/2017,Guam-CNMI,ASC-388,MASTER,3467,310,*TURFH,jonathan.charendoff,2022-06-26 19:34:09+00:00
ASC-388_2017_A_01_dummy10.jpg,5/1/2017,Guam-CNMI,ASC-388,MASTER,3057,871,*CAUL,jonathan.charendoff,2022-07-01 19:00:50+00:00
ASC-392_2017_A_21_dummy10.jpg,5/1/2017,Guam-CNMI,ASC-392,MASTER,116,319,*HALI,jonathan.charendoff,2025-07-22 20:20:33+00:00
ASC-392_2017_A_21_dummy10.jpg,5/1/2017,Guam-CNMI,ASC-392,MASTER,32,1549,*OCTO,jonathan.charendoff,2025-07-22 20:20:33+00:00
ASC-392_2017_A_21_dummy10.jpg,5/1/2017,Guam-CNMI,ASC-392,MASTER,423,840,*TUN,jonathan.charendoff,2025-07-22 20:20:33+00:00
ASC-392_2017_A_21_dummy10.jpg,5/1/2017,Guam-CNMI,ASC-392,MASTER,804,438,*STYS,jonathan.charendoff,2022-06-26 19:38:33+00:00
ASC-392_2017_A_21_dummy10.jpg,5/1/2017,Guam-CNMI,ASC-392,MASTER,906,1354,*TURFH,jonathan.charendoff,2022-06-26 19:38:33+00:00
ASC-392_2017_A_21_dummy10.jpg,5/1/2017,Guam-CNMI,ASC-392,MASTER,740,2080,*HALI,jonathan.charendoff,2025-07-22 20:20:33+00:00
ASC-392_2017_A_21_dummy10.jpg,5/1/2017,Guam-CNMI,ASC-392,MASTER,1007,1647,*TURFH,jonathan.charendoff,2022-06-26 19:38:33+00:00
ASC-392_2017_A_21_dummy10.jpg,5/1/2017,Guam-CNMI,ASC-392,MASTER,1101,1447,*TURFH,jonathan.charendoff,2022-06-26 19:38:33+00:00
ASC-392_2017_A_21_dummy10.jpg,5/1/2017,Guam-CNMI,ASC-392,MASTER,1346,273,*CCAH,jonathan.charendoff,2022-06-26 19:38:33+00:00
ASC-392_2017_A_21_dummy10.jpg,5/1/2017,Guam-CNMI,ASC-392,MASTER,1508,2128,*SHAD,jonathan.charendoff,2025-07-22 20:20:33+00:00
ASC-394_2017_A_27_dummy10.jpg,5/1/2017,Guam-CNMI,ASC-394,MASTER,393,672,*HALI,jonathan.charendoff,2025-07-22 20:21:14+00:00
ASC-394_2017_A_27_dummy10.jpg,5/1/2017,Guam-CNMI,ASC-394,MASTER,505,2778,*TURFH,jonathan.charendoff,2022-06-26 19:39:46+00:00
ASC-394_2017_A_27_dummy10.jpg,5/1/2017,Guam-CNMI,ASC-394,MASTER,1174,3194,*SHAD,jonathan.charendoff,2025-07-22 20:21:14+00:00
ASC-394_2017_A_27_dummy10.jpg,5/1/2017,Guam-CNMI,ASC-394,MASTER,1214,3319,*PESP,jonathan.charendoff,2022-06-26 19:39:46+00:00
ASC-394_2017_A_27_dummy10.jpg,5/1/2017,Guam-CNMI,ASC-394,MASTER,1388,3877,*PESP,jonathan.charendoff,2025-07-22 20:21:14+00:00
ASC-394_2017_A_27_dummy10.jpg,5/1/2017,Guam-CNMI,ASC-394,MASTER,2035,352,*TURFH,jonathan.charendoff,2022-06-26 19:39:46+00:00
ASC-394_2017_A_27_dummy10.jpg,5/1/2017,Guam-CNMI,ASC-394,MASTER,1868,2205,*TURFH,jonathan.charendoff,2022-07-01 23:04:01+00:00
ASC-394_2017_A_27_dummy10.jpg,5/1/2017,Guam-CNMI,ASC-394,MASTER,1482,2526,*TURFH,jonathan.charendoff,2022-06-26 19:39:46+00:00
ASC-394_2017_A_27_dummy10.jpg,5/1/2017,Guam-CNMI,ASC-394,MASTER,2565,2215,*HALI,jonathan.charendoff,2025-07-22 20:21:14+00:00
ASC-394_2017_A_27_dummy10.jpg,5/1/2017,Guam-CNMI,ASC-394,MASTER,3590,4664,*POMA,jonathan.charendoff,2022-06-26 19:39:46+00:00
ASC-401_2017_A_15_dummy10.jpg,5/1/2017,Guam-CNMI,ASC-401,MASTER,24,2384,*CCAH,jonathan.charendoff,2022-06-26 19:41:52+00:00
ASC-401_2017_A_15_dummy10.jpg,5/1/2017,Guam-CNMI,ASC-401,MASTER,345,2517,*POCS,jonathan.charendoff,2022-07-02 00:41:36+00:00
ASC-401_2017_A_15_dummy10.jpg,5/1/2017,Guam-CNMI,ASC-401,MASTER,312,3516,*TURFH,jonathan.charendoff,2022-06-26 19:41:52+00:00
ASC-401_2017_A_15_dummy10.jpg,5/1/2017,Guam-CNMI,ASC-401,MASTER,882,3138,*SAND,jonathan.charendoff,2025-07-22 20:23:03+00:00
ASC-401_2017_A_15_dummy10.jpg,5/1/2017,Guam-CNMI,ASC-401,MASTER,1407,1466,*TUN,jonathan.charendoff,2025-07-22 20:23:03+00:00
ASC-401_2017_A_15_dummy10.jpg,5/1/2017,Guam-CNMI,ASC-401,MASTER,1385,3093,*FASP,jonathan.charendoff,2022-06-26 19:41:52+00:00
ASC-401_2017_A_15_dummy10.jpg,5/1/2017,Guam-CNMI,ASC-401,MASTER,1489,3239,*FASP,jonathan.charendoff,2022-06-26 19:41:52+00:00
ASC-401_2017_A_15_dummy10.jpg,5/1/2017,Guam-CNMI,ASC-401,MASTER,1828,2818,*GONS,jonathan.charendoff,2022-06-26 19:41:52+00:00
ASC-401_2017_A_15_dummy10.jpg,5/1/2017,Guam-CNMI,ASC-401,MASTER,2238,3952,*SAND,jonathan.charendoff,2022-06-26 19:41:52+00:00
ASC-401_2017_A_15_dummy10.jpg,5/1/2017,Guam-CNMI,ASC-401,MASTER,2179,3396,*SAND,jonathan.charendoff,2022-06-26 19:41:52+00:00
FDP-251_2017_A_24_dummy10.jpg,5/1/2017,Guam-CNMI,FDP-251,MASTER,504,2180,*TURFH,jonathan.charendoff,2022-06-26 19:44:58+00:00
FDP-251_2017_A_24_dummy10.jpg,5/1/2017,Guam-CNMI,FDP-251,MASTER,965,851,*TURFR,jonathan.charendoff,2025-07-22 20:24:55+00:00
FDP-251_2017_A_24_dummy10.jpg,5/1/2017,Guam-CNMI,FDP-251,MASTER,1370,1483,*TURFH,jonathan.charendoff,2022-06-26 19:44:58+00:00
FDP-251_2017_A_24_dummy10.jpg,5/1/2017,Guam-CNMI,FDP-251,MASTER,1626,1715,*EMA,jonathan.charendoff,2025-07-22 20:24:55+00:00
FDP-251_2017_A_24_dummy10.jpg,5/1/2017,Guam-CNMI,FDP-251,MASTER,1256,2992,*POCS,jonathan.charendoff,2022-06-26 19:44:58+00:00
FDP-251_2017_A_24_dummy10.jpg,5/1/2017,Guam-CNMI,FDP-251,MASTER,1229,3120,*TURFR,jonathan.charendoff,2025-07-22 20:24:55+00:00
FDP-251_2017_A_24_dummy10.jpg,5/1/2017,Guam-CNMI,FDP-251,MASTER,1241,3920,*TURFR,jonathan.charendoff,2025-07-22 20:24:55+00:00
FDP-251_2017_A_24_dummy10.jpg,5/1/2017,Guam-CNMI,FDP-251,MASTER,2033,4,*POCS,jonathan.charendoff,2022-06-26 19:44:58+00:00
FDP-251_2017_A_24_dummy10.jpg,5/1/2017,Guam-CNMI,FDP-251,MASTER,2325,3306,*POCS,jonathan.charendoff,2022-06-26 19:44:58+00:00
FDP-251_2017_A_24_dummy10.jpg,5/1/2017,Guam-CNMI,FDP-251,MASTER,2345,3848,*SAND,jonathan.charendoff,2025-07-22 20:24:55+00:00
FDP-254_2017_A_16_dummy10.jpg,5/1/2017,Guam-CNMI,FDP-254,MASTER,249,917,*CCAH,jonathan.charendoff,2022-06-26 19:46:10+00:00
FDP-254_2017_A_16_dummy10.jpg,5/1/2017,Guam-CNMI,FDP-254,MASTER,480,2142,*CCAH,jonathan.charendoff,2022-06-26 19:46:10+00:00
FDP-254_2017_A_16_dummy10.jpg,5/1/2017,Guam-CNMI,FDP-254,MASTER,486,4978,*POCS,jonathan.charendoff,2022-06-26 19:46:10+00:00
FDP-254_2017_A_16_dummy10.jpg,5/1/2017,Guam-CNMI,FDP-254,MASTER,1099,488,*TURFH,jonathan.charendoff,2022-06-26 19:46:10+00:00
FDP-254_2017_A_16_dummy10.jpg,5/1/2017,Guam-CNMI,FDP-254,MASTER,788,2832,*TURFH,jonathan.charendoff,2022-06-26 19:46:10+00:00
FDP-254_2017_A_16_dummy10.jpg,5/1/2017,Guam-CNMI,FDP-254,MASTER,1346,4127,*HALI,jonathan.charendoff,2022-06-26 19:46:10+00:00
FDP-254_2017_A_16_dummy10.jpg,5/1/2017,Guam-CNMI,FDP-254,MASTER,1836,4319,*CCAH,jonathan.charendoff,2022-06-26 19:46:10+00:00
FDP-254_2017_A_16_dummy10.jpg,5/1/2017,Guam-CNMI,FDP-254,MASTER,2508,759,*POCS,jonathan.charendoff,2022-06-26 19:46:10+00:00
FDP-254_2017_A_16_dummy10.jpg,5/1/2017,Guam-CNMI,FDP-254,MASTER,2388,3037,*SP,jonathan.charendoff,2022-06-26 19:46:10+00:00
FDP-254_2017_A_16_dummy10.jpg,5/1/2017,Guam-CNMI,FDP-254,MASTER,3411,3678,*CCAH,jonathan.charendoff,2025-07-22 20:26:15+00:00
FDP-282_2017_A_16_dummy10.jpg,5/1/2017,Guam-CNMI,FDP-282,MASTER,218,1710,*TURFH,jonathan.charendoff,2025-07-22 20:28:04+00:00
FDP-282_2017_A_16_dummy10.jpg,5/1/2017,Guam-CNMI,FDP-282,MASTER,728,1598,*TURFH,jonathan.charendoff,2022-06-26 19:47:44+00:00
FDP-282_2017_A_16_dummy10.jpg,5/1/2017,Guam-CNMI,FDP-282,MASTER,1092,3619,*TURFH,jonathan.charendoff,2025-07-22 20:28:04+00:00
FDP-282_2017_A_16_dummy10.jpg,5/1/2017,Guam-CNMI,FDP-282,MASTER,1704,2257,*TURFH,jonathan.charendoff,2025-07-22 20:28:03+00:00
FDP-282_2017_A_16_dummy10.jpg,5/1/2017,Guam-CNMI,FDP-282,MASTER,1238,3385,*TURFH,jonathan.charendoff,2022-06-26 19:47:44+00:00
FDP-282_2017_A_16_dummy10.jpg,5/1/2017,Guam-CNMI,FDP-282,MASTER,2064,1369,*TURFH,jonathan.charendoff,2025-07-22 20:28:03+00:00
FDP-282_2017_A_16_dummy10.jpg,5/1/2017,Guam-CNMI,FDP-282,MASTER,2154,1379,*TURFH,jonathan.charendoff,2022-06-26 19:47:44+00:00
FDP-282_2017_A_16_dummy10.jpg,5/1/2017,Guam-CNMI,FDP-282,MASTER,1938,2985,*TURFH,jonathan.charendoff,2022-06-26 19:47:44+00:00
FDP-282_2017_A_16_dummy10.jpg,5/1/2017,Guam-CNMI,FDP-282,MASTER,2563,1782,*CCAH,jonathan.charendoff,2022-06-26 19:47:44+00:00
FDP-282_2017_A_16_dummy10.jpg,5/1/2017,Guam-CNMI,FDP-282,MASTER,2829,2732,*TURFH,jonathan.charendoff,2025-07-22 20:28:03+00:00
GUA-2662_IMG_2505_dummy10.jpg,6/1/2022,Guam-CNMI,GUA-2662,MASTER,137,1112,*TURFH,jonathan.charendoff,2022-06-26 19:49:25+00:00
GUA-2662_IMG_2505_dummy10.jpg,6/1/2022,Guam-CNMI,GUA-2662,MASTER,1464,2151,*TURFH,jonathan.charendoff,2022-06-26 19:49:25+00:00
GUA-2662_IMG_2505_dummy10.jpg,6/1/2022,Guam-CNMI,GUA-2662,MASTER,1312,2497,*TURFH,jonathan.charendoff,2022-06-26 19:49:25+00:00
GUA-2662_IMG_2505_dummy10.jpg,6/1/2022,Guam-CNMI,GUA-2662,MASTER,1752,3539,*CCAH,jonathan.charendoff,2022-06-26 19:49:25+00:00
GUA-2662_IMG_2505_dummy10.jpg,6/1/2022,Guam-CNMI,GUA-2662,MASTER,3071,1402,*ASTS,jonathan.charendoff,2022-06-26 19:49:25+00:00
GUA-2662_IMG_2505_dummy10.jpg,6/1/2022,Guam-CNMI,GUA-2662,MASTER,3276,1686,*TURFH,jonathan.charendoff,2022-07-01 23:27:25+00:00
GUA-2662_IMG_2505_dummy10.jpg,6/1/2022,Guam-CNMI,GUA-2662,MASTER,4292,360,*TURFH,jonathan.charendoff,2025-07-22 20:32:41+00:00
GUA-2662_IMG_2505_dummy10.jpg,6/1/2022,Guam-CNMI,GUA-2662,MASTER,4163,3080,*EMA,jonathan.charendoff,2025-07-22 20:32:41+00:00
GUA-2662_IMG_2505_dummy10.jpg,6/1/2022,Guam-CNMI,GUA-2662,MASTER,4921,604,*HALI,jonathan.charendoff,2025-07-22 20:32:41+00:00
GUA-2662_IMG_2505_dummy10.jpg,6/1/2022,Guam-CNMI,GUA-2662,MASTER,4523,3072,*TURFH,jonathan.charendoff,2025-07-22 20:32:41+00:00
GUA-2662_IMG_2515_dummy10.jpg,6/1/2022,Guam-CNMI,GUA-2662,MASTER,736,1031,*POCS,jonathan.charendoff,2022-06-26 19:50:46+00:00
GUA-2662_IMG_2515_dummy10.jpg,6/1/2022,Guam-CNMI,GUA-2662,MASTER,131,2078,*HALI,jonathan.charendoff,2022-06-26 19:50:46+00:00
GUA-2662_IMG_2515_dummy10.jpg,6/1/2022,Guam-CNMI,GUA-2662,MASTER,152,1625,*TURFH,jonathan.charendoff,2022-06-26 19:50:46+00:00
GUA-2662_IMG_2515_dummy10.jpg,6/1/2022,Guam-CNMI,GUA-2662,MASTER,3261,1453,*TURFH,jonathan.charendoff,2022-06-26 19:50:46+00:00
GUA-2662_IMG_2515_dummy10.jpg,6/1/2022,Guam-CNMI,GUA-2662,MASTER,3274,3133,*TURFH,jonathan.charendoff,2022-06-26 19:50:46+00:00
GUA-2662_IMG_2515_dummy10.jpg,6/1/2022,Guam-CNMI,GUA-2662,MASTER,3335,369,*POEN,jonathan.charendoff,2022-06-26 19:50:46+00:00
GUA-2662_IMG_2515_dummy10.jpg,6/1/2022,Guam-CNMI,GUA-2662,MASTER,4262,3366,*TURFH,jonathan.charendoff,2025-07-22 20:34:03+00:00
GUA-2662_IMG_2515_dummy10.jpg,6/1/2022,Guam-CNMI,GUA-2662,MASTER,3634,3195,*TURFH,jonathan.charendoff,2025-07-22 20:34:03+00:00
GUA-2662_IMG_2515_dummy10.jpg,6/1/2022,Guam-CNMI,GUA-2662,MASTER,4266,3502,*PESP,jonathan.charendoff,2022-06-26 19:50:46+00:00
GUA-2662_IMG_2515_dummy10.jpg,6/1/2022,Guam-CNMI,GUA-2662,MASTER,4739,1843,*TURFH,jonathan.charendoff,2022-06-26 19:50:46+00:00
GUA-2677_IMG_9574_dummy10.jpg,6/1/2022,Guam-CNMI,GUA-2677,MASTER,543,108,*PESP,jonathan.charendoff,2022-06-26 19:56:22+00:00
GUA-2677_IMG_9574_dummy10.jpg,6/1/2022,Guam-CNMI,GUA-2677,MASTER,108,859,*ASTS,jonathan.charendoff,2025-07-22 20:37:08+00:00
GUA-2677_IMG_9574_dummy10.jpg,6/1/2022,Guam-CNMI,GUA-2677,MASTER,623,3297,*CCAH,jonathan.charendoff,2022-06-26 19:56:22+00:00
GUA-2677_IMG_9574_dummy10.jpg,6/1/2022,Guam-CNMI,GUA-2677,MASTER,451,3637,*CCAH,jonathan.charendoff,2022-06-26 19:56:22+00:00
GUA-2677_IMG_9574_dummy10.jpg,6/1/2022,Guam-CNMI,GUA-2677,MASTER,1404,3641,*PHSP,jonathan.charendoff,2022-06-26 19:56:22+00:00
GUA-2677_IMG_9574_dummy10.jpg,6/1/2022,Guam-CNMI,GUA-2677,MASTER,2732,548,*CCAH,jonathan.charendoff,2022-06-26 19:56:22+00:00
GUA-2677_IMG_9574_dummy10.jpg,6/1/2022,Guam-CNMI,GUA-2677,MASTER,2692,1139,*TURFH,jonathan.charendoff,2022-06-26 19:56:22+00:00
GUA-2677_IMG_9574_dummy10.jpg,6/1/2022,Guam-CNMI,GUA-2677,MASTER,2800,2327,*CCAH,jonathan.charendoff,2022-06-26 19:56:22+00:00
GUA-2677_IMG_9574_dummy10.jpg,6/1/2022,Guam-CNMI,GUA-2677,MASTER,2411,2487,*TURFH,jonathan.charendoff,2025-07-22 20:37:08+00:00
GUA-2677_IMG_9574_dummy10.jpg,6/1/2022,Guam-CNMI,GUA-2677,MASTER,4162,2654,*CCAH,jonathan.charendoff,2022-06-26 19:56:22+00:00
GUA-2684_IMG_0688_dummy10.jpg,6/1/2022,Guam-CNMI,GUA-2684,MASTER,468,1380,*PAMA,jonathan.charendoff,2025-07-22 20:41:36+00:00
GUA-2684_IMG_0688_dummy10.jpg,6/1/2022,Guam-CNMI,GUA-2684,MASTER,9,4335,*HALI,jonathan.charendoff,2025-07-22 20:41:36+00:00
GUA-2684_IMG_0688_dummy10.jpg,6/1/2022,Guam-CNMI,GUA-2684,MASTER,1368,95,*HALI,jonathan.charendoff,2025-07-22 20:41:36+00:00
GUA-2684_IMG_0688_dummy10.jpg,6/1/2022,Guam-CNMI,GUA-2684,MASTER,1225,486,*CCAH,jonathan.charendoff,2022-06-26 19:54:44+00:00
GUA-2684_IMG_0688_dummy10.jpg,6/1/2022,Guam-CNMI,GUA-2684,MASTER,2235,1391,*SHAD,jonathan.charendoff,2025-07-22 20:41:36+00:00
GUA-2684_IMG_0688_dummy10.jpg,6/1/2022,Guam-CNMI,GUA-2684,MASTER,2410,1201,*SHAD,jonathan.charendoff,2022-06-26 19:54:44+00:00
GUA-2684_IMG_0688_dummy10.jpg,6/1/2022,Guam-CNMI,GUA-2684,MASTER,2459,1499,*ACBR,jonathan.charendoff,2022-06-26 19:54:44+00:00
GUA-2684_IMG_0688_dummy10.jpg,6/1/2022,Guam-CNMI,GUA-2684,MASTER,3596,744,*TURFH,jonathan.charendoff,2022-06-26 19:54:44+00:00
GUA-2684_IMG_0688_dummy10.jpg,6/1/2022,Guam-CNMI,GUA-2684,MASTER,3452,1963,*CCAH,jonathan.charendoff,2022-06-26 19:54:44+00:00
GUA-2684_IMG_0688_dummy10.jpg,6/1/2022,Guam-CNMI,GUA-2684,MASTER,3134,1516,*CCAH,jonathan.charendoff,2025-07-22 20:41:36+00:00
GUA-2696_IMG_2566_dummy10.jpg,6/1/2022,Guam-CNMI,GUA-2696,MASTER,43,222,*TURFH,jonathan.charendoff,2022-06-26 19:53:13+00:00
GUA-2696_IMG_2566_dummy10.jpg,6/1/2022,Guam-CNMI,GUA-2696,MASTER,87,802,*TURFH,jonathan.charendoff,2022-07-01 23:07:25+00:00
GUA-2696_IMG_2566_dummy10.jpg,6/1/2022,Guam-CNMI,GUA-2696,MASTER,25,2244,*SHAD,jonathan.charendoff,2022-07-01 22:38:00+00:00
GUA-2696_IMG_2566_dummy10.jpg,6/1/2022,Guam-CNMI,GUA-2696,MASTER,1794,1339,*TURFH,jonathan.charendoff,2025-07-22 20:42:48+00:00
GUA-2696_IMG_2566_dummy10.jpg,6/1/2022,Guam-CNMI,GUA-2696,MASTER,1391,1141,*TURFH,jonathan.charendoff,2022-06-26 19:53:13+00:00
GUA-2696_IMG_2566_dummy10.jpg,6/1/2022,Guam-CNMI,GUA-2696,MASTER,2139,1100,*TURFH,jonathan.charendoff,2022-06-26 19:53:13+00:00
GUA-2696_IMG_2566_dummy10.jpg,6/1/2022,Guam-CNMI,GUA-2696,MASTER,2973,2897,*TURFH,jonathan.charendoff,2022-06-26 19:53:13+00:00
GUA-2696_IMG_2566_dummy10.jpg,6/1/2022,Guam-CNMI,GUA-2696,MASTER,4326,3186,*POEN,jonathan.charendoff,2025-07-22 20:46:28+00:00
GUA-2696_IMG_2566_dummy10.jpg,6/1/2022,Guam-CNMI,GUA-2696,MASTER,5001,363,*PADI,jonathan.charendoff,2022-06-26 19:53:13+00:00
GUA-2696_IMG_2566_dummy10.jpg,6/1/2022,Guam-CNMI,GUA-2696,MASTER,4603,2284,*TURFH,jonathan.charendoff,2022-07-01 23:27:48+00:00
GUA-2699_IMG_9545_dummy10.jpg,6/1/2022,Guam-CNMI,GUA-2699,MASTER,396,3054,*TURFH,jonathan.charendoff,2022-06-26 19:51:52+00:00
GUA-2699_IMG_9545_dummy10.jpg,6/1/2022,Guam-CNMI,GUA-2699,MASTER,31,3833,*SAND,jonathan.charendoff,2025-07-22 20:46:20+00:00
GUA-2699_IMG_9545_dummy10.jpg,6/1/2022,Guam-CNMI,GUA-2699,MASTER,309,4789,*TURFH,jonathan.charendoff,2022-06-26 19:51:52+00:00
GUA-2699_IMG_9545_dummy10.jpg,6/1/2022,Guam-CNMI,GUA-2699,MASTER,1443,2954,*TURFH,jonathan.charendoff,2022-06-26 19:51:52+00:00
GUA-2699_IMG_9545_dummy10.jpg,6/1/2022,Guam-CNMI,GUA-2699,MASTER,1337,2369,*TURFH,jonathan.charendoff,2022-06-26 19:51:52+00:00
GUA-2699_IMG_9545_dummy10.jpg,6/1/2022,Guam-CNMI,GUA-2699,MASTER,1647,1838,*TURFH,jonathan.charendoff,2022-06-26 19:51:52+00:00
GUA-2699_IMG_9545_dummy10.jpg,6/1/2022,Guam-CNMI,GUA-2699,MASTER,1960,2173,*TURFH,jonathan.charendoff,2022-06-26 19:51:52+00:00
GUA-2699_IMG_9545_dummy10.jpg,6/1/2022,Guam-CNMI,GUA-2699,MASTER,2578,1189,*TURFH,jonathan.charendoff,2022-06-26 19:51:52+00:00
GUA-2699_IMG_9545_dummy10.jpg,6/1/2022,Guam-CNMI,GUA-2699,MASTER,2236,5206,*ENC,jonathan.charendoff,2022-06-26 19:51:52+00:00
GUA-2699_IMG_9545_dummy10.jpg,6/1/2022,Guam-CNMI,GUA-2699,MASTER,2630,5034,*ENC,jonathan.charendoff,2022-06-26 19:51:52+00:00
GUA-2699_IMG_9546_dummy10.jpg,6/1/2022,Guam-CNMI,GUA-2699,MASTER,689,521,*POMA,jonathan.charendoff,2022-06-26 19:51:23+00:00
GUA-2699_IMG_9546_dummy10.jpg,6/1/2022,Guam-CNMI,GUA-2699,MASTER,183,941,*POMA,jonathan.charendoff,2022-06-26 19:51:23+00:00
GUA-2699_IMG_9546_dummy10.jpg,6/1/2022,Guam-CNMI,GUA-2699,MASTER,864,790,*POMA,jonathan.charendoff,2022-06-26 19:51:22+00:00
GUA-2699_IMG_9546_dummy10.jpg,6/1/2022,Guam-CNMI,GUA-2699,MASTER,175,3129,*POMA,jonathan.charendoff,2022-06-26 19:51:22+00:00
GUA-2699_IMG_9546_dummy10.jpg,6/1/2022,Guam-CNMI,GUA-2699,MASTER,1866,1891,*TURFH,jonathan.charendoff,2022-07-01 23:25:46+00:00
GUA-2699_IMG_9546_dummy10.jpg,6/1/2022,Guam-CNMI,GUA-2699,MASTER,2598,360,*TURFH,jonathan.charendoff,2022-06-26 19:51:22+00:00
GUA-2699_IMG_9546_dummy10.jpg,6/1/2022,Guam-CNMI,GUA-2699,MASTER,2541,1599,*CAUL,jonathan.charendoff,2022-06-26 19:51:22+00:00
GUA-2699_IMG_9546_dummy10.jpg,6/1/2022,Guam-CNMI,GUA-2699,MASTER,2734,2478,*SHAD,jonathan.charendoff,2022-06-26 19:51:22+00:00
GUA-2699_IMG_9546_dummy10.jpg,6/1/2022,Guam-CNMI,GUA-2699,MASTER,5137,2926,*POMA,jonathan.charendoff,2022-06-26 19:51:22+00:00
GUA-2699_IMG_9546_dummy10.jpg,6/1/2022,Guam-CNMI,GUA-2699,MASTER,5148,2992,*POMA,jonathan.charendoff,2025-07-25 23:33:54+00:00
GUA-2701_IMG_0973_dummy10.jpg,6/1/2022,Guam-CNMI,GUA-2701,MASTER,617,527,*EMA,jonathan.charendoff,2025-07-22 20:48:21+00:00
GUA-2701_IMG_0973_dummy10.jpg,6/1/2022,Guam-CNMI,GUA-2701,MASTER,799,1963,*MASS,jonathan.charendoff,2025-07-22 20:48:21+00:00
GUA-2701_IMG_0973_dummy10.jpg,6/1/2022,Guam-CNMI,GUA-2701,MASTER,2078,2817,*MISP,jonathan.charendoff,2022-06-26 19:58:43+00:00
GUA-2701_IMG_0973_dummy10.jpg,6/1/2022,Guam-CNMI,GUA-2701,MASTER,2487,681,*TURFH,jonathan.charendoff,2025-07-22 20:48:21+00:00
GUA-2701_IMG_0973_dummy10.jpg,6/1/2022,Guam-CNMI,GUA-2701,MASTER,2687,242,*MISP,jonathan.charendoff,2022-06-26 19:58:42+00:00
GUA-2701_IMG_0973_dummy10.jpg,6/1/2022,Guam-CNMI,GUA-2701,MASTER,3921,480,*HALI,jonathan.charendoff,2025-07-22 20:48:21+00:00
GUA-2701_IMG_0973_dummy10.jpg,6/1/2022,Guam-CNMI,GUA-2701,MASTER,3564,2689,*BGMA,jonathan.charendoff,2025-07-22 20:48:21+00:00
GUA-2701_IMG_0973_dummy10.jpg,6/1/2022,Guam-CNMI,GUA-2701,MASTER,3970,3243,*CCAH,jonathan.charendoff,2022-06-26 19:58:42+00:00
GUA-2701_IMG_0973_dummy10.jpg,6/1/2022,Guam-CNMI,GUA-2701,MASTER,5099,3221,*HALI,jonathan.charendoff,2022-06-26 19:58:42+00:00
GUA-2701_IMG_0973_dummy10.jpg,6/1/2022,Guam-CNMI,GUA-2701,MASTER,4725,3210,*CCAH,jonathan.charendoff,2022-06-26 19:58:42+00:00
GUA-2701_IMG_0977_dummy10.jpg,6/1/2022,Guam-CNMI,GUA-2701,MASTER,541,270,*HALI,jonathan.charendoff,2022-06-26 20:00:25+00:00
GUA-2701_IMG_0977_dummy10.jpg,6/1/2022,Guam-CNMI,GUA-2701,MASTER,281,229,*HALI,jonathan.charendoff,2025-07-22 20:49:26+00:00
GUA-2701_IMG_0977_dummy10.jpg,6/1/2022,Guam-CNMI,GUA-2701,MASTER,276,911,*CCAH,jonathan.charendoff,2025-07-22 20:49:26+00:00
GUA-2701_IMG_0977_dummy10.jpg,6/1/2022,Guam-CNMI,GUA-2701,MASTER,821,3391,*GASP,jonathan.charendoff,2022-06-26 20:00:25+00:00
GUA-2701_IMG_0977_dummy10.jpg,6/1/2022,Guam-CNMI,GUA-2701,MASTER,1593,607,*CCAH,jonathan.charendoff,2025-07-22 20:49:26+00:00
GUA-2701_IMG_0977_dummy10.jpg,6/1/2022,Guam-CNMI,GUA-2701,MASTER,4082,69,*TURFH,jonathan.charendoff,2022-06-26 20:00:25+00:00
GUA-2701_IMG_0977_dummy10.jpg,6/1/2022,Guam-CNMI,GUA-2701,MASTER,3479,1054,*GONS,jonathan.charendoff,2022-06-26 20:00:25+00:00
GUA-2701_IMG_0977_dummy10.jpg,6/1/2022,Guam-CNMI,GUA-2701,MASTER,4416,1773,*GONS,jonathan.charendoff,2022-06-26 20:00:25+00:00
GUA-2701_IMG_0977_dummy10.jpg,6/1/2022,Guam-CNMI,GUA-2701,MASTER,5274,3144,*GASP,jonathan.charendoff,2022-06-26 20:00:25+00:00
GUA-2701_IMG_0977_dummy10.jpg,6/1/2022,Guam-CNMI,GUA-2701,MASTER,5188,3192,*GASP,jonathan.charendoff,2022-06-26 20:00:25+00:00
GUA-2716_IMG_0384_dummy10.jpg,6/1/2022,Guam-CNMI,GUA-2716,MASTER,398,5461,*TURFH,jonathan.charendoff,2022-06-26 20:04:02+00:00
GUA-2716_IMG_0384_dummy10.jpg,6/1/2022,Guam-CNMI,GUA-2716,MASTER,1835,704,*RDMA,jonathan.charendoff,2025-07-22 20:50:39+00:00
GUA-2716_IMG_0384_dummy10.jpg,6/1/2022,Guam-CNMI,GUA-2716,MASTER,1783,461,*TURFH,jonathan.charendoff,2022-06-26 20:04:02+00:00
GUA-2716_IMG_0384_dummy10.jpg,6/1/2022,Guam-CNMI,GUA-2716,MASTER,1761,1155,*RDMA,jonathan.charendoff,2022-06-26 20:04:02+00:00
GUA-2716_IMG_0384_dummy10.jpg,6/1/2022,Guam-CNMI,GUA-2716,MASTER,1539,3956,*TURFH,jonathan.charendoff,2022-06-26 20:04:02+00:00
GUA-2716_IMG_0384_dummy10.jpg,6/1/2022,Guam-CNMI,GUA-2716,MASTER,2082,3669,*CCAH,jonathan.charendoff,2025-07-22 20:50:39+00:00
GUA-2716_IMG_0384_dummy10.jpg,6/1/2022,Guam-CNMI,GUA-2716,MASTER,2614,2878,*TURFH,jonathan.charendoff,2022-06-26 20:04:02+00:00
GUA-2716_IMG_0384_dummy10.jpg,6/1/2022,Guam-CNMI,GUA-2716,MASTER,2402,3102,*CCAH,jonathan.charendoff,2025-07-22 20:50:39+00:00
GUA-2716_IMG_0384_dummy10.jpg,6/1/2022,Guam-CNMI,GUA-2716,MASTER,3235,2314,*OCTO,jonathan.charendoff,2025-07-22 20:50:38+00:00
GUA-2716_IMG_0384_dummy10.jpg,6/1/2022,Guam-CNMI,GUA-2716,MASTER,3272,4642,*POEN,jonathan.charendoff,2025-07-22 20:50:38+00:00
GUA-2716_IMG_0398_dummy10.jpg,6/1/2022,Guam-CNMI,GUA-2716,MASTER,542,317,*PAEN,jonathan.charendoff,2022-06-26 20:05:22+00:00
GUA-2716_IMG_0398_dummy10.jpg,6/1/2022,Guam-CNMI,GUA-2716,MASTER,1229,2606,*SHAD,jonathan.charendoff,2025-07-22 20:52:46+00:00
GUA-2716_IMG_0398_dummy10.jpg,6/1/2022,Guam-CNMI,GUA-2716,MASTER,899,2361,*PAEN,jonathan.charendoff,2022-06-26 20:05:22+00:00
GUA-2716_IMG_0398_dummy10.jpg,6/1/2022,Guam-CNMI,GUA-2716,MASTER,1028,3829,*CCAH,jonathan.charendoff,2022-06-26 20:05:22+00:00
GUA-2716_IMG_0398_dummy10.jpg,6/1/2022,Guam-CNMI,GUA-2716,MASTER,838,4241,*CCAH,jonathan.charendoff,2022-06-26 20:05:22+00:00
GUA-2716_IMG_0398_dummy10.jpg,6/1/2022,Guam-CNMI,GUA-2716,MASTER,1512,1007,*RDMA,jonathan.charendoff,2025-07-22 20:52:46+00:00
GUA-2716_IMG_0398_dummy10.jpg,6/1/2022,Guam-CNMI,GUA-2716,MASTER,1608,2193,*CCAH,jonathan.charendoff,2022-06-26 20:05:22+00:00
GUA-2716_IMG_0398_dummy10.jpg,6/1/2022,Guam-CNMI,GUA-2716,MASTER,1545,4613,*GOAL,jonathan.charendoff,2025-07-22 20:52:45+00:00
GUA-2716_IMG_0398_dummy10.jpg,6/1/2022,Guam-CNMI,GUA-2716,MASTER,2702,507,*TURFH,jonathan.charendoff,2022-06-26 20:05:22+00:00
GUA-2716_IMG_0398_dummy10.jpg,6/1/2022,Guam-CNMI,GUA-2716,MASTER,3596,3554,*TURFH,jonathan.charendoff,2022-06-26 20:05:22+00:00
MAU-630_2017_A_28_dummy10.jpg,5/1/2017,Guam-CNMI,MAU-630,MASTER,226,1112,*TURFH,jonathan.charendoff,2022-06-26 20:06:08+00:00
MAU-630_2017_A_28_dummy10.jpg,5/1/2017,Guam-CNMI,MAU-630,MASTER,1005,1970,*TURFH,jonathan.charendoff,2022-06-26 20:06:08+00:00
MAU-630_2017_A_28_dummy10.jpg,5/1/2017,Guam-CNMI,MAU-630,MASTER,1336,3815,*EMA,jonathan.charendoff,2025-07-22 20:54:24+00:00
MAU-630_2017_A_28_dummy10.jpg,5/1/2017,Guam-CNMI,MAU-630,MASTER,1370,4918,*POCS,jonathan.charendoff,2022-06-26 20:06:08+00:00
MAU-630_2017_A_28_dummy10.jpg,5/1/2017,Guam-CNMI,MAU-630,MASTER,1557,1063,*MOEN,jonathan.charendoff,2022-06-26 20:06:08+00:00
MAU-630_2017_A_28_dummy10.jpg,5/1/2017,Guam-CNMI,MAU-630,MASTER,1851,4979,*STYS,jonathan.charendoff,2022-06-26 20:06:08+00:00
MAU-630_2017_A_28_dummy10.jpg,5/1/2017,Guam-CNMI,MAU-630,MASTER,2805,304,*TURFH,jonathan.charendoff,2022-06-26 20:06:08+00:00
MAU-630_2017_A_28_dummy10.jpg,5/1/2017,Guam-CNMI,MAU-630,MASTER,2352,235,*CCAH,jonathan.charendoff,2022-06-26 20:06:08+00:00
MAU-630_2017_A_28_dummy10.jpg,5/1/2017,Guam-CNMI,MAU-630,MASTER,2270,4036,*STYS,jonathan.charendoff,2025-07-22 20:54:24+00:00
MAU-630_2017_A_28_dummy10.jpg,5/1/2017,Guam-CNMI,MAU-630,MASTER,2402,4520,*STYS,jonathan.charendoff,2022-06-26 20:06:08+00:00
MAU-640_2017_A_10_dummy10.jpg,5/1/2017,Guam-CNMI,MAU-640,MASTER,333,1859,*CCAH,jonathan.charendoff,2022-06-26 20:13:35+00:00
MAU-640_2017_A_10_dummy10.jpg,5/1/2017,Guam-CNMI,MAU-640,MASTER,763,3003,*SHAD,jonathan.charendoff,2022-06-26 20:13:35+00:00
MAU-640_2017_A_10_dummy10.jpg,5/1/2017,Guam-CNMI,MAU-640,MASTER,809,4123,*PESP,jonathan.charendoff,2022-06-26 20:13:35+00:00
MAU-640_2017_A_10_dummy10.jpg,5/1/2017,Guam-CNMI,MAU-640,MASTER,935,3725,*PESP,jonathan.charendoff,2025-07-22 20:55:41+00:00
MAU-640_2017_A_10_dummy10.jpg,5/1/2017,Guam-CNMI,MAU-640,MASTER,2103,1533,*EMA,jonathan.charendoff,2025-07-22 20:55:41+00:00
MAU-640_2017_A_10_dummy10.jpg,5/1/2017,Guam-CNMI,MAU-640,MASTER,2454,239,*POMA,jonathan.charendoff,2022-06-26 20:13:35+00:00
MAU-640_2017_A_10_dummy10.jpg,5/1/2017,Guam-CNMI,MAU-640,MASTER,2560,3197,*PESP,jonathan.charendoff,2022-06-26 20:13:35+00:00
MAU-640_2017_A_10_dummy10.jpg,5/1/2017,Guam-CNMI,MAU-640,MASTER,3248,1591,*PESP,jonathan.charendoff,2025-07-22 20:55:41+00:00
MAU-640_2017_A_10_dummy10.jpg,5/1/2017,Guam-CNMI,MAU-640,MASTER,3363,1836,*PESP,jonathan.charendoff,2022-06-26 20:13:35+00:00
MAU-640_2017_A_10_dummy10.jpg,5/1/2017,Guam-CNMI,MAU-640,MASTER,3556,2274,*TURFH,jonathan.charendoff,2022-06-26 20:13:35+00:00
MAU-649_2017_A_14_dummy10.jpg,5/1/2017,Guam-CNMI,MAU-649,MASTER,79,1311,*PESP,jonathan.charendoff,2022-06-26 20:12:30+00:00
MAU-649_2017_A_14_dummy10.jpg,5/1/2017,Guam-CNMI,MAU-649,MASTER,793,4764,*SHAD,jonathan.charendoff,2025-07-23 00:18:40+00:00
MAU-649_2017_A_14_dummy10.jpg,5/1/2017,Guam-CNMI,MAU-649,MASTER,770,4735,*GONS,jonathan.charendoff,2022-06-26 20:12:30+00:00
MAU-649_2017_A_14_dummy10.jpg,5/1/2017,Guam-CNMI,MAU-649,MASTER,1349,4448,*CCAH,jonathan.charendoff,2022-06-26 20:12:30+00:00
MAU-649_2017_A_14_dummy10.jpg,5/1/2017,Guam-CNMI,MAU-649,MASTER,1975,4104,*PESP,jonathan.charendoff,2022-06-26 20:12:30+00:00
MAU-649_2017_A_14_dummy10.jpg,5/1/2017,Guam-CNMI,MAU-649,MASTER,2250,691,*EMA,jonathan.charendoff,2025-07-23 00:18:40+00:00
MAU-649_2017_A_14_dummy10.jpg,5/1/2017,Guam-CNMI,MAU-649,MASTER,2737,275,*CCAH,jonathan.charendoff,2022-06-26 20:12:30+00:00
MAU-649_2017_A_14_dummy10.jpg,5/1/2017,Guam-CNMI,MAU-649,MASTER,2557,3226,*SAND,jonathan.charendoff,2022-06-26 20:12:30+00:00
MAU-649_2017_A_14_dummy10.jpg,5/1/2017,Guam-CNMI,MAU-649,MASTER,3014,4365,*TURFH,jonathan.charendoff,2022-06-26 20:12:30+00:00
MAU-649_2017_A_14_dummy10.jpg,5/1/2017,Guam-CNMI,MAU-649,MASTER,3260,4095,*CCAR,jonathan.charendoff,2025-07-23 00:18:50+00:00
MAU-651_2017_A_20_dummy10.jpg,5/1/2017,Guam-CNMI,MAU-651,MASTER,297,103,*POMA,jonathan.charendoff,2025-07-23 00:36:30+00:00
MAU-651_2017_A_20_dummy10.jpg,5/1/2017,Guam-CNMI,MAU-651,MASTER,438,2808,*GOAL,jonathan.charendoff,2022-06-29 01:38:14+00:00
MAU-651_2017_A_20_dummy10.jpg,5/1/2017,Guam-CNMI,MAU-651,MASTER,789,3316,*TURFH,jonathan.charendoff,2025-07-23 00:36:30+00:00
MAU-651_2017_A_20_dummy10.jpg,5/1/2017,Guam-CNMI,MAU-651,MASTER,655,3641,*BGMA,jonathan.charendoff,2025-07-23 00:36:30+00:00
MAU-651_2017_A_20_dummy10.jpg,5/1/2017,Guam-CNMI,MAU-651,MASTER,1029,3277,*BGMA,jonathan.charendoff,2022-07-01 19:04:42+00:00
MAU-651_2017_A_20_dummy10.jpg,5/1/2017,Guam-CNMI,MAU-651,MASTER,1207,3573,*TURFH,jonathan.charendoff,2022-06-26 20:11:30+00:00
MAU-651_2017_A_20_dummy10.jpg,5/1/2017,Guam-CNMI,MAU-651,MASTER,1916,316,*POMA,jonathan.charendoff,2025-07-23 00:36:30+00:00
MAU-651_2017_A_20_dummy10.jpg,5/1/2017,Guam-CNMI,MAU-651,MASTER,2312,1990,*TAPE,jonathan.charendoff,2022-06-26 20:11:30+00:00
MAU-651_2017_A_20_dummy10.jpg,5/1/2017,Guam-CNMI,MAU-651,MASTER,1946,2395,*GONS,jonathan.charendoff,2025-07-23 00:36:30+00:00
MAU-651_2017_A_20_dummy10.jpg,5/1/2017,Guam-CNMI,MAU-651,MASTER,2455,143,*POMA,jonathan.charendoff,2025-07-23 00:36:30+00:00
MAU-679_2017_A_17_dummy10.jpg,5/1/2017,Guam-CNMI,MAU-679,MASTER,191,1285,*CCAH,jonathan.charendoff,2025-07-23 00:38:51+00:00
MAU-679_2017_A_17_dummy10.jpg,5/1/2017,Guam-CNMI,MAU-679,MASTER,96,2075,*GONS,jonathan.charendoff,2022-06-26 20:09:49+00:00
MAU-679_2017_A_17_dummy10.jpg,5/1/2017,Guam-CNMI,MAU-679,MASTER,837,507,*SHAD,jonathan.charendoff,2025-07-23 00:38:51+00:00
MAU-679_2017_A_17_dummy10.jpg,5/1/2017,Guam-CNMI,MAU-679,MASTER,975,37,*CCAH,jonathan.charendoff,2022-06-26 20:09:49+00:00
MAU-679_2017_A_17_dummy10.jpg,5/1/2017,Guam-CNMI,MAU-679,MASTER,1150,1222,*TURFH,jonathan.charendoff,2022-06-26 20:09:49+00:00
MAU-679_2017_A_17_dummy10.jpg,5/1/2017,Guam-CNMI,MAU-679,MASTER,949,1945,*COSP,jonathan.charendoff,2022-06-29 00:52:06+00:00
MAU-679_2017_A_17_dummy10.jpg,5/1/2017,Guam-CNMI,MAU-679,MASTER,1398,753,*CCAH,jonathan.charendoff,2025-07-23 00:38:51+00:00
MAU-679_2017_A_17_dummy10.jpg,5/1/2017,Guam-CNMI,MAU-679,MASTER,1327,1792,*CCAH,jonathan.charendoff,2022-06-26 20:09:49+00:00
MAU-679_2017_A_17_dummy10.jpg,5/1/2017,Guam-CNMI,MAU-679,MASTER,1530,1452,*TURFH,jonathan.charendoff,2022-06-26 20:09:49+00:00
MAU-679_2017_A_17_dummy10.jpg,5/1/2017,Guam-CNMI,MAU-679,MASTER,1320,1591,*TURFH,jonathan.charendoff,2022-06-26 20:09:49+00:00
MAU-686_2017_A_22_dummy10.jpg,5/1/2017,Guam-CNMI,MAU-686,MASTER,174,733,*PESP,jonathan.charendoff,2022-06-26 20:07:11+00:00
MAU-686_2017_A_22_dummy10.jpg,5/1/2017,Guam-CNMI,MAU-686,MASTER,1162,1056,*PESP,jonathan.charendoff,2022-06-26 20:07:11+00:00
MAU-686_2017_A_22_dummy10.jpg,5/1/2017,Guam-CNMI,MAU-686,MASTER,821,248,*PESP,jonathan.charendoff,2022-06-26 20:07:11+00:00
MAU-686_2017_A_22_dummy10.jpg,5/1/2017,Guam-CNMI,MAU-686,MASTER,1445,5224,*PESP,jonathan.charendoff,2025-07-23 00:39:57+00:00
MAU-686_2017_A_22_dummy10.jpg,5/1/2017,Guam-CNMI,MAU-686,MASTER,941,4505,*SHAD,jonathan.charendoff,2022-06-26 20:07:11+00:00
MAU-686_2017_A_22_dummy10.jpg,5/1/2017,Guam-CNMI,MAU-686,MASTER,1815,1961,*PESP,jonathan.charendoff,2022-06-26 20:07:11+00:00
MAU-686_2017_A_22_dummy10.jpg,5/1/2017,Guam-CNMI,MAU-686,MASTER,1893,3848,*CCAH,jonathan.charendoff,2022-06-26 20:07:11+00:00
MAU-686_2017_A_22_dummy10.jpg,5/1/2017,Guam-CNMI,MAU-686,MASTER,1499,4146,*TURFH,jonathan.charendoff,2022-06-26 20:07:11+00:00
MAU-686_2017_A_22_dummy10.jpg,5/1/2017,Guam-CNMI,MAU-686,MASTER,2459,1013,*PESP,jonathan.charendoff,2022-06-26 20:07:11+00:00
MAU-686_2017_A_22_dummy10.jpg,5/1/2017,Guam-CNMI,MAU-686,MASTER,3115,1142,*PESP,jonathan.charendoff,2022-06-26 20:07:11+00:00
MAU-691_2017_A_12_dummy10.jpg,5/1/2017,Guam-CNMI,MAU-691,MASTER,682,2471,*MASS,jonathan.charendoff,2022-06-26 20:16:41+00:00
MAU-691_2017_A_12_dummy10.jpg,5/1/2017,Guam-CNMI,MAU-691,MASTER,34,5339,*GOAL,jonathan.charendoff,2025-07-23 00:42:04+00:00
MAU-691_2017_A_12_dummy10.jpg,5/1/2017,Guam-CNMI,MAU-691,MASTER,1455,747,*MASS,jonathan.charendoff,2022-06-26 20:16:41+00:00
MAU-691_2017_A_12_dummy10.jpg,5/1/2017,Guam-CNMI,MAU-691,MASTER,951,2351,*MASS,jonathan.charendoff,2022-06-26 20:16:41+00:00
MAU-691_2017_A_12_dummy10.jpg,5/1/2017,Guam-CNMI,MAU-691,MASTER,1765,427,*MASS,jonathan.charendoff,2022-06-26 20:16:41+00:00
MAU-691_2017_A_12_dummy10.jpg,5/1/2017,Guam-CNMI,MAU-691,MASTER,2251,1246,*EMA,jonathan.charendoff,2025-07-23 00:42:04+00:00
MAU-691_2017_A_12_dummy10.jpg,5/1/2017,Guam-CNMI,MAU-691,MASTER,2237,4879,*TURFH,jonathan.charendoff,2022-06-26 20:16:41+00:00
MAU-691_2017_A_12_dummy10.jpg,5/1/2017,Guam-CNMI,MAU-691,MASTER,3372,1579,*TURFH,jonathan.charendoff,2022-06-26 20:16:41+00:00
MAU-691_2017_A_12_dummy10.jpg,5/1/2017,Guam-CNMI,MAU-691,MASTER,3361,2637,*TURFH,jonathan.charendoff,2022-06-26 20:16:41+00:00
MAU-691_2017_A_12_dummy10.jpg,5/1/2017,Guam-CNMI,MAU-691,MASTER,3110,5022,*TURFH,jonathan.charendoff,2025-07-23 00:42:04+00:00
MAU-704_2017_A_09_dummy10.jpg,5/1/2017,Guam-CNMI,MAU-704,MASTER,140,735,*CCAH,jonathan.charendoff,2022-06-26 21:20:57+00:00
MAU-704_2017_A_09_dummy10.jpg,5/1/2017,Guam-CNMI,MAU-704,MASTER,262,3200,*CCAH,jonathan.charendoff,2022-06-26 21:20:57+00:00
MAU-704_2017_A_09_dummy10.jpg,5/1/2017,Guam-CNMI,MAU-704,MASTER,987,3337,*EMA,jonathan.charendoff,2025-07-23 00:43:34+00:00
MAU-704_2017_A_09_dummy10.jpg,5/1/2017,Guam-CNMI,MAU-704,MASTER,1255,4307,*TURFH,jonathan.charendoff,2025-07-23 00:43:34+00:00
MAU-704_2017_A_09_dummy10.jpg,5/1/2017,Guam-CNMI,MAU-704,MASTER,1337,4675,*ENC,jonathan.charendoff,2025-07-23 00:43:34+00:00
MAU-704_2017_A_09_dummy10.jpg,5/1/2017,Guam-CNMI,MAU-704,MASTER,2865,400,*TURFH,jonathan.charendoff,2022-06-26 21:20:56+00:00
MAU-704_2017_A_09_dummy10.jpg,5/1/2017,Guam-CNMI,MAU-704,MASTER,2401,658,*TURFH,jonathan.charendoff,2022-06-26 21:20:56+00:00
MAU-704_2017_A_09_dummy10.jpg,5/1/2017,Guam-CNMI,MAU-704,MASTER,2624,1156,*EMA,jonathan.charendoff,2025-07-23 00:43:34+00:00
MAU-704_2017_A_09_dummy10.jpg,5/1/2017,Guam-CNMI,MAU-704,MASTER,2412,4540,*EMA,jonathan.charendoff,2025-07-23 00:43:34+00:00
MAU-704_2017_A_09_dummy10.jpg,5/1/2017,Guam-CNMI,MAU-704,MASTER,3504,3286,*TURFH,jonathan.charendoff,2025-07-23 00:43:38+00:00
MAU-723_2017_A_30_dummy10.jpg,5/1/2017,Guam-CNMI,MAU-723,MASTER,342,337,*TURFH,jonathan.charendoff,2022-06-26 21:22:03+00:00
MAU-723_2017_A_30_dummy10.jpg,5/1/2017,Guam-CNMI,MAU-723,MASTER,327,1210,*TURFH,jonathan.charendoff,2022-06-26 21:22:03+00:00
MAU-723_2017_A_30_dummy10.jpg,5/1/2017,Guam-CNMI,MAU-723,MASTER,484,5398,*SHAD,jonathan.charendoff,2022-06-26 21:22:03+00:00
MAU-723_2017_A_30_dummy10.jpg,5/1/2017,Guam-CNMI,MAU-723,MASTER,618,5398,*CCAH,jonathan.charendoff,2022-06-26 21:22:03+00:00
MAU-723_2017_A_30_dummy10.jpg,5/1/2017,Guam-CNMI,MAU-723,MASTER,864,2053,*EMA,jonathan.charendoff,2025-07-23 00:47:30+00:00
MAU-723_2017_A_30_dummy10.jpg,5/1/2017,Guam-CNMI,MAU-723,MASTER,858,2703,*HALI,jonathan.charendoff,2025-07-23 00:47:30+00:00
MAU-723_2017_A_30_dummy10.jpg,5/1/2017,Guam-CNMI,MAU-723,MASTER,2075,3039,*SHAD,jonathan.charendoff,2022-07-01 23:35:19+00:00
MAU-723_2017_A_30_dummy10.jpg,5/1/2017,Guam-CNMI,MAU-723,MASTER,2193,1192,*SAND,jonathan.charendoff,2025-07-23 00:47:30+00:00
MAU-723_2017_A_30_dummy10.jpg,5/1/2017,Guam-CNMI,MAU-723,MASTER,3636,3694,*CCAH,jonathan.charendoff,2022-06-26 21:22:02+00:00
MAU-723_2017_A_30_dummy10.jpg,5/1/2017,Guam-CNMI,MAU-723,MASTER,3429,4790,*CCAH,jonathan.charendoff,2022-06-26 21:22:02+00:00
MAU-838_2017_B_10_dummy10.jpg,5/1/2017,Guam-CNMI,MAU-838,MASTER,345,133,*CCAH,jonathan.charendoff,2022-06-26 21:23:05+00:00
MAU-838_2017_B_10_dummy10.jpg,5/1/2017,Guam-CNMI,MAU-838,MASTER,365,1547,*TURFH,jonathan.charendoff,2022-06-26 21:23:05+00:00
MAU-838_2017_B_10_dummy10.jpg,5/1/2017,Guam-CNMI,MAU-838,MASTER,296,1401,*CCAH,jonathan.charendoff,2022-06-26 21:23:05+00:00
MAU-838_2017_B_10_dummy10.jpg,5/1/2017,Guam-CNMI,MAU-838,MASTER,211,2136,*CCAH,jonathan.charendoff,2022-06-26 21:23:05+00:00
MAU-838_2017_B_10_dummy10.jpg,5/1/2017,Guam-CNMI,MAU-838,MASTER,669,938,*TURFH,jonathan.charendoff,2022-06-26 21:23:05+00:00
MAU-838_2017_B_10_dummy10.jpg,5/1/2017,Guam-CNMI,MAU-838,MASTER,882,896,*CCAH,jonathan.charendoff,2022-06-26 21:23:05+00:00
MAU-838_2017_B_10_dummy10.jpg,5/1/2017,Guam-CNMI,MAU-838,MASTER,1556,699,*ENC,jonathan.charendoff,2025-07-23 00:48:49+00:00
MAU-838_2017_B_10_dummy10.jpg,5/1/2017,Guam-CNMI,MAU-838,MASTER,2511,1205,*HCOE,jonathan.charendoff,2022-07-02 01:24:50+00:00
MAU-838_2017_B_10_dummy10.jpg,5/1/2017,Guam-CNMI,MAU-838,MASTER,2722,1327,*HCOE,jonathan.charendoff,2025-07-23 00:48:48+00:00
MAU-838_2017_B_10_dummy10.jpg,5/1/2017,Guam-CNMI,MAU-838,MASTER,2663,2921,*SHAD,jonathan.charendoff,2022-06-26 21:23:05+00:00
MAU-848_2017_B_02_dummy10.jpg,5/1/2017,Guam-CNMI,MAU-848,MASTER,205,42,*EMA,jonathan.charendoff,2025-07-23 00:50:30+00:00
MAU-848_2017_B_02_dummy10.jpg,5/1/2017,Guam-CNMI,MAU-848,MASTER,634,158,*POCS,jonathan.charendoff,2022-06-26 21:24:08+00:00
MAU-848_2017_B_02_dummy10.jpg,5/1/2017,Guam-CNMI,MAU-848,MASTER,1083,311,*POCS,jonathan.charendoff,2022-06-26 21:24:08+00:00
MAU-848_2017_B_02_dummy10.jpg,5/1/2017,Guam-CNMI,MAU-848,MASTER,1302,688,*POCS,jonathan.charendoff,2022-06-26 21:24:08+00:00
MAU-848_2017_B_02_dummy10.jpg,5/1/2017,Guam-CNMI,MAU-848,MASTER,1835,2900,*TURFH,jonathan.charendoff,2025-07-23 00:50:30+00:00
MAU-848_2017_B_02_dummy10.jpg,5/1/2017,Guam-CNMI,MAU-848,MASTER,1924,2413,*CCAH,jonathan.charendoff,2022-06-26 21:24:08+00:00
MAU-848_2017_B_02_dummy10.jpg,5/1/2017,Guam-CNMI,MAU-848,MASTER,2455,2336,*TURFH,jonathan.charendoff,2025-07-23 00:50:29+00:00
MAU-848_2017_B_02_dummy10.jpg,5/1/2017,Guam-CNMI,MAU-848,MASTER,3910,1031,*TURFH,jonathan.charendoff,2025-07-23 00:50:29+00:00
MAU-848_2017_B_02_dummy10.jpg,5/1/2017,Guam-CNMI,MAU-848,MASTER,3699,1018,*TURFH,jonathan.charendoff,2025-07-23 00:50:29+00:00
MAU-848_2017_B_02_dummy10.jpg,5/1/2017,Guam-CNMI,MAU-848,MASTER,3324,2524,*TURFH,jonathan.charendoff,2022-06-26 21:24:08+00:00
MAU-855_2017_B_12_dummy10.jpg,5/1/2017,Guam-CNMI,MAU-855,MASTER,445,956,*TURFH,jonathan.charendoff,2025-07-23 00:54:03+00:00
MAU-855_2017_B_12_dummy10.jpg,5/1/2017,Guam-CNMI,MAU-855,MASTER,570,2396,*TURFH,jonathan.charendoff,2022-06-26 21:30:25+00:00
MAU-855_2017_B_12_dummy10.jpg,5/1/2017,Guam-CNMI,MAU-855,MASTER,462,3849,*TURFH,jonathan.charendoff,2025-07-23 00:54:03+00:00
MAU-855_2017_B_12_dummy10.jpg,5/1/2017,Guam-CNMI,MAU-855,MASTER,512,3784,*PESP,jonathan.charendoff,2022-06-26 21:30:25+00:00
MAU-855_2017_B_12_dummy10.jpg,5/1/2017,Guam-CNMI,MAU-855,MASTER,737,1173,*GONS,jonathan.charendoff,2022-06-26 21:30:25+00:00
MAU-855_2017_B_12_dummy10.jpg,5/1/2017,Guam-CNMI,MAU-855,MASTER,1105,2170,*TURFH,jonathan.charendoff,2022-06-26 21:30:25+00:00
MAU-855_2017_B_12_dummy10.jpg,5/1/2017,Guam-CNMI,MAU-855,MASTER,818,2945,*TURFH,jonathan.charendoff,2022-06-26 21:30:25+00:00
MAU-855_2017_B_12_dummy10.jpg,5/1/2017,Guam-CNMI,MAU-855,MASTER,631,3271,*GONS,jonathan.charendoff,2022-06-26 21:30:25+00:00
MAU-855_2017_B_12_dummy10.jpg,5/1/2017,Guam-CNMI,MAU-855,MASTER,1725,2565,*TURFH,jonathan.charendoff,2022-06-26 21:30:25+00:00
MAU-855_2017_B_12_dummy10.jpg,5/1/2017,Guam-CNMI,MAU-855,MASTER,2852,2867,*ENC,jonathan.charendoff,2025-07-23 00:54:03+00:00
MAU-868_2017_A_07_dummy10.jpg,5/1/2017,Guam-CNMI,MAU-868,MASTER,931,2846,*TURFH,jonathan.charendoff,2022-06-26 21:29:06+00:00
MAU-868_2017_A_07_dummy10.jpg,5/1/2017,Guam-CNMI,MAU-868,MASTER,716,3406,*TURFH,jonathan.charendoff,2022-06-26 21:29:06+00:00
MAU-868_2017_A_07_dummy10.jpg,5/1/2017,Guam-CNMI,MAU-868,MASTER,1438,762,*PESP,jonathan.charendoff,2025-07-23 00:55:49+00:00
MAU-868_2017_A_07_dummy10.jpg,5/1/2017,Guam-CNMI,MAU-868,MASTER,1229,2857,*TURFH,jonathan.charendoff,2022-06-26 21:29:06+00:00
MAU-868_2017_A_07_dummy10.jpg,5/1/2017,Guam-CNMI,MAU-868,MASTER,2328,365,*BGMA,jonathan.charendoff,2022-07-01 19:05:20+00:00
MAU-868_2017_A_07_dummy10.jpg,5/1/2017,Guam-CNMI,MAU-868,MASTER,2023,1295,*TURFH,jonathan.charendoff,2022-07-01 20:10:47+00:00
MAU-868_2017_A_07_dummy10.jpg,5/1/2017,Guam-CNMI,MAU-868,MASTER,2197,2723,*CCAH,jonathan.charendoff,2022-06-26 21:29:06+00:00
MAU-868_2017_A_07_dummy10.jpg,5/1/2017,Guam-CNMI,MAU-868,MASTER,2067,3812,*PESP,jonathan.charendoff,2022-06-26 21:29:06+00:00
MAU-868_2017_A_07_dummy10.jpg,5/1/2017,Guam-CNMI,MAU-868,MASTER,2860,482,*PESP,jonathan.charendoff,2022-06-26 21:29:06+00:00
MAU-868_2017_A_07_dummy10.jpg,5/1/2017,Guam-CNMI,MAU-868,MASTER,2872,1803,*TURFH,jonathan.charendoff,2022-06-26 21:29:06+00:00
MAU-870_2017_B_04_dummy10.jpg,5/1/2017,Guam-CNMI,MAU-870,MASTER,453,1112,*SHAD,jonathan.charendoff,2022-06-26 21:27:57+00:00
MAU-870_2017_B_04_dummy10.jpg,5/1/2017,Guam-CNMI,MAU-870,MASTER,620,2409,*CCAH,jonathan.charendoff,2022-06-26 21:27:57+00:00
MAU-870_2017_B_04_dummy10.jpg,5/1/2017,Guam-CNMI,MAU-870,MASTER,604,3383,*CCAH,jonathan.charendoff,2022-06-26 21:27:57+00:00
MAU-870_2017_B_04_dummy10.jpg,5/1/2017,Guam-CNMI,MAU-870,MASTER,1305,1121,*TURFH,jonathan.charendoff,2022-06-26 21:27:57+00:00
MAU-870_2017_B_04_dummy10.jpg,5/1/2017,Guam-CNMI,MAU-870,MASTER,1242,2172,*EMA,jonathan.charendoff,2025-07-23 00:58:37+00:00
MAU-870_2017_B_04_dummy10.jpg,5/1/2017,Guam-CNMI,MAU-870,MASTER,2212,329,*SHAD,jonathan.charendoff,2025-07-23 00:58:37+00:00
MAU-870_2017_B_04_dummy10.jpg,5/1/2017,Guam-CNMI,MAU-870,MASTER,2732,406,*CCAH,jonathan.charendoff,2022-06-26 21:27:57+00:00
MAU-870_2017_B_04_dummy10.jpg,5/1/2017,Guam-CNMI,MAU-870,MASTER,2562,3620,*EMA,jonathan.charendoff,2025-07-23 00:58:37+00:00
MAU-870_2017_B_04_dummy10.jpg,5/1/2017,Guam-CNMI,MAU-870,MASTER,2723,3844,*PESP,jonathan.charendoff,2025-07-23 00:58:37+00:00
MAU-870_2017_B_04_dummy10.jpg,5/1/2017,Guam-CNMI,MAU-870,MASTER,2928,3382,*GASP,jonathan.charendoff,2025-07-23 00:58:37+00:00
MAU-907_2017_B_04_dummy10.jpg,5/1/2017,Guam-CNMI,MAU-907,MASTER,613,539,*TURFH,jonathan.charendoff,2025-07-23 00:59:18+00:00
MAU-907_2017_B_04_dummy10.jpg,5/1/2017,Guam-CNMI,MAU-907,MASTER,828,164,*TURFH,jonathan.charendoff,2022-06-26 21:27:00+00:00
MAU-907_2017_B_04_dummy10.jpg,5/1/2017,Guam-CNMI,MAU-907,MASTER,750,2903,*TURFH,jonathan.charendoff,2025-07-23 00:59:17+00:00
MAU-907_2017_B_04_dummy10.jpg,5/1/2017,Guam-CNMI,MAU-907,MASTER,1182,2925,*TURFH,jonathan.charendoff,2022-06-26 21:27:00+00:00
MAU-907_2017_B_04_dummy10.jpg,5/1/2017,Guam-CNMI,MAU-907,MASTER,886,3325,*SAND,jonathan.charendoff,2025-07-23 00:59:17+00:00
MAU-907_2017_B_04_dummy10.jpg,5/1/2017,Guam-CNMI,MAU-907,MASTER,1632,1518,*TURFH,jonathan.charendoff,2022-06-26 21:27:00+00:00
MAU-907_2017_B_04_dummy10.jpg,5/1/2017,Guam-CNMI,MAU-907,MASTER,1598,3651,*CCAH,jonathan.charendoff,2022-06-26 21:27:00+00:00
MAU-907_2017_B_04_dummy10.jpg,5/1/2017,Guam-CNMI,MAU-907,MASTER,2079,700,*TURFH,jonathan.charendoff,2022-06-26 21:27:00+00:00
MAU-907_2017_B_04_dummy10.jpg,5/1/2017,Guam-CNMI,MAU-907,MASTER,2054,1035,*POCS,jonathan.charendoff,2025-07-23 00:59:47+00:00
MAU-907_2017_B_04_dummy10.jpg,5/1/2017,Guam-CNMI,MAU-907,MASTER,2003,1062,*TURFH,jonathan.charendoff,2022-06-26 21:27:00+00:00
MAU-951_2017_B_11_dummy10.jpg,5/1/2017,Guam-CNMI,MAU-951,MASTER,176,1166,*CCAH,jonathan.charendoff,2022-06-26 21:25:24+00:00
MAU-951_2017_B_11_dummy10.jpg,5/1/2017,Guam-CNMI,MAU-951,MASTER,255,2413,*TUN,jonathan.charendoff,2022-06-26 21:25:24+00:00
MAU-951_2017_B_11_dummy10.jpg,5/1/2017,Guam-CNMI,MAU-951,MASTER,117,2856,*TURFH,jonathan.charendoff,2022-06-26 21:25:24+00:00
MAU-951_2017_B_11_dummy10.jpg,5/1/2017,Guam-CNMI,MAU-951,MASTER,1454,668,*PESP,jonathan.charendoff,2022-06-26 21:25:24+00:00
MAU-951_2017_B_11_dummy10.jpg,5/1/2017,Guam-CNMI,MAU-951,MASTER,1253,632,*PESP,jonathan.charendoff,2025-07-23 19:23:24+00:00
MAU-951_2017_B_11_dummy10.jpg,5/1/2017,Guam-CNMI,MAU-951,MASTER,1603,1815,*BGMA,jonathan.charendoff,2022-07-01 19:04:23+00:00
MAU-951_2017_B_11_dummy10.jpg,5/1/2017,Guam-CNMI,MAU-951,MASTER,1691,2464,*TUN,jonathan.charendoff,2022-06-26 21:25:24+00:00
MAU-951_2017_B_11_dummy10.jpg,5/1/2017,Guam-CNMI,MAU-951,MASTER,1718,3695,*GOAL,jonathan.charendoff,2022-06-26 21:25:24+00:00
MAU-951_2017_B_11_dummy10.jpg,5/1/2017,Guam-CNMI,MAU-951,MASTER,2147,2654,*CCAH,jonathan.charendoff,2022-06-26 21:25:24+00:00
MAU-951_2017_B_11_dummy10.jpg,5/1/2017,Guam-CNMI,MAU-951,MASTER,2538,3155,*TURFH,jonathan.charendoff,2022-06-26 21:25:24+00:00
MAU-953_2017_B_11_dummy10.jpg,5/1/2017,Guam-CNMI,MAU-953,MASTER,190,1394,*TURFH,jonathan.charendoff,2022-06-27 22:02:32+00:00
MAU-953_2017_B_11_dummy10.jpg,5/1/2017,Guam-CNMI,MAU-953,MASTER,213,969,*GONS,jonathan.charendoff,2022-06-26 21:31:20+00:00
MAU-953_2017_B_11_dummy10.jpg,5/1/2017,Guam-CNMI,MAU-953,MASTER,160,2274,*TURFH,jonathan.charendoff,2022-06-26 21:31:20+00:00
MAU-953_2017_B_11_dummy10.jpg,5/1/2017,Guam-CNMI,MAU-953,MASTER,909,3884,*PESP,jonathan.charendoff,2022-06-27 22:02:32+00:00
MAU-953_2017_B_11_dummy10.jpg,5/1/2017,Guam-CNMI,MAU-953,MASTER,1676,601,*CCAH,jonathan.charendoff,2025-07-23 01:52:27+00:00
MAU-953_2017_B_11_dummy10.jpg,5/1/2017,Guam-CNMI,MAU-953,MASTER,1732,924,*PESP,jonathan.charendoff,2022-06-26 21:31:20+00:00
MAU-953_2017_B_11_dummy10.jpg,5/1/2017,Guam-CNMI,MAU-953,MASTER,2117,250,*SHAD,jonathan.charendoff,2022-06-26 21:31:20+00:00
MAU-953_2017_B_11_dummy10.jpg,5/1/2017,Guam-CNMI,MAU-953,MASTER,2022,3129,*BGMA,jonathan.charendoff,2025-07-23 01:52:27+00:00
MAU-953_2017_B_11_dummy10.jpg,5/1/2017,Guam-CNMI,MAU-953,MASTER,2711,2338,*BGMA,jonathan.charendoff,2022-07-01 19:04:08+00:00
MAU-953_2017_B_11_dummy10.jpg,5/1/2017,Guam-CNMI,MAU-953,MASTER,2940,3964,*POMA,jonathan.charendoff,2022-06-26 21:31:20+00:00
MAU-994_2017_B_06_dummy10.jpg,5/1/2017,Guam-CNMI,MAU-994,MASTER,337,961,*SHAD,jonathan.charendoff,2025-07-23 01:53:37+00:00
MAU-994_2017_B_06_dummy10.jpg,5/1/2017,Guam-CNMI,MAU-994,MASTER,1227,2225,*TURFH,jonathan.charendoff,2022-06-26 21:33:06+00:00
MAU-994_2017_B_06_dummy10.jpg,5/1/2017,Guam-CNMI,MAU-994,MASTER,1382,2402,*TURFH,jonathan.charendoff,2022-06-26 21:33:06+00:00
MAU-994_2017_B_06_dummy10.jpg,5/1/2017,Guam-CNMI,MAU-994,MASTER,1822,2951,*TURFH,jonathan.charendoff,2022-06-26 21:33:06+00:00
MAU-994_2017_B_06_dummy10.jpg,5/1/2017,Guam-CNMI,MAU-994,MASTER,1763,2943,*TURFH,jonathan.charendoff,2022-06-26 21:33:06+00:00
MAU-994_2017_B_06_dummy10.jpg,5/1/2017,Guam-CNMI,MAU-994,MASTER,2520,2931,*EMA,jonathan.charendoff,2025-07-23 01:53:37+00:00
MAU-994_2017_B_06_dummy10.jpg,5/1/2017,Guam-CNMI,MAU-994,MASTER,2508,2876,*EMA,jonathan.charendoff,2025-07-23 01:53:37+00:00
MAU-994_2017_B_06_dummy10.jpg,5/1/2017,Guam-CNMI,MAU-994,MASTER,3674,387,*TURFH,jonathan.charendoff,2025-07-23 01:53:37+00:00
MAU-994_2017_B_06_dummy10.jpg,5/1/2017,Guam-CNMI,MAU-994,MASTER,3375,1192,*TURFH,jonathan.charendoff,2022-06-26 21:33:06+00:00
MAU-994_2017_B_06_dummy10.jpg,5/1/2017,Guam-CNMI,MAU-994,MASTER,3266,2441,*PESP,jonathan.charendoff,2022-06-26 21:33:06+00:00
MAU-997_2017_A_01_dummy10.jpg,5/1/2017,Guam-CNMI,MAU-997,MASTER,492,965,*TURFH,jonathan.charendoff,2022-06-26 21:37:59+00:00
MAU-997_2017_A_01_dummy10.jpg,5/1/2017,Guam-CNMI,MAU-997,MASTER,554,1292,*PSSP,jonathan.charendoff,2025-07-23 02:01:05+00:00
MAU-997_2017_A_01_dummy10.jpg,5/1/2017,Guam-CNMI,MAU-997,MASTER,206,1419,*TURFH,jonathan.charendoff,2022-06-29 00:53:48+00:00
MAU-997_2017_A_01_dummy10.jpg,5/1/2017,Guam-CNMI,MAU-997,MASTER,1620,47,*TURFH,jonathan.charendoff,2022-06-26 21:37:59+00:00
MAU-997_2017_A_01_dummy10.jpg,5/1/2017,Guam-CNMI,MAU-997,MASTER,1450,1707,*TURFH,jonathan.charendoff,2022-06-26 21:37:59+00:00
MAU-997_2017_A_01_dummy10.jpg,5/1/2017,Guam-CNMI,MAU-997,MASTER,1308,3768,*TURFH,jonathan.charendoff,2022-06-26 21:37:59+00:00
MAU-997_2017_A_01_dummy10.jpg,5/1/2017,Guam-CNMI,MAU-997,MASTER,2135,858,*SHAD,jonathan.charendoff,2022-06-26 21:37:59+00:00
MAU-997_2017_A_01_dummy10.jpg,5/1/2017,Guam-CNMI,MAU-997,MASTER,2738,158,*TURFH,jonathan.charendoff,2022-06-26 21:37:59+00:00
MAU-997_2017_A_01_dummy10.jpg,5/1/2017,Guam-CNMI,MAU-997,MASTER,2590,2024,*TURFH,jonathan.charendoff,2022-06-26 21:37:59+00:00
MAU-997_2017_A_01_dummy10.jpg,5/1/2017,Guam-CNMI,MAU-997,MASTER,2677,2995,*PHSP,jonathan.charendoff,2025-07-23 02:01:05+00:00
PAG-631_2017_A_17_dummy10.jpg,5/1/2017,Guam-CNMI,PAG-631,MASTER,505,573,*SAND,jonathan.charendoff,2025-07-23 02:05:59+00:00
PAG-631_2017_A_17_dummy10.jpg,5/1/2017,Guam-CNMI,PAG-631,MASTER,72,3147,*TURFH,jonathan.charendoff,2022-06-26 21:39:16+00:00
PAG-631_2017_A_17_dummy10.jpg,5/1/2017,Guam-CNMI,PAG-631,MASTER,878,2275,*TURFH,jonathan.charendoff,2022-06-26 21:39:16+00:00
PAG-631_2017_A_17_dummy10.jpg,5/1/2017,Guam-CNMI,PAG-631,MASTER,1377,4016,*TURFH,jonathan.charendoff,2022-06-26 21:39:16+00:00
PAG-631_2017_A_17_dummy10.jpg,5/1/2017,Guam-CNMI,PAG-631,MASTER,2786,2663,*CCAH,jonathan.charendoff,2025-07-23 02:05:59+00:00
PAG-631_2017_A_17_dummy10.jpg,5/1/2017,Guam-CNMI,PAG-631,MASTER,2956,852,*TURFH,jonathan.charendoff,2022-06-26 21:39:16+00:00
PAG-631_2017_A_17_dummy10.jpg,5/1/2017,Guam-CNMI,PAG-631,MASTER,3501,916,*TURFH,jonathan.charendoff,2022-06-26 21:39:16+00:00
PAG-631_2017_A_17_dummy10.jpg,5/1/2017,Guam-CNMI,PAG-631,MASTER,3158,1186,*TURFH,jonathan.charendoff,2022-06-26 21:39:16+00:00
PAG-631_2017_A_17_dummy10.jpg,5/1/2017,Guam-CNMI,PAG-631,MASTER,3578,3577,*TURFH,jonathan.charendoff,2022-07-01 19:07:38+00:00
PAG-631_2017_A_17_dummy10.jpg,5/1/2017,Guam-CNMI,PAG-631,MASTER,3214,3584,*RUB,jonathan.charendoff,2025-07-23 02:05:59+00:00
PAG-636_2017_A_09_dummy10.jpg,5/1/2017,Guam-CNMI,PAG-636,MASTER,382,461,*ZO,jonathan.charendoff,2022-06-26 21:40:17+00:00
PAG-636_2017_A_09_dummy10.jpg,5/1/2017,Guam-CNMI,PAG-636,MASTER,128,1817,*TURFH,jonathan.charendoff,2022-06-26 21:40:17+00:00
PAG-636_2017_A_09_dummy10.jpg,5/1/2017,Guam-CNMI,PAG-636,MASTER,771,792,*SHAD,jonathan.charendoff,2022-06-26 21:40:17+00:00
PAG-636_2017_A_09_dummy10.jpg,5/1/2017,Guam-CNMI,PAG-636,MASTER,841,1051,*TURFH,jonathan.charendoff,2025-07-23 02:12:15+00:00
PAG-636_2017_A_09_dummy10.jpg,5/1/2017,Guam-CNMI,PAG-636,MASTER,1035,2409,*EMA,jonathan.charendoff,2025-07-23 02:12:15+00:00
PAG-636_2017_A_09_dummy10.jpg,5/1/2017,Guam-CNMI,PAG-636,MASTER,1576,2199,*ZO,jonathan.charendoff,2025-07-23 02:12:15+00:00
PAG-636_2017_A_09_dummy10.jpg,5/1/2017,Guam-CNMI,PAG-636,MASTER,1441,2973,*POEN,jonathan.charendoff,2025-07-23 02:12:15+00:00
PAG-636_2017_A_09_dummy10.jpg,5/1/2017,Guam-CNMI,PAG-636,MASTER,1398,3542,*TURFH,jonathan.charendoff,2022-06-29 01:31:23+00:00
PAG-636_2017_A_09_dummy10.jpg,5/1/2017,Guam-CNMI,PAG-636,MASTER,1320,3409,*GASP,jonathan.charendoff,2022-07-01 19:57:10+00:00
PAG-636_2017_A_09_dummy10.jpg,5/1/2017,Guam-CNMI,PAG-636,MASTER,2390,3431,*POEN,jonathan.charendoff,2025-07-23 02:12:15+00:00
PAG-639_2017_A_24_dummy10.jpg,5/1/2017,Guam-CNMI,PAG-639,MASTER,1096,2205,*TURFH,jonathan.charendoff,2022-06-26 21:45:22+00:00
PAG-639_2017_A_24_dummy10.jpg,5/1/2017,Guam-CNMI,PAG-639,MASTER,1658,1310,*SAND,jonathan.charendoff,2025-07-23 21:04:59+00:00
PAG-639_2017_A_24_dummy10.jpg,5/1/2017,Guam-CNMI,PAG-639,MASTER,1764,2774,*ASSP,jonathan.charendoff,2022-06-26 21:45:22+00:00
PAG-639_2017_A_24_dummy10.jpg,5/1/2017,Guam-CNMI,PAG-639,MASTER,1836,560,*TURFH,jonathan.charendoff,2022-06-26 21:45:22+00:00
PAG-639_2017_A_24_dummy10.jpg,5/1/2017,Guam-CNMI,PAG-639,MASTER,2374,1239,*SAND,jonathan.charendoff,2025-07-23 21:04:59+00:00
PAG-639_2017_A_24_dummy10.jpg,5/1/2017,Guam-CNMI,PAG-639,MASTER,2370,2270,*HALI,jonathan.charendoff,2025-07-23 21:04:59+00:00
PAG-639_2017_A_24_dummy10.jpg,5/1/2017,Guam-CNMI,PAG-639,MASTER,2376,1882,*TURFH,jonathan.charendoff,2022-06-26 21:45:22+00:00
PAG-639_2017_A_24_dummy10.jpg,5/1/2017,Guam-CNMI,PAG-639,MASTER,2105,2551,*POMA,jonathan.charendoff,2022-06-26 21:45:22+00:00
PAG-639_2017_A_24_dummy10.jpg,5/1/2017,Guam-CNMI,PAG-639,MASTER,2095,3240,*TURFH,jonathan.charendoff,2022-06-26 21:45:22+00:00
PAG-639_2017_A_24_dummy10.jpg,5/1/2017,Guam-CNMI,PAG-639,MASTER,2550,45,*TURFH,jonathan.charendoff,2022-06-26 21:45:22+00:00
PAG-642_2017_A_26_dummy10.jpg,5/1/2017,Guam-CNMI,PAG-642,MASTER,614,582,*LEPT,jonathan.charendoff,2022-07-01 22:34:20+00:00
PAG-642_2017_A_26_dummy10.jpg,5/1/2017,Guam-CNMI,PAG-642,MASTER,278,2809,*SHAD,jonathan.charendoff,2022-06-26 21:44:00+00:00
PAG-642_2017_A_26_dummy10.jpg,5/1/2017,Guam-CNMI,PAG-642,MASTER,634,2911,*SHAD,jonathan.charendoff,2022-06-26 21:44:00+00:00
PAG-642_2017_A_26_dummy10.jpg,5/1/2017,Guam-CNMI,PAG-642,MASTER,1127,923,*TURFH,jonathan.charendoff,2022-06-26 21:44:00+00:00
PAG-642_2017_A_26_dummy10.jpg,5/1/2017,Guam-CNMI,PAG-642,MASTER,1931,1149,*TURFH,jonathan.charendoff,2022-06-26 21:44:00+00:00
PAG-642_2017_A_26_dummy10.jpg,5/1/2017,Guam-CNMI,PAG-642,MASTER,2121,2527,*POCS,jonathan.charendoff,2022-06-26 21:44:00+00:00
PAG-642_2017_A_26_dummy10.jpg,5/1/2017,Guam-CNMI,PAG-642,MASTER,2711,909,*POCS,jonathan.charendoff,2022-06-26 21:44:00+00:00
PAG-642_2017_A_26_dummy10.jpg,5/1/2017,Guam-CNMI,PAG-642,MASTER,3152,2127,*POCS,jonathan.charendoff,2022-06-26 21:44:00+00:00
PAG-642_2017_A_26_dummy10.jpg,5/1/2017,Guam-CNMI,PAG-642,MASTER,2494,2501,*TURFH,jonathan.charendoff,2022-06-26 21:44:00+00:00
PAG-642_2017_A_26_dummy10.jpg,5/1/2017,Guam-CNMI,PAG-642,MASTER,3856,868,*MOEN,jonathan.charendoff,2025-07-23 21:58:01+00:00
PAG-655_2017_A_12_dummy10.jpg,5/1/2017,Guam-CNMI,PAG-655,MASTER,697,2708,*TURFH,jonathan.charendoff,2022-06-26 21:42:41+00:00
PAG-655_2017_A_12_dummy10.jpg,5/1/2017,Guam-CNMI,PAG-655,MASTER,1822,385,*TURFH,jonathan.charendoff,2022-06-26 21:42:41+00:00
PAG-655_2017_A_12_dummy10.jpg,5/1/2017,Guam-CNMI,PAG-655,MASTER,1877,3158,*TURFH,jonathan.charendoff,2022-06-26 21:42:41+00:00
PAG-655_2017_A_12_dummy10.jpg,5/1/2017,Guam-CNMI,PAG-655,MASTER,2003,3451,*TURFH,jonathan.charendoff,2022-06-26 21:42:41+00:00
PAG-655_2017_A_12_dummy10.jpg,5/1/2017,Guam-CNMI,PAG-655,MASTER,1948,3945,*CCAH,jonathan.charendoff,2025-07-23 22:28:05+00:00
PAG-655_2017_A_12_dummy10.jpg,5/1/2017,Guam-CNMI,PAG-655,MASTER,2455,3153,*POEN,jonathan.charendoff,2022-06-26 21:42:41+00:00
PAG-655_2017_A_12_dummy10.jpg,5/1/2017,Guam-CNMI,PAG-655,MASTER,3300,1809,*TURFH,jonathan.charendoff,2022-06-26 21:42:41+00:00
PAG-655_2017_A_12_dummy10.jpg,5/1/2017,Guam-CNMI,PAG-655,MASTER,3282,1581,*TURFH,jonathan.charendoff,2022-06-26 21:42:41+00:00
PAG-655_2017_A_12_dummy10.jpg,5/1/2017,Guam-CNMI,PAG-655,MASTER,2984,1178,*ASSP,jonathan.charendoff,2025-07-23 22:28:04+00:00
PAG-655_2017_A_12_dummy10.jpg,5/1/2017,Guam-CNMI,PAG-655,MASTER,3209,4927,*TURFH,jonathan.charendoff,2022-06-26 21:42:41+00:00
PAG-671_2017_A_27_dummy10.jpg,5/1/2017,Guam-CNMI,PAG-671,MASTER,679,630,*TURFH,jonathan.charendoff,2022-06-26 21:42:12+00:00
PAG-671_2017_A_27_dummy10.jpg,5/1/2017,Guam-CNMI,PAG-671,MASTER,1454,1773,*FASP,jonathan.charendoff,2022-06-26 21:42:12+00:00
PAG-671_2017_A_27_dummy10.jpg,5/1/2017,Guam-CNMI,PAG-671,MASTER,1498,271,*FASP,jonathan.charendoff,2022-06-26 21:42:12+00:00
PAG-671_2017_A_27_dummy10.jpg,5/1/2017,Guam-CNMI,PAG-671,MASTER,2011,2464,*FASP,jonathan.charendoff,2022-06-26 21:42:12+00:00
PAG-671_2017_A_27_dummy10.jpg,5/1/2017,Guam-CNMI,PAG-671,MASTER,1763,3547,*TURFH,jonathan.charendoff,2022-06-26 21:42:12+00:00
PAG-671_2017_A_27_dummy10.jpg,5/1/2017,Guam-CNMI,PAG-671,MASTER,1519,5308,*TURFH,jonathan.charendoff,2025-07-25 23:34:20+00:00
PAG-671_2017_A_27_dummy10.jpg,5/1/2017,Guam-CNMI,PAG-671,MASTER,2252,2373,*FASP,jonathan.charendoff,2022-06-26 21:42:12+00:00
PAG-671_2017_A_27_dummy10.jpg,5/1/2017,Guam-CNMI,PAG-671,MASTER,2573,2397,*FASP,jonathan.charendoff,2022-06-26 21:42:12+00:00
PAG-671_2017_A_27_dummy10.jpg,5/1/2017,Guam-CNMI,PAG-671,MASTER,3403,1407,*CYPS,jonathan.charendoff,2022-06-26 21:42:12+00:00
PAG-671_2017_A_27_dummy10.jpg,5/1/2017,Guam-CNMI,PAG-671,MASTER,3508,2323,*TURFH,jonathan.charendoff,2022-06-26 21:42:12+00:00
PAG-693_2017_A_19_dummy10.jpg,5/1/2017,Guam-CNMI,PAG-693,MASTER,294,596,*PLSP,jonathan.charendoff,2022-06-26 21:41:19+00:00
PAG-693_2017_A_19_dummy10.jpg,5/1/2017,Guam-CNMI,PAG-693,MASTER,510,2748,*TURFH,jonathan.charendoff,2025-07-23 22:29:13+00:00
PAG-693_2017_A_19_dummy10.jpg,5/1/2017,Guam-CNMI,PAG-693,MASTER,413,3902,*TURFH,jonathan.charendoff,2022-06-26 21:41:19+00:00
PAG-693_2017_A_19_dummy10.jpg,5/1/2017,Guam-CNMI,PAG-693,MASTER,609,3858,*PAEN,jonathan.charendoff,2025-07-23 22:29:13+00:00
PAG-693_2017_A_19_dummy10.jpg,5/1/2017,Guam-CNMI,PAG-693,MASTER,1443,1280,*TURFR,jonathan.charendoff,2022-06-26 21:41:19+00:00
PAG-693_2017_A_19_dummy10.jpg,5/1/2017,Guam-CNMI,PAG-693,MASTER,1455,1847,*POMA,jonathan.charendoff,2022-06-26 21:41:19+00:00
PAG-693_2017_A_19_dummy10.jpg,5/1/2017,Guam-CNMI,PAG-693,MASTER,1219,2856,*FASP,jonathan.charendoff,2022-06-26 21:41:19+00:00
PAG-693_2017_A_19_dummy10.jpg,5/1/2017,Guam-CNMI,PAG-693,MASTER,1467,2498,*FASP,jonathan.charendoff,2022-06-26 21:41:19+00:00
PAG-693_2017_A_19_dummy10.jpg,5/1/2017,Guam-CNMI,PAG-693,MASTER,2978,866,*TURFH,jonathan.charendoff,2022-06-26 21:41:19+00:00
PAG-693_2017_A_19_dummy10.jpg,5/1/2017,Guam-CNMI,PAG-693,MASTER,2726,3735,*TURFH,jonathan.charendoff,2022-06-26 21:41:19+00:00
PAG-713_2017_A_05_dummy10.jpg,5/1/2017,Guam-CNMI,PAG-713,MASTER,533,608,*SAND,jonathan.charendoff,2025-07-25 19:03:57+00:00
PAG-713_2017_A_05_dummy10.jpg,5/1/2017,Guam-CNMI,PAG-713,MASTER,536,1507,*BGMA,jonathan.charendoff,2022-07-01 22:30:23+00:00
PAG-713_2017_A_05_dummy10.jpg,5/1/2017,Guam-CNMI,PAG-713,MASTER,1615,1896,*SAND,jonathan.charendoff,2025-07-25 19:03:57+00:00
PAG-713_2017_A_05_dummy10.jpg,5/1/2017,Guam-CNMI,PAG-713,MASTER,1968,2403,*BGMA,jonathan.charendoff,2022-07-01 19:08:31+00:00
PAG-713_2017_A_05_dummy10.jpg,5/1/2017,Guam-CNMI,PAG-713,MASTER,1869,2827,*TURFH,jonathan.charendoff,2022-06-27 02:44:00+00:00
PAG-713_2017_A_05_dummy10.jpg,5/1/2017,Guam-CNMI,PAG-713,MASTER,1856,2924,*CCAH,jonathan.charendoff,2025-07-25 19:03:56+00:00
PAG-713_2017_A_05_dummy10.jpg,5/1/2017,Guam-CNMI,PAG-713,MASTER,2345,386,*PESP,jonathan.charendoff,2025-07-25 19:03:56+00:00
PAG-713_2017_A_05_dummy10.jpg,5/1/2017,Guam-CNMI,PAG-713,MASTER,3496,258,*TURFR,jonathan.charendoff,2025-07-25 19:03:56+00:00
PAG-713_2017_A_05_dummy10.jpg,5/1/2017,Guam-CNMI,PAG-713,MASTER,3381,1826,*BGMA,jonathan.charendoff,2025-07-25 19:03:56+00:00
PAG-713_2017_A_05_dummy10.jpg,5/1/2017,Guam-CNMI,PAG-713,MASTER,3281,5038,*TURFH,jonathan.charendoff,2022-06-27 02:44:00+00:00
PAG-732_2017_A_02_dummy10.jpg,5/1/2017,Guam-CNMI,PAG-732,MASTER,106,821,*TURFH,jonathan.charendoff,2022-06-27 02:44:53+00:00
PAG-732_2017_A_02_dummy10.jpg,5/1/2017,Guam-CNMI,PAG-732,MASTER,7,2588,*HALI,jonathan.charendoff,2025-07-25 19:32:42+00:00
PAG-732_2017_A_02_dummy10.jpg,5/1/2017,Guam-CNMI,PAG-732,MASTER,1558,2082,*TURFH,jonathan.charendoff,2022-06-27 02:44:53+00:00
PAG-732_2017_A_02_dummy10.jpg,5/1/2017,Guam-CNMI,PAG-732,MASTER,1762,3191,*HALI,jonathan.charendoff,2025-07-25 19:32:42+00:00
PAG-732_2017_A_02_dummy10.jpg,5/1/2017,Guam-CNMI,PAG-732,MASTER,1685,2715,*SAND,jonathan.charendoff,2022-06-27 02:44:53+00:00
PAG-732_2017_A_02_dummy10.jpg,5/1/2017,Guam-CNMI,PAG-732,MASTER,1745,2414,*SAND,jonathan.charendoff,2022-06-27 02:44:53+00:00
PAG-732_2017_A_02_dummy10.jpg,5/1/2017,Guam-CNMI,PAG-732,MASTER,2303,17,*TURFH,jonathan.charendoff,2022-06-27 02:44:53+00:00
PAG-732_2017_A_02_dummy10.jpg,5/1/2017,Guam-CNMI,PAG-732,MASTER,2106,2146,*TURFH,jonathan.charendoff,2022-06-27 02:44:53+00:00
PAG-732_2017_A_02_dummy10.jpg,5/1/2017,Guam-CNMI,PAG-732,MASTER,2586,2697,*ASPP,jonathan.charendoff,2022-06-27 02:44:53+00:00
PAG-732_2017_A_02_dummy10.jpg,5/1/2017,Guam-CNMI,PAG-732,MASTER,2472,2880,*ASPP,jonathan.charendoff,2025-07-25 19:32:42+00:00
PAG-747_2017_A_25_dummy10.jpg,5/1/2017,Guam-CNMI,PAG-747,MASTER,588,20,*EMA,jonathan.charendoff,2025-07-25 19:41:39+00:00
PAG-747_2017_A_25_dummy10.jpg,5/1/2017,Guam-CNMI,PAG-747,MASTER,693,5060,*TURFH,jonathan.charendoff,2022-06-27 17:35:31+00:00
PAG-747_2017_A_25_dummy10.jpg,5/1/2017,Guam-CNMI,PAG-747,MASTER,1787,996,*PAEN,jonathan.charendoff,2022-06-27 17:35:31+00:00
PAG-747_2017_A_25_dummy10.jpg,5/1/2017,Guam-CNMI,PAG-747,MASTER,1543,1245,*TURFH,jonathan.charendoff,2022-06-27 17:35:31+00:00
PAG-747_2017_A_25_dummy10.jpg,5/1/2017,Guam-CNMI,PAG-747,MASTER,1846,4951,*TURFH,jonathan.charendoff,2022-06-27 17:35:31+00:00
PAG-747_2017_A_25_dummy10.jpg,5/1/2017,Guam-CNMI,PAG-747,MASTER,2683,587,*POMA,jonathan.charendoff,2022-06-27 17:35:31+00:00
PAG-747_2017_A_25_dummy10.jpg,5/1/2017,Guam-CNMI,PAG-747,MASTER,2597,1726,*FAVS,jonathan.charendoff,2022-06-29 00:55:13+00:00
PAG-747_2017_A_25_dummy10.jpg,5/1/2017,Guam-CNMI,PAG-747,MASTER,2546,5157,*TURFR,jonathan.charendoff,2025-07-25 19:41:39+00:00
PAG-747_2017_A_25_dummy10.jpg,5/1/2017,Guam-CNMI,PAG-747,MASTER,2387,4759,*TURFR,jonathan.charendoff,2025-07-25 19:41:39+00:00
PAG-747_2017_A_25_dummy10.jpg,5/1/2017,Guam-CNMI,PAG-747,MASTER,3521,916,*CYPS,jonathan.charendoff,2022-06-27 17:35:31+00:00
PAG-836_2017_A_15_dummy10.jpg,5/1/2017,Guam-CNMI,PAG-836,MASTER,757,465,*POCS,jonathan.charendoff,2022-06-27 17:37:28+00:00
PAG-836_2017_A_15_dummy10.jpg,5/1/2017,Guam-CNMI,PAG-836,MASTER,104,1394,*POMA,jonathan.charendoff,2025-07-25 19:42:25+00:00
PAG-836_2017_A_15_dummy10.jpg,5/1/2017,Guam-CNMI,PAG-836,MASTER,1498,2567,*PESP,jonathan.charendoff,2025-07-25 19:42:25+00:00
PAG-836_2017_A_15_dummy10.jpg,5/1/2017,Guam-CNMI,PAG-836,MASTER,1674,2131,*TURFH,jonathan.charendoff,2022-06-27 17:37:28+00:00
PAG-836_2017_A_15_dummy10.jpg,5/1/2017,Guam-CNMI,PAG-836,MASTER,2700,333,*TURFH,jonathan.charendoff,2022-06-27 17:37:28+00:00
PAG-836_2017_A_15_dummy10.jpg,5/1/2017,Guam-CNMI,PAG-836,MASTER,2640,1471,*TURFH,jonathan.charendoff,2022-06-27 17:37:28+00:00
PAG-836_2017_A_15_dummy10.jpg,5/1/2017,Guam-CNMI,PAG-836,MASTER,2492,2714,*TURFH,jonathan.charendoff,2022-06-27 17:37:28+00:00
PAG-836_2017_A_15_dummy10.jpg,5/1/2017,Guam-CNMI,PAG-836,MASTER,3613,336,*TURFH,jonathan.charendoff,2022-06-27 17:37:28+00:00
PAG-836_2017_A_15_dummy10.jpg,5/1/2017,Guam-CNMI,PAG-836,MASTER,3795,1758,*PESP,jonathan.charendoff,2022-06-27 17:37:28+00:00
PAG-836_2017_A_15_dummy10.jpg,5/1/2017,Guam-CNMI,PAG-836,MASTER,3374,1490,*PESP,jonathan.charendoff,2022-06-27 17:37:28+00:00
PAG-886_2017_A_13_dummy10.jpg,5/1/2017,Guam-CNMI,PAG-886,MASTER,42,612,*HALI,jonathan.charendoff,2025-07-25 23:34:37+00:00
PAG-886_2017_A_13_dummy10.jpg,5/1/2017,Guam-CNMI,PAG-886,MASTER,137,954,*TURFH,jonathan.charendoff,2022-06-27 20:02:42+00:00
PAG-886_2017_A_13_dummy10.jpg,5/1/2017,Guam-CNMI,PAG-886,MASTER,599,1972,*PAMA,jonathan.charendoff,2022-06-27 20:02:42+00:00
PAG-886_2017_A_13_dummy10.jpg,5/1/2017,Guam-CNMI,PAG-886,MASTER,691,2049,*PAMA,jonathan.charendoff,2022-06-27 20:02:42+00:00
PAG-886_2017_A_13_dummy10.jpg,5/1/2017,Guam-CNMI,PAG-886,MASTER,1527,891,*TURFH,jonathan.charendoff,2022-06-27 20:02:42+00:00
PAG-886_2017_A_13_dummy10.jpg,5/1/2017,Guam-CNMI,PAG-886,MASTER,2341,155,*TURFH,jonathan.charendoff,2022-06-27 20:02:42+00:00
PAG-886_2017_A_13_dummy10.jpg,5/1/2017,Guam-CNMI,PAG-886,MASTER,1674,1250,*TURFH,jonathan.charendoff,2022-06-27 20:02:42+00:00
PAG-886_2017_A_13_dummy10.jpg,5/1/2017,Guam-CNMI,PAG-886,MASTER,1981,2303,*PAMA,jonathan.charendoff,2022-06-27 20:02:42+00:00
PAG-886_2017_A_13_dummy10.jpg,5/1/2017,Guam-CNMI,PAG-886,MASTER,3550,14,*HALI,jonathan.charendoff,2022-06-27 20:02:42+00:00
PAG-886_2017_A_13_dummy10.jpg,5/1/2017,Guam-CNMI,PAG-886,MASTER,3609,1558,*PAMA,jonathan.charendoff,2022-06-27 20:02:42+00:00
PAG-891_2017_B_04_dummy10.jpg,5/1/2017,Guam-CNMI,PAG-891,MASTER,14,1264,*UNK,jonathan.charendoff,2025-07-25 19:43:38+00:00
PAG-891_2017_B_04_dummy10.jpg,5/1/2017,Guam-CNMI,PAG-891,MASTER,470,3109,*SHAD,jonathan.charendoff,2022-06-27 17:43:32+00:00
PAG-891_2017_B_04_dummy10.jpg,5/1/2017,Guam-CNMI,PAG-891,MASTER,173,3190,*TURFH,jonathan.charendoff,2022-06-27 17:43:32+00:00
PAG-891_2017_B_04_dummy10.jpg,5/1/2017,Guam-CNMI,PAG-891,MASTER,1730,241,*TURFH,jonathan.charendoff,2022-06-27 17:43:32+00:00
PAG-891_2017_B_04_dummy10.jpg,5/1/2017,Guam-CNMI,PAG-891,MASTER,1672,375,*PESP,jonathan.charendoff,2025-07-25 19:43:38+00:00
PAG-891_2017_B_04_dummy10.jpg,5/1/2017,Guam-CNMI,PAG-891,MASTER,1478,510,*TURFH,jonathan.charendoff,2022-06-27 17:43:32+00:00
PAG-891_2017_B_04_dummy10.jpg,5/1/2017,Guam-CNMI,PAG-891,MASTER,1606,364,*CCAH,jonathan.charendoff,2025-07-25 19:43:38+00:00
PAG-891_2017_B_04_dummy10.jpg,5/1/2017,Guam-CNMI,PAG-891,MASTER,1584,1733,*PAEN,jonathan.charendoff,2022-06-27 17:43:32+00:00
PAG-891_2017_B_04_dummy10.jpg,5/1/2017,Guam-CNMI,PAG-891,MASTER,2108,3493,*TURFH,jonathan.charendoff,2022-06-27 17:43:32+00:00
PAG-891_2017_B_04_dummy10.jpg,5/1/2017,Guam-CNMI,PAG-891,MASTER,2826,1455,*TURFH,jonathan.charendoff,2022-06-27 17:43:32+00:00
PAG-899_2017_B_03_dummy10.jpg,5/1/2017,Guam-CNMI,PAG-899,MASTER,340,3006,*CCAH,jonathan.charendoff,2025-07-25 19:44:21+00:00
PAG-899_2017_B_03_dummy10.jpg,5/1/2017,Guam-CNMI,PAG-899,MASTER,732,61,*TURFH,jonathan.charendoff,2022-06-27 17:42:56+00:00
PAG-899_2017_B_03_dummy10.jpg,5/1/2017,Guam-CNMI,PAG-899,MASTER,1102,1212,*EMA,jonathan.charendoff,2025-07-25 19:44:21+00:00
PAG-899_2017_B_03_dummy10.jpg,5/1/2017,Guam-CNMI,PAG-899,MASTER,2301,669,*TURFH,jonathan.charendoff,2022-06-27 17:42:56+00:00
PAG-899_2017_B_03_dummy10.jpg,5/1/2017,Guam-CNMI,PAG-899,MASTER,1837,69,*TURFH,jonathan.charendoff,2022-06-27 17:42:56+00:00
PAG-899_2017_B_03_dummy10.jpg,5/1/2017,Guam-CNMI,PAG-899,MASTER,2373,1392,*ASPP,jonathan.charendoff,2022-06-27 17:42:56+00:00
PAG-899_2017_B_03_dummy10.jpg,5/1/2017,Guam-CNMI,PAG-899,MASTER,1883,2380,*POMA,jonathan.charendoff,2022-06-27 17:42:56+00:00
PAG-899_2017_B_03_dummy10.jpg,5/1/2017,Guam-CNMI,PAG-899,MASTER,2039,2893,*TURFH,jonathan.charendoff,2025-07-25 19:44:21+00:00
PAG-899_2017_B_03_dummy10.jpg,5/1/2017,Guam-CNMI,PAG-899,MASTER,2733,87,*PESP,jonathan.charendoff,2022-06-27 17:42:56+00:00
PAG-899_2017_B_03_dummy10.jpg,5/1/2017,Guam-CNMI,PAG-899,MASTER,2762,2871,*CCAH,jonathan.charendoff,2022-06-27 17:42:56+00:00
PAG-997_2017_A_04_dummy10.jpg,5/1/2017,Guam-CNMI,PAG-997,MASTER,732,1414,*TURFH,jonathan.charendoff,2022-06-27 17:41:52+00:00
PAG-997_2017_A_04_dummy10.jpg,5/1/2017,Guam-CNMI,PAG-997,MASTER,1287,1503,*FASP,jonathan.charendoff,2022-06-27 17:41:52+00:00
PAG-997_2017_A_04_dummy10.jpg,5/1/2017,Guam-CNMI,PAG-997,MASTER,1022,2771,*TURFH,jonathan.charendoff,2022-06-27 17:41:51+00:00
PAG-997_2017_A_04_dummy10.jpg,5/1/2017,Guam-CNMI,PAG-997,MASTER,1201,2825,*TURFH,jonathan.charendoff,2022-06-27 17:41:51+00:00
PAG-997_2017_A_04_dummy10.jpg,5/1/2017,Guam-CNMI,PAG-997,MASTER,1678,921,*TURFH,jonathan.charendoff,2025-07-25 20:41:51+00:00
PAG-997_2017_A_04_dummy10.jpg,5/1/2017,Guam-CNMI,PAG-997,MASTER,2845,1379,*SHAD,jonathan.charendoff,2022-06-27 17:41:51+00:00
PAG-997_2017_A_04_dummy10.jpg,5/1/2017,Guam-CNMI,PAG-997,MASTER,2944,1960,*POEN,jonathan.charendoff,2025-07-25 20:41:51+00:00
PAG-997_2017_A_04_dummy10.jpg,5/1/2017,Guam-CNMI,PAG-997,MASTER,3656,77,*HALI,jonathan.charendoff,2025-07-25 20:41:51+00:00
PAG-997_2017_A_04_dummy10.jpg,5/1/2017,Guam-CNMI,PAG-997,MASTER,3774,1893,*TURFH,jonathan.charendoff,2022-06-27 17:41:51+00:00
PAG-997_2017_A_04_dummy10.jpg,5/1/2017,Guam-CNMI,PAG-997,MASTER,3327,2318,*CCAH,jonathan.charendoff,2022-06-27 17:41:51+00:00
ROT-830_IMG_1861_dummy10.jpg,6/1/2022,Guam-CNMI,ROT-830,MASTER,829,410,*PESP,jonathan.charendoff,2022-06-27 17:40:20+00:00
ROT-830_IMG_1861_dummy10.jpg,6/1/2022,Guam-CNMI,ROT-830,MASTER,2093,651,*PESP,jonathan.charendoff,2022-06-27 17:40:20+00:00
ROT-830_IMG_1861_dummy10.jpg,6/1/2022,Guam-CNMI,ROT-830,MASTER,2114,2782,*GONS,jonathan.charendoff,2022-06-27 17:40:20+00:00
ROT-830_IMG_1861_dummy10.jpg,6/1/2022,Guam-CNMI,ROT-830,MASTER,2554,131,*CCAH,jonathan.charendoff,2022-06-27 17:40:20+00:00
ROT-830_IMG_1861_dummy10.jpg,6/1/2022,Guam-CNMI,ROT-830,MASTER,2675,728,*HALI,jonathan.charendoff,2025-07-25 20:42:30+00:00
ROT-830_IMG_1861_dummy10.jpg,6/1/2022,Guam-CNMI,ROT-830,MASTER,2223,760,*CCAH,jonathan.charendoff,2022-06-27 17:40:20+00:00
ROT-830_IMG_1861_dummy10.jpg,6/1/2022,Guam-CNMI,ROT-830,MASTER,2933,2313,*GONS,jonathan.charendoff,2022-06-27 17:40:20+00:00
ROT-830_IMG_1861_dummy10.jpg,6/1/2022,Guam-CNMI,ROT-830,MASTER,2868,3499,*PESP,jonathan.charendoff,2022-06-27 17:40:20+00:00
ROT-830_IMG_1861_dummy10.jpg,6/1/2022,Guam-CNMI,ROT-830,MASTER,3600,1240,*TURFH,jonathan.charendoff,2022-06-27 17:40:20+00:00
ROT-830_IMG_1861_dummy10.jpg,6/1/2022,Guam-CNMI,ROT-830,MASTER,3521,2632,*SHAD,jonathan.charendoff,2022-06-27 17:40:20+00:00
ROT-840_IMG_1799_dummy10.jpg,6/1/2022,Guam-CNMI,ROT-840,MASTER,476,335,*TURFH,jonathan.charendoff,2022-06-27 17:38:28+00:00
ROT-840_IMG_1799_dummy10.jpg,6/1/2022,Guam-CNMI,ROT-840,MASTER,568,2866,*EMA,jonathan.charendoff,2025-07-25 20:43:21+00:00
ROT-840_IMG_1799_dummy10.jpg,6/1/2022,Guam-CNMI,ROT-840,MASTER,1271,1936,*CCAH,jonathan.charendoff,2022-06-27 17:38:28+00:00
ROT-840_IMG_1799_dummy10.jpg,6/1/2022,Guam-CNMI,ROT-840,MASTER,1797,2690,*TURFH,jonathan.charendoff,2022-06-27 17:38:28+00:00
ROT-840_IMG_1799_dummy10.jpg,6/1/2022,Guam-CNMI,ROT-840,MASTER,2165,4835,*CCAH,jonathan.charendoff,2022-06-27 17:38:28+00:00
ROT-840_IMG_1799_dummy10.jpg,6/1/2022,Guam-CNMI,ROT-840,MASTER,1585,4512,*BGMA,jonathan.charendoff,2025-07-25 20:43:21+00:00
ROT-840_IMG_1799_dummy10.jpg,6/1/2022,Guam-CNMI,ROT-840,MASTER,2214,1602,*CCAH,jonathan.charendoff,2022-06-27 17:38:28+00:00
ROT-840_IMG_1799_dummy10.jpg,6/1/2022,Guam-CNMI,ROT-840,MASTER,2731,2024,*CCAH,jonathan.charendoff,2022-06-27 17:38:28+00:00
ROT-840_IMG_1799_dummy10.jpg,6/1/2022,Guam-CNMI,ROT-840,MASTER,2328,2289,*TURFR,jonathan.charendoff,2022-06-27 17:38:28+00:00
ROT-840_IMG_1799_dummy10.jpg,6/1/2022,Guam-CNMI,ROT-840,MASTER,2503,5397,*PESP,jonathan.charendoff,2025-07-25 20:43:43+00:00
ROT-845_IMG_1917_dummy10.jpg,6/1/2022,Guam-CNMI,ROT-845,MASTER,574,1757,*TURFH,jonathan.charendoff,2022-06-27 17:44:15+00:00
ROT-845_IMG_1917_dummy10.jpg,6/1/2022,Guam-CNMI,ROT-845,MASTER,591,2854,*TURFH,jonathan.charendoff,2022-06-27 17:44:15+00:00
ROT-845_IMG_1917_dummy10.jpg,6/1/2022,Guam-CNMI,ROT-845,MASTER,1125,1304,*TURFH,jonathan.charendoff,2022-06-27 17:44:15+00:00
ROT-845_IMG_1917_dummy10.jpg,6/1/2022,Guam-CNMI,ROT-845,MASTER,1501,530,*TURFH,jonathan.charendoff,2022-06-27 17:44:15+00:00
ROT-845_IMG_1917_dummy10.jpg,6/1/2022,Guam-CNMI,ROT-845,MASTER,1868,1120,*TURFH,jonathan.charendoff,2022-06-27 17:44:15+00:00
ROT-845_IMG_1917_dummy10.jpg,6/1/2022,Guam-CNMI,ROT-845,MASTER,1855,3211,*CCAH,jonathan.charendoff,2025-07-25 20:44:29+00:00
ROT-845_IMG_1917_dummy10.jpg,6/1/2022,Guam-CNMI,ROT-845,MASTER,2632,3751,*TURFH,jonathan.charendoff,2022-06-27 17:44:14+00:00
ROT-845_IMG_1917_dummy10.jpg,6/1/2022,Guam-CNMI,ROT-845,MASTER,2332,4412,*TURFH,jonathan.charendoff,2022-06-27 17:44:14+00:00
ROT-845_IMG_1917_dummy10.jpg,6/1/2022,Guam-CNMI,ROT-845,MASTER,3048,3681,*TURFH,jonathan.charendoff,2022-06-27 17:44:14+00:00
ROT-845_IMG_1917_dummy10.jpg,6/1/2022,Guam-CNMI,ROT-845,MASTER,3465,3555,*CCAH,jonathan.charendoff,2022-06-27 17:44:14+00:00
ROT-845_IMG_1926_dummy10.jpg,6/1/2022,Guam-CNMI,ROT-845,MASTER,338,150,*TURFH,jonathan.charendoff,2022-06-27 17:45:24+00:00
ROT-845_IMG_1926_dummy10.jpg,6/1/2022,Guam-CNMI,ROT-845,MASTER,116,1086,*BGMA,jonathan.charendoff,2025-07-25 20:45:35+00:00
ROT-845_IMG_1926_dummy10.jpg,6/1/2022,Guam-CNMI,ROT-845,MASTER,137,3094,*SAND,jonathan.charendoff,2025-07-25 20:45:35+00:00
ROT-845_IMG_1926_dummy10.jpg,6/1/2022,Guam-CNMI,ROT-845,MASTER,252,3406,*BGMA,jonathan.charendoff,2025-07-25 20:45:35+00:00
ROT-845_IMG_1926_dummy10.jpg,6/1/2022,Guam-CNMI,ROT-845,MASTER,1187,371,*HALI,jonathan.charendoff,2025-07-25 20:45:35+00:00
ROT-845_IMG_1926_dummy10.jpg,6/1/2022,Guam-CNMI,ROT-845,MASTER,1985,635,*CCAH,jonathan.charendoff,2025-07-25 20:45:35+00:00
ROT-845_IMG_1926_dummy10.jpg,6/1/2022,Guam-CNMI,ROT-845,MASTER,1941,3942,*HALI,jonathan.charendoff,2022-06-27 17:45:24+00:00
ROT-845_IMG_1926_dummy10.jpg,6/1/2022,Guam-CNMI,ROT-845,MASTER,2691,1704,*TURFH,jonathan.charendoff,2022-06-27 17:45:24+00:00
ROT-845_IMG_1926_dummy10.jpg,6/1/2022,Guam-CNMI,ROT-845,MASTER,2907,3877,*HALI,jonathan.charendoff,2025-07-25 20:45:35+00:00
ROT-845_IMG_1926_dummy10.jpg,6/1/2022,Guam-CNMI,ROT-845,MASTER,3281,3544,*HALI,jonathan.charendoff,2022-06-27 17:45:24+00:00
ROT-848_IMG_0902_dummy10.jpg,6/1/2022,Guam-CNMI,ROT-848,MASTER,295,927,*TURFH,jonathan.charendoff,2022-06-27 17:46:50+00:00
ROT-848_IMG_0902_dummy10.jpg,6/1/2022,Guam-CNMI,ROT-848,MASTER,715,1771,*TURFH,jonathan.charendoff,2022-06-27 17:46:50+00:00
ROT-848_IMG_0902_dummy10.jpg,6/1/2022,Guam-CNMI,ROT-848,MASTER,10,1478,*TURFH,jonathan.charendoff,2022-06-27 17:46:50+00:00
ROT-848_IMG_0902_dummy10.jpg,6/1/2022,Guam-CNMI,ROT-848,MASTER,1073,3470,*DICT,jonathan.charendoff,2025-07-25 20:46:33+00:00
ROT-848_IMG_0902_dummy10.jpg,6/1/2022,Guam-CNMI,ROT-848,MASTER,1560,850,*AVSP,jonathan.charendoff,2022-07-01 23:04:43+00:00
ROT-848_IMG_0902_dummy10.jpg,6/1/2022,Guam-CNMI,ROT-848,MASTER,1529,2077,*CCAH,jonathan.charendoff,2022-06-27 17:46:50+00:00
ROT-848_IMG_0902_dummy10.jpg,6/1/2022,Guam-CNMI,ROT-848,MASTER,1323,2002,*HALI,jonathan.charendoff,2025-07-25 20:46:33+00:00
ROT-848_IMG_0902_dummy10.jpg,6/1/2022,Guam-CNMI,ROT-848,MASTER,2114,2573,*TURFH,jonathan.charendoff,2022-06-27 17:46:50+00:00
ROT-848_IMG_0902_dummy10.jpg,6/1/2022,Guam-CNMI,ROT-848,MASTER,4187,2079,*TURFH,jonathan.charendoff,2022-06-27 17:46:50+00:00
ROT-848_IMG_0902_dummy10.jpg,6/1/2022,Guam-CNMI,ROT-848,MASTER,4591,2421,*TURFH,jonathan.charendoff,2022-06-27 17:46:50+00:00
ROT-848_IMG_0903_dummy10.jpg,6/1/2022,Guam-CNMI,ROT-848,MASTER,597,1003,*TURFH,jonathan.charendoff,2022-06-27 18:00:01+00:00
ROT-848_IMG_0903_dummy10.jpg,6/1/2022,Guam-CNMI,ROT-848,MASTER,1028,1283,*MICR,jonathan.charendoff,2022-06-27 18:00:01+00:00
ROT-848_IMG_0903_dummy10.jpg,6/1/2022,Guam-CNMI,ROT-848,MASTER,1745,2675,*TURFH,jonathan.charendoff,2022-06-27 18:00:01+00:00
ROT-848_IMG_0903_dummy10.jpg,6/1/2022,Guam-CNMI,ROT-848,MASTER,1671,2347,*CCAH,jonathan.charendoff,2022-06-27 18:00:01+00:00
ROT-848_IMG_0903_dummy10.jpg,6/1/2022,Guam-CNMI,ROT-848,MASTER,2809,83,*CCAH,jonathan.charendoff,2022-06-27 18:00:01+00:00
ROT-848_IMG_0903_dummy10.jpg,6/1/2022,Guam-CNMI,ROT-848,MASTER,3522,1855,*TURFH,jonathan.charendoff,2022-06-27 18:00:01+00:00
ROT-848_IMG_0903_dummy10.jpg,6/1/2022,Guam-CNMI,ROT-848,MASTER,3290,3200,*CCAH,jonathan.charendoff,2022-06-27 18:00:01+00:00
ROT-848_IMG_0903_dummy10.jpg,6/1/2022,Guam-CNMI,ROT-848,MASTER,3383,3211,*TURFH,jonathan.charendoff,2022-06-27 18:00:01+00:00
ROT-848_IMG_0903_dummy10.jpg,6/1/2022,Guam-CNMI,ROT-848,MASTER,4890,71,*TURFH,jonathan.charendoff,2022-06-27 18:00:01+00:00
ROT-848_IMG_0903_dummy10.jpg,6/1/2022,Guam-CNMI,ROT-848,MASTER,4841,3579,*PESP,jonathan.charendoff,2025-07-25 20:47:41+00:00
ROT-866_IMG_2363_dummy10.jpg,6/1/2022,Guam-CNMI,ROT-866,MASTER,459,2214,*MOBF,jonathan.charendoff,2025-07-25 20:56:23+00:00
ROT-866_IMG_2363_dummy10.jpg,6/1/2022,Guam-CNMI,ROT-866,MASTER,2117,38,*TURFH,jonathan.charendoff,2022-06-27 17:49:35+00:00
ROT-866_IMG_2363_dummy10.jpg,6/1/2022,Guam-CNMI,ROT-866,MASTER,1587,1608,*TURFH,jonathan.charendoff,2022-06-27 17:49:35+00:00
ROT-866_IMG_2363_dummy10.jpg,6/1/2022,Guam-CNMI,ROT-866,MASTER,1189,2721,*TURFH,jonathan.charendoff,2022-06-27 17:49:35+00:00
ROT-866_IMG_2363_dummy10.jpg,6/1/2022,Guam-CNMI,ROT-866,MASTER,2431,137,*TURFH,jonathan.charendoff,2022-06-27 17:49:35+00:00
ROT-866_IMG_2363_dummy10.jpg,6/1/2022,Guam-CNMI,ROT-866,MASTER,2293,1095,*TURFH,jonathan.charendoff,2022-06-27 17:49:35+00:00
ROT-866_IMG_2363_dummy10.jpg,6/1/2022,Guam-CNMI,ROT-866,MASTER,2382,3641,*CCAH,jonathan.charendoff,2022-06-27 17:49:35+00:00
ROT-866_IMG_2363_dummy10.jpg,6/1/2022,Guam-CNMI,ROT-866,MASTER,4167,1567,*TURFH,jonathan.charendoff,2022-06-27 17:49:35+00:00
ROT-866_IMG_2363_dummy10.jpg,6/1/2022,Guam-CNMI,ROT-866,MASTER,3365,3479,*TURFH,jonathan.charendoff,2022-06-27 17:49:35+00:00
ROT-866_IMG_2363_dummy10.jpg,6/1/2022,Guam-CNMI,ROT-866,MASTER,4798,2205,*BGMA,jonathan.charendoff,2025-07-25 20:56:23+00:00
ROT-UNK_IMG_5773_dummy10.JPG,6/1/2022,Guam-CNMI,ROT-UNK,MASTER,87,5412,*TURFH,jonathan.charendoff,2022-06-27 17:58:06+00:00
ROT-UNK_IMG_5773_dummy10.JPG,6/1/2022,Guam-CNMI,ROT-UNK,MASTER,1060,2567,*HALI,jonathan.charendoff,2025-07-25 20:57:24+00:00
ROT-UNK_IMG_5773_dummy10.JPG,6/1/2022,Guam-CNMI,ROT-UNK,MASTER,1016,2548,*HALI,jonathan.charendoff,2025-07-25 20:57:24+00:00
ROT-UNK_IMG_5773_dummy10.JPG,6/1/2022,Guam-CNMI,ROT-UNK,MASTER,1356,3912,*TURFH,jonathan.charendoff,2025-07-25 20:57:24+00:00
ROT-UNK_IMG_5773_dummy10.JPG,6/1/2022,Guam-CNMI,ROT-UNK,MASTER,1540,557,*CCAH,jonathan.charendoff,2022-06-27 17:58:06+00:00
ROT-UNK_IMG_5773_dummy10.JPG,6/1/2022,Guam-CNMI,ROT-UNK,MASTER,2489,36,*CCAH,jonathan.charendoff,2022-06-27 17:58:06+00:00
ROT-UNK_IMG_5773_dummy10.JPG,6/1/2022,Guam-CNMI,ROT-UNK,MASTER,2864,1429,*CCAH,jonathan.charendoff,2025-07-25 20:57:24+00:00
ROT-UNK_IMG_5773_dummy10.JPG,6/1/2022,Guam-CNMI,ROT-UNK,MASTER,2768,1631,*MICR,jonathan.charendoff,2022-07-01 23:05:34+00:00
ROT-UNK_IMG_5773_dummy10.JPG,6/1/2022,Guam-CNMI,ROT-UNK,MASTER,2735,3499,*MICR,jonathan.charendoff,2025-07-25 20:57:24+00:00
ROT-UNK_IMG_5773_dummy10.JPG,6/1/2022,Guam-CNMI,ROT-UNK,MASTER,2951,1061,*TURFH,jonathan.charendoff,2025-07-25 20:57:24+00:00
SAI-1820_IMG_0893_dummy10.jpg,6/1/2022,Guam-CNMI,SAI-1820,MASTER,289,2420,*TURFH,jonathan.charendoff,2022-06-27 17:53:33+00:00
SAI-1820_IMG_0893_dummy10.jpg,6/1/2022,Guam-CNMI,SAI-1820,MASTER,1643,1506,*TURFH,jonathan.charendoff,2022-06-27 17:53:33+00:00
SAI-1820_IMG_0893_dummy10.jpg,6/1/2022,Guam-CNMI,SAI-1820,MASTER,2592,379,*TURFH,jonathan.charendoff,2022-06-27 17:53:33+00:00
SAI-1820_IMG_0893_dummy10.jpg,6/1/2022,Guam-CNMI,SAI-1820,MASTER,3840,1146,*TURFH,jonathan.charendoff,2022-06-27 17:53:33+00:00
SAI-1820_IMG_0893_dummy10.jpg,6/1/2022,Guam-CNMI,SAI-1820,MASTER,3842,1891,*TURFH,jonathan.charendoff,2022-06-27 17:53:33+00:00
SAI-1820_IMG_0893_dummy10.jpg,6/1/2022,Guam-CNMI,SAI-1820,MASTER,3815,2692,*HARD,jonathan.charendoff,2022-06-27 17:53:33+00:00
SAI-1820_IMG_0893_dummy10.jpg,6/1/2022,Guam-CNMI,SAI-1820,MASTER,3831,2611,*MOEN,jonathan.charendoff,2022-06-27 17:53:33+00:00
SAI-1820_IMG_0893_dummy10.jpg,6/1/2022,Guam-CNMI,SAI-1820,MASTER,4462,1936,*TURFH,jonathan.charendoff,2022-06-27 17:53:33+00:00
SAI-1820_IMG_0893_dummy10.jpg,6/1/2022,Guam-CNMI,SAI-1820,MASTER,4753,2537,*TURFH,jonathan.charendoff,2022-06-27 17:53:33+00:00
SAI-1820_IMG_0893_dummy10.jpg,6/1/2022,Guam-CNMI,SAI-1820,MASTER,5013,2348,*SHAD,jonathan.charendoff,2025-07-25 23:35:07+00:00
SAI-1822_IMG_2077_dummy10.jpg,6/1/2022,Guam-CNMI,SAI-1822,MASTER,303,877,*TURFH,jonathan.charendoff,2022-06-27 17:52:37+00:00
SAI-1822_IMG_2077_dummy10.jpg,6/1/2022,Guam-CNMI,SAI-1822,MASTER,61,2238,*TURFH,jonathan.charendoff,2022-06-27 17:52:36+00:00
SAI-1822_IMG_2077_dummy10.jpg,6/1/2022,Guam-CNMI,SAI-1822,MASTER,1296,4887,*TURFH,jonathan.charendoff,2022-06-27 17:52:36+00:00
SAI-1822_IMG_2077_dummy10.jpg,6/1/2022,Guam-CNMI,SAI-1822,MASTER,1688,42,*CCAH,jonathan.charendoff,2025-07-25 20:58:35+00:00
SAI-1822_IMG_2077_dummy10.jpg,6/1/2022,Guam-CNMI,SAI-1822,MASTER,2073,2636,*CCAH,jonathan.charendoff,2025-07-25 20:58:35+00:00
SAI-1822_IMG_2077_dummy10.jpg,6/1/2022,Guam-CNMI,SAI-1822,MASTER,2693,1447,*CCAH,jonathan.charendoff,2022-06-27 17:52:36+00:00
SAI-1822_IMG_2077_dummy10.jpg,6/1/2022,Guam-CNMI,SAI-1822,MASTER,2809,4992,*POEN,jonathan.charendoff,2022-06-27 17:52:36+00:00
SAI-1822_IMG_2077_dummy10.jpg,6/1/2022,Guam-CNMI,SAI-1822,MASTER,3042,2844,*TURFH,jonathan.charendoff,2022-06-27 17:52:36+00:00
SAI-1822_IMG_2077_dummy10.jpg,6/1/2022,Guam-CNMI,SAI-1822,MASTER,3605,3033,*TURFH,jonathan.charendoff,2022-06-27 17:52:36+00:00
SAI-1822_IMG_2077_dummy10.jpg,6/1/2022,Guam-CNMI,SAI-1822,MASTER,2988,2637,*CCAH,jonathan.charendoff,2022-06-27 17:52:36+00:00
SAI-1822_IMG_2102_dummy10.jpg,6/1/2022,Guam-CNMI,SAI-1822,MASTER,289,3026,*TURFH,jonathan.charendoff,2025-07-25 20:59:33+00:00
SAI-1822_IMG_2102_dummy10.jpg,6/1/2022,Guam-CNMI,SAI-1822,MASTER,579,3114,*TURFH,jonathan.charendoff,2022-06-27 17:50:46+00:00
SAI-1822_IMG_2102_dummy10.jpg,6/1/2022,Guam-CNMI,SAI-1822,MASTER,73,2966,*TURFH,jonathan.charendoff,2022-06-27 17:50:46+00:00
SAI-1822_IMG_2102_dummy10.jpg,6/1/2022,Guam-CNMI,SAI-1822,MASTER,2070,51,*EMA,jonathan.charendoff,2025-07-25 20:59:33+00:00
SAI-1822_IMG_2102_dummy10.jpg,6/1/2022,Guam-CNMI,SAI-1822,MASTER,1655,1043,*TURFH,jonathan.charendoff,2022-06-27 17:50:46+00:00
SAI-1822_IMG_2102_dummy10.jpg,6/1/2022,Guam-CNMI,SAI-1822,MASTER,3961,1700,*TURFH,jonathan.charendoff,2022-06-27 17:50:46+00:00
SAI-1822_IMG_2102_dummy10.jpg,6/1/2022,Guam-CNMI,SAI-1822,MASTER,3965,3395,*TURFH,jonathan.charendoff,2022-06-27 17:50:46+00:00
SAI-1822_IMG_2102_dummy10.jpg,6/1/2022,Guam-CNMI,SAI-1822,MASTER,4614,1048,*TURFH,jonathan.charendoff,2022-06-27 17:50:46+00:00
SAI-1822_IMG_2102_dummy10.jpg,6/1/2022,Guam-CNMI,SAI-1822,MASTER,4945,1656,*CCAH,jonathan.charendoff,2025-07-25 20:59:33+00:00
SAI-1822_IMG_2102_dummy10.jpg,6/1/2022,Guam-CNMI,SAI-1822,MASTER,4446,2163,*TURFH,jonathan.charendoff,2022-06-27 17:50:46+00:00
SAI-1838_IMG_0564_dummy10.jpg,6/1/2022,Guam-CNMI,SAI-1838,MASTER,976,866,*TURFH,jonathan.charendoff,2022-06-27 17:50:16+00:00
SAI-1838_IMG_0564_dummy10.jpg,6/1/2022,Guam-CNMI,SAI-1838,MASTER,2029,519,*TURFH,jonathan.charendoff,2022-06-27 17:50:16+00:00
SAI-1838_IMG_0564_dummy10.jpg,6/1/2022,Guam-CNMI,SAI-1838,MASTER,1766,448,*TURFH,jonathan.charendoff,2022-06-27 17:50:16+00:00
SAI-1838_IMG_0564_dummy10.jpg,6/1/2022,Guam-CNMI,SAI-1838,MASTER,1976,437,*TURFH,jonathan.charendoff,2022-06-27 17:50:16+00:00
SAI-1838_IMG_0564_dummy10.jpg,6/1/2022,Guam-CNMI,SAI-1838,MASTER,2091,4016,*TURFH,jonathan.charendoff,2022-06-27 17:50:16+00:00
SAI-1838_IMG_0564_dummy10.jpg,6/1/2022,Guam-CNMI,SAI-1838,MASTER,2045,4703,*TURFH,jonathan.charendoff,2022-06-27 17:50:16+00:00
SAI-1838_IMG_0564_dummy10.jpg,6/1/2022,Guam-CNMI,SAI-1838,MASTER,2388,947,*GONS,jonathan.charendoff,2022-06-27 17:50:16+00:00
SAI-1838_IMG_0564_dummy10.jpg,6/1/2022,Guam-CNMI,SAI-1838,MASTER,2894,2890,*CCAH,jonathan.charendoff,2022-06-27 17:50:16+00:00
SAI-1838_IMG_0564_dummy10.jpg,6/1/2022,Guam-CNMI,SAI-1838,MASTER,2304,4309,*TURFH,jonathan.charendoff,2022-06-27 17:50:16+00:00
SAI-1838_IMG_0564_dummy10.jpg,6/1/2022,Guam-CNMI,SAI-1838,MASTER,3602,1083,*CCAH,jonathan.charendoff,2025-07-25 20:59:58+00:00
SAI-1852_IMG_1774_dummy10.jpg,6/1/2022,Guam-CNMI,SAI-1852,MASTER,147,5089,*TURFH,jonathan.charendoff,2022-06-27 20:03:39+00:00
SAI-1852_IMG_1774_dummy10.jpg,6/1/2022,Guam-CNMI,SAI-1852,MASTER,601,4930,*TURFH,jonathan.charendoff,2022-06-27 20:03:39+00:00
SAI-1852_IMG_1774_dummy10.jpg,6/1/2022,Guam-CNMI,SAI-1852,MASTER,976,738,*TURFH,jonathan.charendoff,2022-06-27 20:03:39+00:00
SAI-1852_IMG_1774_dummy10.jpg,6/1/2022,Guam-CNMI,SAI-1852,MASTER,782,575,*SAND,jonathan.charendoff,2025-07-25 21:00:41+00:00
SAI-1852_IMG_1774_dummy10.jpg,6/1/2022,Guam-CNMI,SAI-1852,MASTER,2003,358,*SAND,jonathan.charendoff,2022-06-27 20:03:39+00:00
SAI-1852_IMG_1774_dummy10.jpg,6/1/2022,Guam-CNMI,SAI-1852,MASTER,1560,2483,*CCAH,jonathan.charendoff,2025-07-25 21:00:41+00:00
SAI-1852_IMG_1774_dummy10.jpg,6/1/2022,Guam-CNMI,SAI-1852,MASTER,2030,3594,*TURFH,jonathan.charendoff,2022-06-27 20:03:39+00:00
SAI-1852_IMG_1774_dummy10.jpg,6/1/2022,Guam-CNMI,SAI-1852,MASTER,1601,4028,*TURFH,jonathan.charendoff,2022-06-27 20:03:39+00:00
SAI-1852_IMG_1774_dummy10.jpg,6/1/2022,Guam-CNMI,SAI-1852,MASTER,3384,2724,*SAND,jonathan.charendoff,2025-07-25 21:00:41+00:00
SAI-1852_IMG_1774_dummy10.jpg,6/1/2022,Guam-CNMI,SAI-1852,MASTER,3067,4098,*TURFH,jonathan.charendoff,2022-06-27 20:03:39+00:00
SAI-1854_IMG_0691_dummy10.jpg,6/1/2022,Guam-CNMI,SAI-1854,MASTER,723,1384,*BGMA,jonathan.charendoff,2025-07-25 21:09:22+00:00
SAI-1854_IMG_0691_dummy10.jpg,6/1/2022,Guam-CNMI,SAI-1854,MASTER,1686,1710,*TURFH,jonathan.charendoff,2022-06-27 20:05:06+00:00
SAI-1854_IMG_0691_dummy10.jpg,6/1/2022,Guam-CNMI,SAI-1854,MASTER,1822,2476,*CYPS,jonathan.charendoff,2022-07-01 18:58:32+00:00
SAI-1854_IMG_0691_dummy10.jpg,6/1/2022,Guam-CNMI,SAI-1854,MASTER,1189,2698,*CYPS,jonathan.charendoff,2022-06-27 20:05:06+00:00
SAI-1854_IMG_0691_dummy10.jpg,6/1/2022,Guam-CNMI,SAI-1854,MASTER,1996,2909,*CYPS,jonathan.charendoff,2022-06-27 20:05:06+00:00
SAI-1854_IMG_0691_dummy10.jpg,6/1/2022,Guam-CNMI,SAI-1854,MASTER,2475,415,*FASP,jonathan.charendoff,2022-06-27 20:05:06+00:00
SAI-1854_IMG_0691_dummy10.jpg,6/1/2022,Guam-CNMI,SAI-1854,MASTER,2634,758,*POEN,jonathan.charendoff,2025-07-25 21:09:22+00:00
SAI-1854_IMG_0691_dummy10.jpg,6/1/2022,Guam-CNMI,SAI-1854,MASTER,3682,3274,*TURFH,jonathan.charendoff,2022-06-27 20:05:06+00:00
SAI-1854_IMG_0691_dummy10.jpg,6/1/2022,Guam-CNMI,SAI-1854,MASTER,4421,514,*ASSP,jonathan.charendoff,2022-06-27 20:05:06+00:00
SAI-1854_IMG_0691_dummy10.jpg,6/1/2022,Guam-CNMI,SAI-1854,MASTER,4854,3384,*TURFH,jonathan.charendoff,2022-06-27 20:05:06+00:00
SAI-1857_IMG_1868_dummy10.jpg,6/1/2022,Guam-CNMI,SAI-1857,MASTER,264,1132,*TURFH,jonathan.charendoff,2022-07-01 23:26:26+00:00
SAI-1857_IMG_1868_dummy10.jpg,6/1/2022,Guam-CNMI,SAI-1857,MASTER,393,1780,*PESP,jonathan.charendoff,2025-07-25 21:10:45+00:00
SAI-1857_IMG_1868_dummy10.jpg,6/1/2022,Guam-CNMI,SAI-1857,MASTER,1094,285,*ASSP,jonathan.charendoff,2022-07-02 01:15:44+00:00
SAI-1857_IMG_1868_dummy10.jpg,6/1/2022,Guam-CNMI,SAI-1857,MASTER,1789,2681,*TURFH,jonathan.charendoff,2022-06-27 20:06:41+00:00
SAI-1857_IMG_1868_dummy10.jpg,6/1/2022,Guam-CNMI,SAI-1857,MASTER,2155,4010,*ASSP,jonathan.charendoff,2022-06-27 20:06:41+00:00
SAI-1857_IMG_1868_dummy10.jpg,6/1/2022,Guam-CNMI,SAI-1857,MASTER,2380,1985,*TURFH,jonathan.charendoff,2022-06-27 20:06:41+00:00
SAI-1857_IMG_1868_dummy10.jpg,6/1/2022,Guam-CNMI,SAI-1857,MASTER,2629,2941,*TURFH,jonathan.charendoff,2022-06-27 20:06:41+00:00
SAI-1857_IMG_1868_dummy10.jpg,6/1/2022,Guam-CNMI,SAI-1857,MASTER,3272,495,*TURFH,jonathan.charendoff,2022-06-27 20:06:41+00:00
SAI-1857_IMG_1868_dummy10.jpg,6/1/2022,Guam-CNMI,SAI-1857,MASTER,3561,1262,*TURFH,jonathan.charendoff,2022-06-27 20:06:41+00:00
SAI-1857_IMG_1868_dummy10.jpg,6/1/2022,Guam-CNMI,SAI-1857,MASTER,3016,5056,*ENC,jonathan.charendoff,2022-06-27 20:06:41+00:00
SAI-1858_IMG_1828_dummy10.jpg,6/1/2022,Guam-CNMI,SAI-1858,MASTER,6,551,*TURFR,jonathan.charendoff,2025-07-25 21:13:06+00:00
SAI-1858_IMG_1828_dummy10.jpg,6/1/2022,Guam-CNMI,SAI-1858,MASTER,1220,1201,*EMA,jonathan.charendoff,2025-07-25 21:13:06+00:00
SAI-1858_IMG_1828_dummy10.jpg,6/1/2022,Guam-CNMI,SAI-1858,MASTER,2398,1326,*BGMA,jonathan.charendoff,2022-07-01 19:08:50+00:00
SAI-1858_IMG_1828_dummy10.jpg,6/1/2022,Guam-CNMI,SAI-1858,MASTER,2464,1375,*TURFH,jonathan.charendoff,2022-06-27 20:08:09+00:00
SAI-1858_IMG_1828_dummy10.jpg,6/1/2022,Guam-CNMI,SAI-1858,MASTER,2695,3401,*LEPT,jonathan.charendoff,2022-06-27 20:08:09+00:00
SAI-1858_IMG_1828_dummy10.jpg,6/1/2022,Guam-CNMI,SAI-1858,MASTER,4231,2809,*HALI,jonathan.charendoff,2025-07-25 21:13:06+00:00
SAI-1858_IMG_1828_dummy10.jpg,6/1/2022,Guam-CNMI,SAI-1858,MASTER,5055,727,*ASSP,jonathan.charendoff,2025-07-25 21:13:06+00:00
SAI-1858_IMG_1828_dummy10.jpg,6/1/2022,Guam-CNMI,SAI-1858,MASTER,4844,1238,*TURFH,jonathan.charendoff,2022-06-27 20:08:09+00:00
SAI-1858_IMG_1828_dummy10.jpg,6/1/2022,Guam-CNMI,SAI-1858,MASTER,5227,2638,*PESP,jonathan.charendoff,2022-06-27 20:08:09+00:00
SAI-1858_IMG_1828_dummy10.jpg,6/1/2022,Guam-CNMI,SAI-1858,MASTER,4740,3181,*PADI,jonathan.charendoff,2022-06-27 20:08:09+00:00
SAI-1888_IMG_9809_dummy10.jpg,6/1/2022,Guam-CNMI,SAI-1888,MASTER,1435,1391,*TURFH,jonathan.charendoff,2022-06-27 20:13:17+00:00
SAI-1888_IMG_9809_dummy10.jpg,6/1/2022,Guam-CNMI,SAI-1888,MASTER,2084,3486,*TURFH,jonathan.charendoff,2022-06-27 20:13:17+00:00
SAI-1888_IMG_9809_dummy10.jpg,6/1/2022,Guam-CNMI,SAI-1888,MASTER,1336,3306,*TURFH,jonathan.charendoff,2022-06-27 20:13:17+00:00
SAI-1888_IMG_9809_dummy10.jpg,6/1/2022,Guam-CNMI,SAI-1888,MASTER,2265,2274,*TURFH,jonathan.charendoff,2022-06-27 20:13:17+00:00
SAI-1888_IMG_9809_dummy10.jpg,6/1/2022,Guam-CNMI,SAI-1888,MASTER,2692,3073,*TURFH,jonathan.charendoff,2022-06-27 20:13:17+00:00
SAI-1888_IMG_9809_dummy10.jpg,6/1/2022,Guam-CNMI,SAI-1888,MASTER,4081,2578,*TURFH,jonathan.charendoff,2022-06-27 20:13:17+00:00
SAI-1888_IMG_9809_dummy10.jpg,6/1/2022,Guam-CNMI,SAI-1888,MASTER,4505,1249,*TURFH,jonathan.charendoff,2022-06-27 20:13:17+00:00
SAI-1888_IMG_9809_dummy10.jpg,6/1/2022,Guam-CNMI,SAI-1888,MASTER,5038,1490,*TURFR,jonathan.charendoff,2025-07-25 21:43:57+00:00
SAI-1888_IMG_9809_dummy10.jpg,6/1/2022,Guam-CNMI,SAI-1888,MASTER,5048,3397,*TURFH,jonathan.charendoff,2022-07-01 20:06:16+00:00
SAI-1888_IMG_9809_dummy10.jpg,6/1/2022,Guam-CNMI,SAI-1888,MASTER,4466,3626,*TURFH,jonathan.charendoff,2022-06-27 20:13:17+00:00
SAI-1909_IMG_0714_dummy10.jpg,6/1/2022,Guam-CNMI,SAI-1909,MASTER,431,2582,*TURFH,jonathan.charendoff,2022-06-27 20:12:46+00:00
SAI-1909_IMG_0714_dummy10.jpg,6/1/2022,Guam-CNMI,SAI-1909,MASTER,911,38,*CCAH,jonathan.charendoff,2022-06-27 20:12:46+00:00
SAI-1909_IMG_0714_dummy10.jpg,6/1/2022,Guam-CNMI,SAI-1909,MASTER,760,4683,*CCAH,jonathan.charendoff,2025-07-25 21:44:36+00:00
SAI-1909_IMG_0714_dummy10.jpg,6/1/2022,Guam-CNMI,SAI-1909,MASTER,2328,67,*STYS,jonathan.charendoff,2022-06-27 20:12:46+00:00
SAI-1909_IMG_0714_dummy10.jpg,6/1/2022,Guam-CNMI,SAI-1909,MASTER,2794,3576,*TURFH,jonathan.charendoff,2022-06-27 20:12:46+00:00
SAI-1909_IMG_0714_dummy10.jpg,6/1/2022,Guam-CNMI,SAI-1909,MASTER,2859,4596,*CCAH,jonathan.charendoff,2022-06-27 20:12:46+00:00
SAI-1909_IMG_0714_dummy10.jpg,6/1/2022,Guam-CNMI,SAI-1909,MASTER,3450,1850,*TURFH,jonathan.charendoff,2022-06-27 20:12:46+00:00
SAI-1909_IMG_0714_dummy10.jpg,6/1/2022,Guam-CNMI,SAI-1909,MASTER,3251,1506,*CCAH,jonathan.charendoff,2022-06-27 20:12:46+00:00
SAI-1909_IMG_0714_dummy10.jpg,6/1/2022,Guam-CNMI,SAI-1909,MASTER,3543,2485,*POCS,jonathan.charendoff,2022-06-27 20:12:46+00:00
SAI-1909_IMG_0714_dummy10.jpg,6/1/2022,Guam-CNMI,SAI-1909,MASTER,3214,3363,*TURFH,jonathan.charendoff,2022-06-27 20:12:46+00:00
SAI-1909_IMG_0735_dummy10.jpg,6/1/2022,Guam-CNMI,SAI-1909,MASTER,854,1364,*TURFH,jonathan.charendoff,2022-06-27 20:11:58+00:00
SAI-1909_IMG_0735_dummy10.jpg,6/1/2022,Guam-CNMI,SAI-1909,MASTER,452,979,*CCAH,jonathan.charendoff,2022-06-27 20:11:58+00:00
SAI-1909_IMG_0735_dummy10.jpg,6/1/2022,Guam-CNMI,SAI-1909,MASTER,564,915,*POEN,jonathan.charendoff,2025-07-25 21:45:25+00:00
SAI-1909_IMG_0735_dummy10.jpg,6/1/2022,Guam-CNMI,SAI-1909,MASTER,590,2682,*TURFH,jonathan.charendoff,2025-07-25 21:45:25+00:00
SAI-1909_IMG_0735_dummy10.jpg,6/1/2022,Guam-CNMI,SAI-1909,MASTER,3005,244,*TURFH,jonathan.charendoff,2022-06-27 20:11:58+00:00
SAI-1909_IMG_0735_dummy10.jpg,6/1/2022,Guam-CNMI,SAI-1909,MASTER,2927,10,*CCAH,jonathan.charendoff,2022-06-27 20:11:58+00:00
SAI-1909_IMG_0735_dummy10.jpg,6/1/2022,Guam-CNMI,SAI-1909,MASTER,3084,1240,*TURFH,jonathan.charendoff,2022-06-27 20:11:58+00:00
SAI-1909_IMG_0735_dummy10.jpg,6/1/2022,Guam-CNMI,SAI-1909,MASTER,2937,2457,*TURFH,jonathan.charendoff,2022-06-27 20:11:58+00:00
SAI-1909_IMG_0735_dummy10.jpg,6/1/2022,Guam-CNMI,SAI-1909,MASTER,3652,5,*TURFH,jonathan.charendoff,2022-06-27 20:11:58+00:00
SAI-1909_IMG_0735_dummy10.jpg,6/1/2022,Guam-CNMI,SAI-1909,MASTER,4928,3304,*TURFH,jonathan.charendoff,2025-07-25 21:45:25+00:00
SAI-1915_IMG_9876_dummy10.jpg,6/1/2022,Guam-CNMI,SAI-1915,MASTER,477,4284,*BGMA,jonathan.charendoff,2022-07-01 22:30:04+00:00
SAI-1915_IMG_9876_dummy10.jpg,6/1/2022,Guam-CNMI,SAI-1915,MASTER,1127,2557,*TURFH,jonathan.charendoff,2022-06-27 20:10:12+00:00
SAI-1915_IMG_9876_dummy10.jpg,6/1/2022,Guam-CNMI,SAI-1915,MASTER,1636,862,*TURFH,jonathan.charendoff,2022-06-27 20:10:12+00:00
SAI-1915_IMG_9876_dummy10.jpg,6/1/2022,Guam-CNMI,SAI-1915,MASTER,1873,2399,*TURFH,jonathan.charendoff,2025-07-25 21:51:04+00:00
SAI-1915_IMG_9876_dummy10.jpg,6/1/2022,Guam-CNMI,SAI-1915,MASTER,3124,1974,*GASP,jonathan.charendoff,2022-06-27 20:10:12+00:00
SAI-1915_IMG_9876_dummy10.jpg,6/1/2022,Guam-CNMI,SAI-1915,MASTER,3355,2080,*GASP,jonathan.charendoff,2022-06-27 20:10:12+00:00
SAI-1915_IMG_9876_dummy10.jpg,6/1/2022,Guam-CNMI,SAI-1915,MASTER,3522,1191,*TURFH,jonathan.charendoff,2022-06-27 20:10:12+00:00
SAI-1915_IMG_9876_dummy10.jpg,6/1/2022,Guam-CNMI,SAI-1915,MASTER,2974,1381,*BGMA,jonathan.charendoff,2022-07-01 22:30:08+00:00
SAI-1915_IMG_9876_dummy10.jpg,6/1/2022,Guam-CNMI,SAI-1915,MASTER,3287,2591,*ASSP,jonathan.charendoff,2022-06-27 20:10:12+00:00
SAI-1915_IMG_9876_dummy10.jpg,6/1/2022,Guam-CNMI,SAI-1915,MASTER,3607,4671,*MOEN,jonathan.charendoff,2022-06-27 20:10:12+00:00
SAI-1916_IMG_0506_dummy10.jpg,6/1/2022,Guam-CNMI,SAI-1916,MASTER,546,1086,*TURFH,jonathan.charendoff,2022-06-27 20:09:22+00:00
SAI-1916_IMG_0506_dummy10.jpg,6/1/2022,Guam-CNMI,SAI-1916,MASTER,259,2592,*CCAH,jonathan.charendoff,2025-07-25 23:08:28+00:00
SAI-1916_IMG_0506_dummy10.jpg,6/1/2022,Guam-CNMI,SAI-1916,MASTER,1128,1239,*CCAH,jonathan.charendoff,2025-07-25 23:08:28+00:00
SAI-1916_IMG_0506_dummy10.jpg,6/1/2022,Guam-CNMI,SAI-1916,MASTER,1128,2886,*TURFH,jonathan.charendoff,2022-06-27 20:09:22+00:00
SAI-1916_IMG_0506_dummy10.jpg,6/1/2022,Guam-CNMI,SAI-1916,MASTER,1632,3515,*PESP,jonathan.charendoff,2022-06-27 20:09:22+00:00
SAI-1916_IMG_0506_dummy10.jpg,6/1/2022,Guam-CNMI,SAI-1916,MASTER,2698,867,*CCAH,jonathan.charendoff,2022-06-27 20:09:22+00:00
SAI-1916_IMG_0506_dummy10.jpg,6/1/2022,Guam-CNMI,SAI-1916,MASTER,2217,1707,*GOAL,jonathan.charendoff,2022-06-27 20:09:22+00:00
SAI-1916_IMG_0506_dummy10.jpg,6/1/2022,Guam-CNMI,SAI-1916,MASTER,2859,2905,*CCAH,jonathan.charendoff,2022-06-27 20:09:21+00:00
SAI-1916_IMG_0506_dummy10.jpg,6/1/2022,Guam-CNMI,SAI-1916,MASTER,4346,1571,*HALI,jonathan.charendoff,2025-07-25 23:08:28+00:00
SAI-1916_IMG_0506_dummy10.jpg,6/1/2022,Guam-CNMI,SAI-1916,MASTER,4327,3010,*TURFH,jonathan.charendoff,2022-07-01 20:07:44+00:00
SAI-1916_IMG_0510_dummy10.jpg,6/1/2022,Guam-CNMI,SAI-1916,MASTER,1601,860,*PESP,jonathan.charendoff,2022-06-27 20:14:55+00:00
SAI-1916_IMG_0510_dummy10.jpg,6/1/2022,Guam-CNMI,SAI-1916,MASTER,1758,4061,*TURFH,jonathan.charendoff,2025-07-25 23:09:27+00:00
SAI-1916_IMG_0510_dummy10.jpg,6/1/2022,Guam-CNMI,SAI-1916,MASTER,2909,249,*RDMA,jonathan.charendoff,2025-07-25 23:09:27+00:00
SAI-1916_IMG_0510_dummy10.jpg,6/1/2022,Guam-CNMI,SAI-1916,MASTER,2918,397,*RDMA,jonathan.charendoff,2022-06-27 20:14:55+00:00
SAI-1916_IMG_0510_dummy10.jpg,6/1/2022,Guam-CNMI,SAI-1916,MASTER,2819,260,*RDMA,jonathan.charendoff,2025-07-25 23:09:27+00:00
SAI-1916_IMG_0510_dummy10.jpg,6/1/2022,Guam-CNMI,SAI-1916,MASTER,2325,1856,*CCAH,jonathan.charendoff,2022-06-27 20:14:55+00:00
SAI-1916_IMG_0510_dummy10.jpg,6/1/2022,Guam-CNMI,SAI-1916,MASTER,2517,1112,*TURFH,jonathan.charendoff,2022-06-27 20:14:55+00:00
SAI-1916_IMG_0510_dummy10.jpg,6/1/2022,Guam-CNMI,SAI-1916,MASTER,2840,4680,*POEN,jonathan.charendoff,2025-07-25 23:09:27+00:00
SAI-1916_IMG_0510_dummy10.jpg,6/1/2022,Guam-CNMI,SAI-1916,MASTER,3583,4,*TURFH,jonathan.charendoff,2022-06-27 20:14:55+00:00
SAI-1916_IMG_0510_dummy10.jpg,6/1/2022,Guam-CNMI,SAI-1916,MASTER,3559,189,*TURFH,jonathan.charendoff,2022-06-27 20:14:55+00:00
SAI-1918_IMG_0604_dummy10.jpg,6/1/2022,Guam-CNMI,SAI-1918,MASTER,108,2439,*EMA,jonathan.charendoff,2025-07-25 23:10:22+00:00
SAI-1918_IMG_0604_dummy10.jpg,6/1/2022,Guam-CNMI,SAI-1918,MASTER,1868,105,*EMA,jonathan.charendoff,2025-07-25 23:10:22+00:00
SAI-1918_IMG_0604_dummy10.jpg,6/1/2022,Guam-CNMI,SAI-1918,MASTER,1907,909,*TURFH,jonathan.charendoff,2025-07-25 23:10:21+00:00
SAI-1918_IMG_0604_dummy10.jpg,6/1/2022,Guam-CNMI,SAI-1918,MASTER,1687,1723,*CCAH,jonathan.charendoff,2022-06-27 20:16:02+00:00
SAI-1918_IMG_0604_dummy10.jpg,6/1/2022,Guam-CNMI,SAI-1918,MASTER,2551,437,*TURFH,jonathan.charendoff,2022-06-27 20:16:02+00:00
SAI-1918_IMG_0604_dummy10.jpg,6/1/2022,Guam-CNMI,SAI-1918,MASTER,2449,2691,*EMA,jonathan.charendoff,2025-07-25 23:10:21+00:00
SAI-1918_IMG_0604_dummy10.jpg,6/1/2022,Guam-CNMI,SAI-1918,MASTER,2348,3184,*TURFH,jonathan.charendoff,2022-06-27 20:16:02+00:00
SAI-1918_IMG_0604_dummy10.jpg,6/1/2022,Guam-CNMI,SAI-1918,MASTER,3411,453,*TURFH,jonathan.charendoff,2022-06-27 20:16:02+00:00
SAI-1918_IMG_0604_dummy10.jpg,6/1/2022,Guam-CNMI,SAI-1918,MASTER,3408,3634,*TURFH,jonathan.charendoff,2022-06-27 20:16:02+00:00
SAI-1918_IMG_0604_dummy10.jpg,6/1/2022,Guam-CNMI,SAI-1918,MASTER,4737,804,*SP,jonathan.charendoff,2022-06-27 20:16:02+00:00
SAI-1921_IMG_0550_dummy10.jpg,6/1/2022,Guam-CNMI,SAI-1921,MASTER,880,1015,*CCAH,jonathan.charendoff,2025-07-25 23:11:13+00:00
SAI-1921_IMG_0550_dummy10.jpg,6/1/2022,Guam-CNMI,SAI-1921,MASTER,1353,2866,*SAND,jonathan.charendoff,2025-07-25 23:11:13+00:00
SAI-1921_IMG_0550_dummy10.jpg,6/1/2022,Guam-CNMI,SAI-1921,MASTER,1716,2585,*TURFH,jonathan.charendoff,2022-06-27 20:16:36+00:00
SAI-1921_IMG_0550_dummy10.jpg,6/1/2022,Guam-CNMI,SAI-1921,MASTER,2188,5103,*ASSP,jonathan.charendoff,2022-06-27 20:16:36+00:00
SAI-1921_IMG_0550_dummy10.jpg,6/1/2022,Guam-CNMI,SAI-1921,MASTER,1564,5393,*GRMA,jonathan.charendoff,2025-07-25 23:11:13+00:00
SAI-1921_IMG_0550_dummy10.jpg,6/1/2022,Guam-CNMI,SAI-1921,MASTER,2195,2058,*TURFH,jonathan.charendoff,2022-06-27 20:16:36+00:00
SAI-1921_IMG_0550_dummy10.jpg,6/1/2022,Guam-CNMI,SAI-1921,MASTER,2411,1869,*TURFH,jonathan.charendoff,2022-06-27 20:16:36+00:00
SAI-1921_IMG_0550_dummy10.jpg,6/1/2022,Guam-CNMI,SAI-1921,MASTER,2839,2935,*RDMA,jonathan.charendoff,2025-07-25 23:11:13+00:00
SAI-1921_IMG_0550_dummy10.jpg,6/1/2022,Guam-CNMI,SAI-1921,MASTER,2295,2759,*HALI,jonathan.charendoff,2025-07-25 23:11:13+00:00
SAI-1921_IMG_0550_dummy10.jpg,6/1/2022,Guam-CNMI,SAI-1921,MASTER,3273,4193,*TURFH,jonathan.charendoff,2022-06-27 20:16:36+00:00
SAI-1921_IMG_0552_dummy10.jpg,6/1/2022,Guam-CNMI,SAI-1921,MASTER,275,3725,*TURFH,jonathan.charendoff,2022-06-27 20:17:27+00:00
SAI-1921_IMG_0552_dummy10.jpg,6/1/2022,Guam-CNMI,SAI-1921,MASTER,1523,1541,*GOAL,jonathan.charendoff,2022-06-27 20:17:27+00:00
SAI-1921_IMG_0552_dummy10.jpg,6/1/2022,Guam-CNMI,SAI-1921,MASTER,1901,5235,*HALI,jonathan.charendoff,2025-07-25 23:35:33+00:00
SAI-1921_IMG_0552_dummy10.jpg,6/1/2022,Guam-CNMI,SAI-1921,MASTER,2536,555,*POMA,jonathan.charendoff,2022-06-27 20:17:27+00:00
SAI-1921_IMG_0552_dummy10.jpg,6/1/2022,Guam-CNMI,SAI-1921,MASTER,2606,102,*POMA,jonathan.charendoff,2022-06-27 20:17:27+00:00
SAI-1921_IMG_0552_dummy10.jpg,6/1/2022,Guam-CNMI,SAI-1921,MASTER,2846,1180,*POMA,jonathan.charendoff,2022-06-27 20:17:27+00:00
SAI-1921_IMG_0552_dummy10.jpg,6/1/2022,Guam-CNMI,SAI-1921,MASTER,2555,3084,*TURFH,jonathan.charendoff,2022-06-27 20:17:27+00:00
SAI-1921_IMG_0552_dummy10.jpg,6/1/2022,Guam-CNMI,SAI-1921,MASTER,2433,3180,*HALI,jonathan.charendoff,2025-07-25 23:35:33+00:00
SAI-1921_IMG_0552_dummy10.jpg,6/1/2022,Guam-CNMI,SAI-1921,MASTER,2791,3305,*ASSP,jonathan.charendoff,2022-06-27 20:17:27+00:00
SAI-1921_IMG_0552_dummy10.jpg,6/1/2022,Guam-CNMI,SAI-1921,MASTER,2920,1551,*TURFH,jonathan.charendoff,2022-06-27 20:17:27+00:00
TIN-838_IMG_1104_dummy10.jpg,6/1/2022,Guam-CNMI,TIN-838,MASTER,10,1290,*TURFH,jonathan.charendoff,2022-06-27 20:18:06+00:00
TIN-838_IMG_1104_dummy10.jpg,6/1/2022,Guam-CNMI,TIN-838,MASTER,346,2930,*TURFH,jonathan.charendoff,2022-06-27 20:18:06+00:00
TIN-838_IMG_1104_dummy10.jpg,6/1/2022,Guam-CNMI,TIN-838,MASTER,1865,941,*TURFH,jonathan.charendoff,2022-06-27 20:18:06+00:00
TIN-838_IMG_1104_dummy10.jpg,6/1/2022,Guam-CNMI,TIN-838,MASTER,1607,1792,*TURFH,jonathan.charendoff,2022-06-27 20:18:06+00:00
TIN-838_IMG_1104_dummy10.jpg,6/1/2022,Guam-CNMI,TIN-838,MASTER,2112,2911,*TURFH,jonathan.charendoff,2022-06-27 20:18:06+00:00
TIN-838_IMG_1104_dummy10.jpg,6/1/2022,Guam-CNMI,TIN-838,MASTER,1653,2554,*TURFH,jonathan.charendoff,2025-07-25 23:36:13+00:00
TIN-838_IMG_1104_dummy10.jpg,6/1/2022,Guam-CNMI,TIN-838,MASTER,2692,50,*TURFH,jonathan.charendoff,2022-06-27 20:18:06+00:00
TIN-838_IMG_1104_dummy10.jpg,6/1/2022,Guam-CNMI,TIN-838,MASTER,2971,1815,*BGMA,jonathan.charendoff,2022-07-01 22:32:00+00:00
TIN-838_IMG_1104_dummy10.jpg,6/1/2022,Guam-CNMI,TIN-838,MASTER,3618,1974,*TURFH,jonathan.charendoff,2025-07-25 23:36:13+00:00
TIN-838_IMG_1104_dummy10.jpg,6/1/2022,Guam-CNMI,TIN-838,MASTER,4854,2096,*TURFH,jonathan.charendoff,2025-07-25 23:36:19+00:00
TIN-855_IMG_9718_dummy10.jpg,6/1/2022,Guam-CNMI,TIN-855,MASTER,780,1137,*POCS,jonathan.charendoff,2025-07-25 23:38:19+00:00
TIN-855_IMG_9718_dummy10.jpg,6/1/2022,Guam-CNMI,TIN-855,MASTER,1568,127,*TURFH,jonathan.charendoff,2022-06-27 20:23:22+00:00
TIN-855_IMG_9718_dummy10.jpg,6/1/2022,Guam-CNMI,TIN-855,MASTER,2066,2349,*TURFH,jonathan.charendoff,2022-06-27 20:23:22+00:00
TIN-855_IMG_9718_dummy10.jpg,6/1/2022,Guam-CNMI,TIN-855,MASTER,2931,482,*TURFH,jonathan.charendoff,2022-06-27 20:23:22+00:00
TIN-855_IMG_9718_dummy10.jpg,6/1/2022,Guam-CNMI,TIN-855,MASTER,2952,1726,*TURFH,jonathan.charendoff,2022-06-27 20:23:22+00:00
TIN-855_IMG_9718_dummy10.jpg,6/1/2022,Guam-CNMI,TIN-855,MASTER,3167,2867,*SHAD,jonathan.charendoff,2025-07-25 23:38:19+00:00
TIN-855_IMG_9718_dummy10.jpg,6/1/2022,Guam-CNMI,TIN-855,MASTER,3604,284,*TURFH,jonathan.charendoff,2022-06-27 20:23:22+00:00
TIN-855_IMG_9718_dummy10.jpg,6/1/2022,Guam-CNMI,TIN-855,MASTER,4223,1445,*PAEN,jonathan.charendoff,2022-07-02 00:47:17+00:00
TIN-855_IMG_9718_dummy10.jpg,6/1/2022,Guam-CNMI,TIN-855,MASTER,4833,252,*HALI,jonathan.charendoff,2022-06-27 20:23:22+00:00
TIN-855_IMG_9718_dummy10.jpg,6/1/2022,Guam-CNMI,TIN-855,MASTER,5093,2456,*TURFH,jonathan.charendoff,2022-06-27 20:23:22+00:00
TIN-855_IMG_9723_dummy10.jpg,6/1/2022,Guam-CNMI,TIN-855,MASTER,486,997,*CCAH,jonathan.charendoff,2025-07-25 23:40:14+00:00
TIN-855_IMG_9723_dummy10.jpg,6/1/2022,Guam-CNMI,TIN-855,MASTER,397,1190,*CCAH,jonathan.charendoff,2022-06-27 20:22:50+00:00
TIN-855_IMG_9723_dummy10.jpg,6/1/2022,Guam-CNMI,TIN-855,MASTER,829,1621,*EMA,jonathan.charendoff,2025-07-25 23:40:14+00:00
TIN-855_IMG_9723_dummy10.jpg,6/1/2022,Guam-CNMI,TIN-855,MASTER,757,1569,*SHAD,jonathan.charendoff,2025-07-25 23:40:14+00:00
TIN-855_IMG_9723_dummy10.jpg,6/1/2022,Guam-CNMI,TIN-855,MASTER,483,2033,*EMA,jonathan.charendoff,2025-07-25 23:40:14+00:00
TIN-855_IMG_9723_dummy10.jpg,6/1/2022,Guam-CNMI,TIN-855,MASTER,1256,2474,*PAEN,jonathan.charendoff,2025-07-25 23:40:14+00:00
TIN-855_IMG_9723_dummy10.jpg,6/1/2022,Guam-CNMI,TIN-855,MASTER,3465,139,*POMA,jonathan.charendoff,2022-06-27 20:22:50+00:00
TIN-855_IMG_9723_dummy10.jpg,6/1/2022,Guam-CNMI,TIN-855,MASTER,3758,2963,*TURFH,jonathan.charendoff,2022-06-27 20:22:50+00:00
TIN-855_IMG_9723_dummy10.jpg,6/1/2022,Guam-CNMI,TIN-855,MASTER,5170,344,*HALI,jonathan.charendoff,2022-06-27 20:22:50+00:00
TIN-855_IMG_9723_dummy10.jpg,6/1/2022,Guam-CNMI,TIN-855,MASTER,5149,2683,*HALI,jonathan.charendoff,2025-07-25 23:40:14+00:00
TIN-855_IMG_9725_dummy10.jpg,6/1/2022,Guam-CNMI,TIN-855,MASTER,830,1118,*LPHY,jonathan.charendoff,2022-07-01 20:11:29+00:00
TIN-855_IMG_9725_dummy10.jpg,6/1/2022,Guam-CNMI,TIN-855,MASTER,1768,73,*HALI,jonathan.charendoff,2025-07-25 23:41:19+00:00
TIN-855_IMG_9725_dummy10.jpg,6/1/2022,Guam-CNMI,TIN-855,MASTER,1806,465,*HALI,jonathan.charendoff,2022-06-27 20:21:09+00:00
TIN-855_IMG_9725_dummy10.jpg,6/1/2022,Guam-CNMI,TIN-855,MASTER,1518,766,*TURFH,jonathan.charendoff,2022-06-27 20:21:09+00:00
TIN-855_IMG_9725_dummy10.jpg,6/1/2022,Guam-CNMI,TIN-855,MASTER,2523,150,*CCAH,jonathan.charendoff,2022-06-27 20:21:09+00:00
TIN-855_IMG_9725_dummy10.jpg,6/1/2022,Guam-CNMI,TIN-855,MASTER,2813,2538,*TURFH,jonathan.charendoff,2022-06-27 20:21:09+00:00
TIN-855_IMG_9725_dummy10.jpg,6/1/2022,Guam-CNMI,TIN-855,MASTER,3627,2694,*BGMA,jonathan.charendoff,2022-07-01 19:53:18+00:00
TIN-855_IMG_9725_dummy10.jpg,6/1/2022,Guam-CNMI,TIN-855,MASTER,4600,769,*EMA,jonathan.charendoff,2025-07-25 23:41:19+00:00
TIN-855_IMG_9725_dummy10.jpg,6/1/2022,Guam-CNMI,TIN-855,MASTER,5294,1378,*CCAH,jonathan.charendoff,2022-06-27 20:21:08+00:00
TIN-855_IMG_9725_dummy10.jpg,6/1/2022,Guam-CNMI,TIN-855,MASTER,5264,1413,*CCAH,jonathan.charendoff,2022-06-27 20:21:08+00:00
TIN-868_IMG_1956_dummy10.jpg,6/1/2022,Guam-CNMI,TIN-868,MASTER,192,4593,*POEN,jonathan.charendoff,2025-07-25 23:41:58+00:00
TIN-868_IMG_1956_dummy10.jpg,6/1/2022,Guam-CNMI,TIN-868,MASTER,135,5332,*POEN,jonathan.charendoff,2025-07-25 23:41:58+00:00
TIN-868_IMG_1956_dummy10.jpg,6/1/2022,Guam-CNMI,TIN-868,MASTER,1402,4777,*EMA,jonathan.charendoff,2025-07-25 23:41:58+00:00
TIN-868_IMG_1956_dummy10.jpg,6/1/2022,Guam-CNMI,TIN-868,MASTER,1735,1545,*POMA,jonathan.charendoff,2022-06-27 20:20:12+00:00
TIN-868_IMG_1956_dummy10.jpg,6/1/2022,Guam-CNMI,TIN-868,MASTER,1862,2250,*POMA,jonathan.charendoff,2022-06-27 20:20:12+00:00
TIN-868_IMG_1956_dummy10.jpg,6/1/2022,Guam-CNMI,TIN-868,MASTER,1920,4776,*CCAH,jonathan.charendoff,2022-06-27 20:20:12+00:00
TIN-868_IMG_1956_dummy10.jpg,6/1/2022,Guam-CNMI,TIN-868,MASTER,2287,3316,*SHAD,jonathan.charendoff,2022-06-27 20:20:12+00:00
TIN-868_IMG_1956_dummy10.jpg,6/1/2022,Guam-CNMI,TIN-868,MASTER,3098,2112,*CCAH,jonathan.charendoff,2022-06-27 20:20:12+00:00
TIN-868_IMG_1956_dummy10.jpg,6/1/2022,Guam-CNMI,TIN-868,MASTER,3364,5402,*TURFH,jonathan.charendoff,2025-07-25 23:41:58+00:00
TIN-868_IMG_1956_dummy10.jpg,6/1/2022,Guam-CNMI,TIN-868,MASTER,3334,5226,*TURFH,jonathan.charendoff,2025-07-25 23:41:58+00:00
TIN-885_IMG_0741_dummy10.jpg,6/1/2022,Guam-CNMI,TIN-885,MASTER,1157,2358,*ASSP,jonathan.charendoff,2022-06-27 20:18:50+00:00
TIN-885_IMG_0741_dummy10.jpg,6/1/2022,Guam-CNMI,TIN-885,MASTER,1570,4,*TURFH,jonathan.charendoff,2022-06-27 20:18:50+00:00
TIN-885_IMG_0741_dummy10.jpg,6/1/2022,Guam-CNMI,TIN-885,MASTER,1523,4137,*TURFH,jonathan.charendoff,2022-06-27 20:18:50+00:00
TIN-885_IMG_0741_dummy10.jpg,6/1/2022,Guam-CNMI,TIN-885,MASTER,1917,3978,*TURFH,jonathan.charendoff,2022-06-27 20:18:50+00:00
TIN-885_IMG_0741_dummy10.jpg,6/1/2022,Guam-CNMI,TIN-885,MASTER,2895,1438,*TURFH,jonathan.charendoff,2022-07-01 19:58:56+00:00
TIN-885_IMG_0741_dummy10.jpg,6/1/2022,Guam-CNMI,TIN-885,MASTER,3007,441,*TURFH,jonathan.charendoff,2022-07-01 19:58:56+00:00
TIN-885_IMG_0741_dummy10.jpg,6/1/2022,Guam-CNMI,TIN-885,MASTER,3534,1107,*HALI,jonathan.charendoff,2022-06-27 20:18:50+00:00
TIN-885_IMG_0741_dummy10.jpg,6/1/2022,Guam-CNMI,TIN-885,MASTER,3133,3238,*TURFH,jonathan.charendoff,2022-06-27 20:18:50+00:00
TIN-885_IMG_0741_dummy10.jpg,6/1/2022,Guam-CNMI,TIN-885,MASTER,3496,2884,*TURFH,jonathan.charendoff,2022-06-27 20:18:50+00:00
TIN-885_IMG_0741_dummy10.jpg,6/1/2022,Guam-CNMI,TIN-885,MASTER,3504,2639,*TURFH,jonathan.charendoff,2025-07-25 23:42:40+00:00
TIN-896_IMG_9790_dummy10.jpg,6/1/2022,Guam-CNMI,TIN-896,MASTER,117,2438,*TURFH,jonathan.charendoff,2022-06-27 20:24:51+00:00
TIN-896_IMG_9790_dummy10.jpg,6/1/2022,Guam-CNMI,TIN-896,MASTER,460,3964,*CCAH,jonathan.charendoff,2025-07-25 23:43:13+00:00
TIN-896_IMG_9790_dummy10.jpg,6/1/2022,Guam-CNMI,TIN-896,MASTER,730,1038,*TURFH,jonathan.charendoff,2022-06-27 20:24:51+00:00
TIN-896_IMG_9790_dummy10.jpg,6/1/2022,Guam-CNMI,TIN-896,MASTER,930,1796,*TURFH,jonathan.charendoff,2022-06-27 20:24:51+00:00
TIN-896_IMG_9790_dummy10.jpg,6/1/2022,Guam-CNMI,TIN-896,MASTER,1211,2587,*TURFH,jonathan.charendoff,2022-06-27 20:24:51+00:00
TIN-896_IMG_9790_dummy10.jpg,6/1/2022,Guam-CNMI,TIN-896,MASTER,1120,5447,*TURFH,jonathan.charendoff,2022-06-27 20:24:51+00:00
TIN-896_IMG_9790_dummy10.jpg,6/1/2022,Guam-CNMI,TIN-896,MASTER,1387,4489,*TURFH,jonathan.charendoff,2022-06-27 20:24:51+00:00
TIN-896_IMG_9790_dummy10.jpg,6/1/2022,Guam-CNMI,TIN-896,MASTER,2794,1803,*TURFH,jonathan.charendoff,2022-06-27 20:24:51+00:00
TIN-896_IMG_9790_dummy10.jpg,6/1/2022,Guam-CNMI,TIN-896,MASTER,2753,1213,*TURFH,jonathan.charendoff,2022-06-27 20:24:51+00:00
TIN-896_IMG_9790_dummy10.jpg,6/1/2022,Guam-CNMI,TIN-896,MASTER,2854,5153,*TURFH,jonathan.charendoff,2022-06-27 20:24:51+00:00
AGU-532_IMG_9142_dummy6.jpg,6/1/2022,Guam-CNMI,AGU-532,dummy6,34,69,*GONS,leerm,2025-10-15 23:12:33+00:00
AGU-532_IMG_9142_dummy6.jpg,6/1/2022,Guam-CNMI,AGU-532,dummy6,580,4878,*MOBF,leerm,2025-10-15 23:12:33+00:00
AGU-532_IMG_9142_dummy6.jpg,6/1/2022,Guam-CNMI,AGU-532,dummy6,1068,831,*HALI,leerm,2025-10-16 01:06:46+00:00
AGU-532_IMG_9142_dummy6.jpg,6/1/2022,Guam-CNMI,AGU-532,dummy6,1336,1895,*SHAD,leerm,2025-10-15 23:12:33+00:00
AGU-532_IMG_9142_dummy6.jpg,6/1/2022,Guam-CNMI,AGU-532,dummy6,1622,3187,*TURFH,leerm,2025-10-15 23:12:33+00:00
AGU-532_IMG_9142_dummy6.jpg,6/1/2022,Guam-CNMI,AGU-532,dummy6,2522,2561,*TURFH,leerm,2025-10-15 23:12:33+00:00
AGU-532_IMG_9142_dummy6.jpg,6/1/2022,Guam-CNMI,AGU-532,dummy6,2367,2388,*EMA,leerm,2025-10-16 01:03:06+00:00
AGU-532_IMG_9142_dummy6.jpg,6/1/2022,Guam-CNMI,AGU-532,dummy6,2766,2694,*TURFH,leerm,2025-10-15 23:12:33+00:00
AGU-532_IMG_9142_dummy6.jpg,6/1/2022,Guam-CNMI,AGU-532,dummy6,2749,4682,*PAMA,leerm,2025-10-15 23:12:33+00:00
AGU-532_IMG_9142_dummy6.jpg,6/1/2022,Guam-CNMI,AGU-532,dummy6,3389,1870,*PAEN,leerm,2025-10-15 23:12:33+00:00
AGU-541_IMG_9632_dummy6.jpg,6/1/2022,Guam-CNMI,AGU-541,dummy6,613,2472,*CYPS,leerm,2025-10-15 23:24:12+00:00
AGU-541_IMG_9632_dummy6.jpg,6/1/2022,Guam-CNMI,AGU-541,dummy6,1621,1987,*GONS,leerm,2025-10-15 23:24:12+00:00
AGU-541_IMG_9632_dummy6.jpg,6/1/2022,Guam-CNMI,AGU-541,dummy6,1452,2790,*CCAH,leerm,2025-10-15 23:24:12+00:00
AGU-541_IMG_9632_dummy6.jpg,6/1/2022,Guam-CNMI,AGU-541,dummy6,3512,731,*POMA,leerm,2025-10-15 23:24:12+00:00
AGU-541_IMG_9632_dummy6.jpg,6/1/2022,Guam-CNMI,AGU-541,dummy6,3309,2557,*CCAH,leerm,2025-10-15 23:24:12+00:00
AGU-541_IMG_9632_dummy6.jpg,6/1/2022,Guam-CNMI,AGU-541,dummy6,3987,2577,*CYPS,leerm,2025-10-15 23:24:12+00:00
AGU-541_IMG_9632_dummy6.jpg,6/1/2022,Guam-CNMI,AGU-541,dummy6,3829,3586,*HALI,leerm,2025-10-16 01:07:24+00:00
AGU-541_IMG_9632_dummy6.jpg,6/1/2022,Guam-CNMI,AGU-541,dummy6,4906,1931,*POMA,leerm,2025-10-15 23:24:12+00:00
AGU-541_IMG_9632_dummy6.jpg,6/1/2022,Guam-CNMI,AGU-541,dummy6,5295,3162,*CCAH,leerm,2025-10-15 23:24:12+00:00
AGU-541_IMG_9632_dummy6.jpg,6/1/2022,Guam-CNMI,AGU-541,dummy6,5307,3047,*POEN,leerm,2025-10-15 23:24:12+00:00
AGU-543_IMG_9673_dummy6.jpg,6/1/2022,Guam-CNMI,AGU-543,dummy6,583,3931,*TURFH,leerm,2025-10-15 23:27:04+00:00
AGU-543_IMG_9673_dummy6.jpg,6/1/2022,Guam-CNMI,AGU-543,dummy6,125,5046,*TURFH,leerm,2025-10-15 23:27:04+00:00
AGU-543_IMG_9673_dummy6.jpg,6/1/2022,Guam-CNMI,AGU-543,dummy6,1111,1623,*TURFH,leerm,2025-10-15 23:27:04+00:00
AGU-543_IMG_9673_dummy6.jpg,6/1/2022,Guam-CNMI,AGU-543,dummy6,1065,1249,*CCAH,leerm,2025-10-15 23:27:04+00:00
AGU-543_IMG_9673_dummy6.jpg,6/1/2022,Guam-CNMI,AGU-543,dummy6,1246,2216,*BGMA,leerm,2025-10-15 23:27:04+00:00
AGU-543_IMG_9673_dummy6.jpg,6/1/2022,Guam-CNMI,AGU-543,dummy6,1044,3989,*CCAH,leerm,2025-10-15 23:27:04+00:00
AGU-543_IMG_9673_dummy6.jpg,6/1/2022,Guam-CNMI,AGU-543,dummy6,2040,1153,*CCAH,leerm,2025-10-15 23:27:04+00:00
AGU-543_IMG_9673_dummy6.jpg,6/1/2022,Guam-CNMI,AGU-543,dummy6,3388,1742,*TURFH,leerm,2025-10-15 23:27:04+00:00
AGU-543_IMG_9673_dummy6.jpg,6/1/2022,Guam-CNMI,AGU-543,dummy6,3447,1329,*CCAH,leerm,2025-10-15 23:27:04+00:00
AGU-543_IMG_9673_dummy6.jpg,6/1/2022,Guam-CNMI,AGU-543,dummy6,3322,3156,*HALI,leerm,2025-10-16 01:07:52+00:00
AGU-548_IMG_1423_dummy6.jpg,6/1/2022,Guam-CNMI,AGU-548,dummy6,499,3547,*PESP,leerm,2025-10-16 01:18:48+00:00
AGU-548_IMG_1423_dummy6.jpg,6/1/2022,Guam-CNMI,AGU-548,dummy6,487,3851,*HALI,leerm,2025-10-16 01:18:48+00:00
AGU-548_IMG_1423_dummy6.jpg,6/1/2022,Guam-CNMI,AGU-548,dummy6,203,4002,*TURFH,leerm,2025-10-16 01:18:48+00:00
AGU-548_IMG_1423_dummy6.jpg,6/1/2022,Guam-CNMI,AGU-548,dummy6,1420,2403,*FASP,leerm,2025-10-16 01:18:48+00:00
AGU-548_IMG_1423_dummy6.jpg,6/1/2022,Guam-CNMI,AGU-548,dummy6,891,4029,*TURFH,leerm,2025-10-16 01:18:48+00:00
AGU-548_IMG_1423_dummy6.jpg,6/1/2022,Guam-CNMI,AGU-548,dummy6,2019,1533,*TURFH,leerm,2025-10-16 01:18:48+00:00
AGU-548_IMG_1423_dummy6.jpg,6/1/2022,Guam-CNMI,AGU-548,dummy6,1893,2193,*SHAD,leerm,2025-10-16 01:18:47+00:00
AGU-548_IMG_1423_dummy6.jpg,6/1/2022,Guam-CNMI,AGU-548,dummy6,1646,5213,*CYPS,leerm,2025-10-16 01:18:47+00:00
AGU-548_IMG_1423_dummy6.jpg,6/1/2022,Guam-CNMI,AGU-548,dummy6,3177,1521,*ENC,leerm,2025-10-16 01:18:47+00:00
AGU-548_IMG_1423_dummy6.jpg,6/1/2022,Guam-CNMI,AGU-548,dummy6,3263,2923,*TURFH,leerm,2025-10-16 01:18:47+00:00
AGU-558_IMG_9708_dummy6.jpg,6/1/2022,Guam-CNMI,AGU-558,dummy6,360,297,*TURFH,leerm,2025-10-16 01:26:21+00:00
AGU-558_IMG_9708_dummy6.jpg,6/1/2022,Guam-CNMI,AGU-558,dummy6,434,1844,*TURFH,leerm,2025-10-16 01:26:21+00:00
AGU-558_IMG_9708_dummy6.jpg,6/1/2022,Guam-CNMI,AGU-558,dummy6,862,2336,*POCS,leerm,2025-10-16 01:26:20+00:00
AGU-558_IMG_9708_dummy6.jpg,6/1/2022,Guam-CNMI,AGU-558,dummy6,1079,3518,*PESP,leerm,2025-10-16 01:26:20+00:00
AGU-558_IMG_9708_dummy6.jpg,6/1/2022,Guam-CNMI,AGU-558,dummy6,1806,1722,*PAEN,leerm,2025-10-16 01:26:20+00:00
AGU-558_IMG_9708_dummy6.jpg,6/1/2022,Guam-CNMI,AGU-558,dummy6,1761,3218,*TURFH,leerm,2025-10-16 01:26:20+00:00
AGU-558_IMG_9708_dummy6.jpg,6/1/2022,Guam-CNMI,AGU-558,dummy6,2190,1853,*POEN,leerm,2025-10-16 01:26:20+00:00
AGU-558_IMG_9708_dummy6.jpg,6/1/2022,Guam-CNMI,AGU-558,dummy6,3482,2739,*PESP,leerm,2025-10-16 01:26:20+00:00
AGU-558_IMG_9708_dummy6.jpg,6/1/2022,Guam-CNMI,AGU-558,dummy6,3151,3221,*POEN,leerm,2025-10-16 01:26:20+00:00
AGU-558_IMG_9708_dummy6.jpg,6/1/2022,Guam-CNMI,AGU-558,dummy6,2966,3277,*BGMA,leerm,2025-10-16 01:26:20+00:00
AGU-558_IMG_9713_dummy6.jpg,6/1/2022,Guam-CNMI,AGU-558,dummy6,1438,3687,*CCAH,leerm,2025-10-16 01:28:17+00:00
AGU-558_IMG_9713_dummy6.jpg,6/1/2022,Guam-CNMI,AGU-558,dummy6,1618,847,*TURFH,leerm,2025-10-16 01:28:17+00:00
AGU-558_IMG_9713_dummy6.jpg,6/1/2022,Guam-CNMI,AGU-558,dummy6,1576,3645,*TURFH,leerm,2025-10-16 01:28:17+00:00
AGU-558_IMG_9713_dummy6.jpg,6/1/2022,Guam-CNMI,AGU-558,dummy6,1713,5293,*SHAD,leerm,2025-10-16 01:28:17+00:00
AGU-558_IMG_9713_dummy6.jpg,6/1/2022,Guam-CNMI,AGU-558,dummy6,2312,2882,*TURFH,leerm,2025-10-16 01:28:17+00:00
AGU-558_IMG_9713_dummy6.jpg,6/1/2022,Guam-CNMI,AGU-558,dummy6,2542,4803,*TURFH,leerm,2025-10-16 01:28:17+00:00
AGU-558_IMG_9713_dummy6.jpg,6/1/2022,Guam-CNMI,AGU-558,dummy6,2400,4438,*TURFH,leerm,2025-10-16 01:28:17+00:00
AGU-558_IMG_9713_dummy6.jpg,6/1/2022,Guam-CNMI,AGU-558,dummy6,2466,5277,*TURFH,leerm,2025-10-16 01:28:17+00:00
AGU-558_IMG_9713_dummy6.jpg,6/1/2022,Guam-CNMI,AGU-558,dummy6,3460,2082,*CCAH,leerm,2025-10-16 01:28:17+00:00
AGU-558_IMG_9713_dummy6.jpg,6/1/2022,Guam-CNMI,AGU-558,dummy6,2996,4034,*BGMA,leerm,2025-10-16 01:28:17+00:00
AGU-558_IMG_9720_dummy6.jpg,6/1/2022,Guam-CNMI,AGU-558,dummy6,241,1650,*CCAH,leerm,2025-10-16 19:11:50+00:00
AGU-558_IMG_9720_dummy6.jpg,6/1/2022,Guam-CNMI,AGU-558,dummy6,145,2933,*HALI,leerm,2025-10-16 19:11:50+00:00
AGU-558_IMG_9720_dummy6.jpg,6/1/2022,Guam-CNMI,AGU-558,dummy6,1202,1086,*CCAH,leerm,2025-10-16 19:11:50+00:00
AGU-558_IMG_9720_dummy6.jpg,6/1/2022,Guam-CNMI,AGU-558,dummy6,2182,708,*SHAD,leerm,2025-10-16 19:11:50+00:00
AGU-558_IMG_9720_dummy6.jpg,6/1/2022,Guam-CNMI,AGU-558,dummy6,2067,672,*TURFH,leerm,2025-10-16 19:11:50+00:00
AGU-558_IMG_9720_dummy6.jpg,6/1/2022,Guam-CNMI,AGU-558,dummy6,1881,4150,*TURFH,leerm,2025-10-16 19:11:50+00:00
AGU-558_IMG_9720_dummy6.jpg,6/1/2022,Guam-CNMI,AGU-558,dummy6,1977,4158,*RDMA,leerm,2025-10-16 19:11:50+00:00
AGU-558_IMG_9720_dummy6.jpg,6/1/2022,Guam-CNMI,AGU-558,dummy6,3287,2091,*TURFR,leerm,2025-10-16 19:11:50+00:00
AGU-558_IMG_9720_dummy6.jpg,6/1/2022,Guam-CNMI,AGU-558,dummy6,3357,5382,*PESP,leerm,2025-10-16 19:11:50+00:00
AGU-558_IMG_9720_dummy6.jpg,6/1/2022,Guam-CNMI,AGU-558,dummy6,2994,5238,*UPMA,leerm,2025-10-16 19:11:50+00:00
ASC-366_2017_A_11_dummy6.jpg,5/1/2017,Guam-CNMI,ASC-366,dummy6,485,2277,*SAND,leerm,2025-10-16 19:30:59+00:00
ASC-366_2017_A_11_dummy6.jpg,5/1/2017,Guam-CNMI,ASC-366,dummy6,441,3110,*SAND,leerm,2025-10-16 19:30:59+00:00
ASC-366_2017_A_11_dummy6.jpg,5/1/2017,Guam-CNMI,ASC-366,dummy6,440,3944,*CYPS,leerm,2025-10-16 19:30:59+00:00
ASC-366_2017_A_11_dummy6.jpg,5/1/2017,Guam-CNMI,ASC-366,dummy6,1125,609,*SAND,leerm,2025-10-16 19:30:59+00:00
ASC-366_2017_A_11_dummy6.jpg,5/1/2017,Guam-CNMI,ASC-366,dummy6,990,787,*SAND,leerm,2025-10-16 19:30:59+00:00
ASC-366_2017_A_11_dummy6.jpg,5/1/2017,Guam-CNMI,ASC-366,dummy6,1723,35,*CCAH,leerm,2025-10-16 19:30:59+00:00
ASC-366_2017_A_11_dummy6.jpg,5/1/2017,Guam-CNMI,ASC-366,dummy6,1233,1339,*PESP,leerm,2025-10-16 19:30:59+00:00
ASC-366_2017_A_11_dummy6.jpg,5/1/2017,Guam-CNMI,ASC-366,dummy6,1720,1274,*TURFH,leerm,2025-10-16 19:30:58+00:00
ASC-366_2017_A_11_dummy6.jpg,5/1/2017,Guam-CNMI,ASC-366,dummy6,2270,1726,*BGMA,leerm,2025-10-16 19:30:58+00:00
ASC-366_2017_A_11_dummy6.jpg,5/1/2017,Guam-CNMI,ASC-366,dummy6,2987,2997,*FASP,leerm,2025-10-16 19:30:58+00:00
ASC-369_2017_A_26_dummy6.jpg,5/1/2017,Guam-CNMI,ASC-369,dummy6,412,1343,*TURFH,leerm,2025-10-16 19:34:27+00:00
ASC-369_2017_A_26_dummy6.jpg,5/1/2017,Guam-CNMI,ASC-369,dummy6,245,4081,*SHAD,leerm,2025-10-16 19:34:27+00:00
ASC-369_2017_A_26_dummy6.jpg,5/1/2017,Guam-CNMI,ASC-369,dummy6,483,4774,*CYPS,leerm,2025-10-16 19:34:27+00:00
ASC-369_2017_A_26_dummy6.jpg,5/1/2017,Guam-CNMI,ASC-369,dummy6,218,5175,*CYPS,leerm,2025-10-16 19:34:27+00:00
ASC-369_2017_A_26_dummy6.jpg,5/1/2017,Guam-CNMI,ASC-369,dummy6,369,4943,*CYPS,leerm,2025-10-16 19:34:27+00:00
ASC-369_2017_A_26_dummy6.jpg,5/1/2017,Guam-CNMI,ASC-369,dummy6,1011,197,*TURFH,leerm,2025-10-16 19:34:27+00:00
ASC-369_2017_A_26_dummy6.jpg,5/1/2017,Guam-CNMI,ASC-369,dummy6,1820,3404,*PESP,leerm,2025-10-16 19:34:27+00:00
ASC-369_2017_A_26_dummy6.jpg,5/1/2017,Guam-CNMI,ASC-369,dummy6,2203,663,*TURFH,leerm,2025-10-16 19:34:27+00:00
ASC-369_2017_A_26_dummy6.jpg,5/1/2017,Guam-CNMI,ASC-369,dummy6,2413,3604,*PESP,leerm,2025-10-16 19:34:27+00:00
ASC-369_2017_A_26_dummy6.jpg,5/1/2017,Guam-CNMI,ASC-369,dummy6,2739,5357,*TURFH,leerm,2025-10-16 19:34:26+00:00
ASC-372_2017_A_10_dummy6.jpg,5/1/2017,Guam-CNMI,ASC-372,dummy6,1404,2031,*CCAH,leerm,2025-10-16 19:38:59+00:00
ASC-372_2017_A_10_dummy6.jpg,5/1/2017,Guam-CNMI,ASC-372,dummy6,2132,698,*GOAL,leerm,2025-10-16 19:38:59+00:00
ASC-372_2017_A_10_dummy6.jpg,5/1/2017,Guam-CNMI,ASC-372,dummy6,1904,2612,*TURFH,leerm,2025-10-16 19:38:59+00:00
ASC-372_2017_A_10_dummy6.jpg,5/1/2017,Guam-CNMI,ASC-372,dummy6,2739,275,*GOAL,leerm,2025-10-16 19:38:59+00:00
ASC-372_2017_A_10_dummy6.jpg,5/1/2017,Guam-CNMI,ASC-372,dummy6,2489,2586,*TURFH,leerm,2025-10-16 19:38:59+00:00
ASC-372_2017_A_10_dummy6.jpg,5/1/2017,Guam-CNMI,ASC-372,dummy6,2344,3953,*CCAH,leerm,2025-10-16 19:38:59+00:00
ASC-372_2017_A_10_dummy6.jpg,5/1/2017,Guam-CNMI,ASC-372,dummy6,2715,5060,*TURFH,leerm,2025-10-16 19:38:59+00:00
ASC-372_2017_A_10_dummy6.jpg,5/1/2017,Guam-CNMI,ASC-372,dummy6,3182,1377,*CCAH,leerm,2025-10-16 19:38:59+00:00
ASC-372_2017_A_10_dummy6.jpg,5/1/2017,Guam-CNMI,ASC-372,dummy6,3165,4018,*TURFH,leerm,2025-10-16 19:38:59+00:00
ASC-372_2017_A_10_dummy6.jpg,5/1/2017,Guam-CNMI,ASC-372,dummy6,3224,5125,*PESP,leerm,2025-10-16 19:38:59+00:00
ASC-373_2017_A_29_dummy6.jpg,5/1/2017,Guam-CNMI,ASC-373,dummy6,44,1084,*TURFH,leerm,2025-10-16 19:41:36+00:00
ASC-373_2017_A_29_dummy6.jpg,5/1/2017,Guam-CNMI,ASC-373,dummy6,762,855,*PESP,leerm,2025-10-16 19:41:36+00:00
ASC-373_2017_A_29_dummy6.jpg,5/1/2017,Guam-CNMI,ASC-373,dummy6,779,1028,*TURFH,leerm,2025-10-16 19:41:36+00:00
ASC-373_2017_A_29_dummy6.jpg,5/1/2017,Guam-CNMI,ASC-373,dummy6,753,1084,*TURFH,leerm,2025-10-16 19:41:36+00:00
ASC-373_2017_A_29_dummy6.jpg,5/1/2017,Guam-CNMI,ASC-373,dummy6,691,1421,*TURFH,leerm,2025-10-16 19:41:36+00:00
ASC-373_2017_A_29_dummy6.jpg,5/1/2017,Guam-CNMI,ASC-373,dummy6,1090,410,*SHAD,leerm,2025-10-16 19:41:36+00:00
ASC-373_2017_A_29_dummy6.jpg,5/1/2017,Guam-CNMI,ASC-373,dummy6,989,1747,*POMA,leerm,2025-10-16 19:47:37+00:00
ASC-373_2017_A_29_dummy6.jpg,5/1/2017,Guam-CNMI,ASC-373,dummy6,1262,341,*TURFH,leerm,2025-10-16 19:41:36+00:00
ASC-373_2017_A_29_dummy6.jpg,5/1/2017,Guam-CNMI,ASC-373,dummy6,1506,828,*SHAD,leerm,2025-10-16 19:41:36+00:00
ASC-373_2017_A_29_dummy6.jpg,5/1/2017,Guam-CNMI,ASC-373,dummy6,1490,465,*HALI,leerm,2025-10-16 19:41:36+00:00
ASC-377_2017_A_27_dummy6.jpg,5/1/2017,Guam-CNMI,ASC-377,dummy6,216,814,*TURFH,leerm,2025-10-16 19:42:45+00:00
ASC-377_2017_A_27_dummy6.jpg,5/1/2017,Guam-CNMI,ASC-377,dummy6,931,310,*UPMA,leerm,2025-10-16 19:42:45+00:00
ASC-377_2017_A_27_dummy6.jpg,5/1/2017,Guam-CNMI,ASC-377,dummy6,1150,2534,*UPMA,leerm,2025-10-16 19:42:45+00:00
ASC-377_2017_A_27_dummy6.jpg,5/1/2017,Guam-CNMI,ASC-377,dummy6,732,2683,*UPMA,leerm,2025-10-16 19:42:45+00:00
ASC-377_2017_A_27_dummy6.jpg,5/1/2017,Guam-CNMI,ASC-377,dummy6,1776,405,*TURFH,leerm,2025-10-16 19:42:45+00:00
ASC-377_2017_A_27_dummy6.jpg,5/1/2017,Guam-CNMI,ASC-377,dummy6,2017,417,*TURFH,leerm,2025-10-16 19:42:45+00:00
ASC-377_2017_A_27_dummy6.jpg,5/1/2017,Guam-CNMI,ASC-377,dummy6,2071,1441,*UPMA,leerm,2025-10-16 19:42:45+00:00
ASC-377_2017_A_27_dummy6.jpg,5/1/2017,Guam-CNMI,ASC-377,dummy6,1907,4770,*UPMA,leerm,2025-10-16 19:42:45+00:00
ASC-377_2017_A_27_dummy6.jpg,5/1/2017,Guam-CNMI,ASC-377,dummy6,2675,1639,*TURFH,leerm,2025-10-16 19:42:45+00:00
ASC-377_2017_A_27_dummy6.jpg,5/1/2017,Guam-CNMI,ASC-377,dummy6,3050,1120,*PESP,leerm,2025-10-16 19:42:45+00:00
ASC-379_2017_A_04_dummy6.jpg,5/1/2017,Guam-CNMI,ASC-379,dummy6,193,701,*TURS,leerm,2025-10-16 20:01:28+00:00
ASC-379_2017_A_04_dummy6.jpg,5/1/2017,Guam-CNMI,ASC-379,dummy6,441,4624,*FASP,leerm,2025-10-16 20:01:28+00:00
ASC-379_2017_A_04_dummy6.jpg,5/1/2017,Guam-CNMI,ASC-379,dummy6,1104,3769,*POCS,leerm,2025-10-16 20:01:28+00:00
ASC-379_2017_A_04_dummy6.jpg,5/1/2017,Guam-CNMI,ASC-379,dummy6,833,5110,*TURFH,leerm,2025-10-16 20:01:28+00:00
ASC-379_2017_A_04_dummy6.jpg,5/1/2017,Guam-CNMI,ASC-379,dummy6,2425,2656,*TURFH,leerm,2025-10-16 20:01:28+00:00
ASC-379_2017_A_04_dummy6.jpg,5/1/2017,Guam-CNMI,ASC-379,dummy6,2654,4006,*TURFH,leerm,2025-10-16 20:01:28+00:00
ASC-379_2017_A_04_dummy6.jpg,5/1/2017,Guam-CNMI,ASC-379,dummy6,2199,5403,*TURFH,leerm,2025-10-16 20:01:28+00:00
ASC-379_2017_A_04_dummy6.jpg,5/1/2017,Guam-CNMI,ASC-379,dummy6,3076,2841,*TURS,leerm,2025-10-16 20:01:28+00:00
ASC-379_2017_A_04_dummy6.jpg,5/1/2017,Guam-CNMI,ASC-379,dummy6,3069,2961,*TURS,leerm,2025-10-16 20:01:28+00:00
ASC-379_2017_A_04_dummy6.jpg,5/1/2017,Guam-CNMI,ASC-379,dummy6,3033,3589,*TURFH,leerm,2025-10-16 20:01:28+00:00
ASC-380_2017_A_02_dummy6.jpg,5/1/2017,Guam-CNMI,ASC-380,dummy6,23,417,*POEN,leerm,2025-10-16 20:06:43+00:00
ASC-380_2017_A_02_dummy6.jpg,5/1/2017,Guam-CNMI,ASC-380,dummy6,101,522,*POEN,leerm,2025-10-16 20:06:43+00:00
ASC-380_2017_A_02_dummy6.jpg,5/1/2017,Guam-CNMI,ASC-380,dummy6,461,643,*UPMA,leerm,2025-10-16 20:06:43+00:00
ASC-380_2017_A_02_dummy6.jpg,5/1/2017,Guam-CNMI,ASC-380,dummy6,731,1211,*TURFH,leerm,2025-10-16 20:06:43+00:00
ASC-380_2017_A_02_dummy6.jpg,5/1/2017,Guam-CNMI,ASC-380,dummy6,857,1551,*OCTO,leerm,2025-10-16 20:06:43+00:00
ASC-380_2017_A_02_dummy6.jpg,5/1/2017,Guam-CNMI,ASC-380,dummy6,692,1428,*TURFH,leerm,2025-10-16 20:06:43+00:00
ASC-380_2017_A_02_dummy6.jpg,5/1/2017,Guam-CNMI,ASC-380,dummy6,1094,765,*TURFH,leerm,2025-10-16 20:06:43+00:00
ASC-380_2017_A_02_dummy6.jpg,5/1/2017,Guam-CNMI,ASC-380,dummy6,1134,620,*TURFH,leerm,2025-10-16 20:06:43+00:00
ASC-380_2017_A_02_dummy6.jpg,5/1/2017,Guam-CNMI,ASC-380,dummy6,1389,725,*TURFH,leerm,2025-10-16 20:06:43+00:00
ASC-380_2017_A_02_dummy6.jpg,5/1/2017,Guam-CNMI,ASC-380,dummy6,1330,1491,*TURFH,leerm,2025-10-16 20:06:43+00:00
ASC-385_2017_A_12_dummy6.jpg,5/1/2017,Guam-CNMI,ASC-385,dummy6,656,745,*CCAH,leerm,2025-10-16 20:09:27+00:00
ASC-385_2017_A_12_dummy6.jpg,5/1/2017,Guam-CNMI,ASC-385,dummy6,147,4869,*CCAH,leerm,2025-10-16 20:09:27+00:00
ASC-385_2017_A_12_dummy6.jpg,5/1/2017,Guam-CNMI,ASC-385,dummy6,1279,344,*BGMA,leerm,2025-10-16 20:09:27+00:00
ASC-385_2017_A_12_dummy6.jpg,5/1/2017,Guam-CNMI,ASC-385,dummy6,1792,1977,*TURFH,leerm,2025-10-16 20:09:27+00:00
ASC-385_2017_A_12_dummy6.jpg,5/1/2017,Guam-CNMI,ASC-385,dummy6,1905,3229,*TURFH,leerm,2025-10-16 20:09:27+00:00
ASC-385_2017_A_12_dummy6.jpg,5/1/2017,Guam-CNMI,ASC-385,dummy6,2841,3959,*BGMA,leerm,2025-10-16 20:09:27+00:00
ASC-385_2017_A_12_dummy6.jpg,5/1/2017,Guam-CNMI,ASC-385,dummy6,2485,5067,*TURFH,leerm,2025-10-16 20:09:27+00:00
ASC-385_2017_A_12_dummy6.jpg,5/1/2017,Guam-CNMI,ASC-385,dummy6,2784,4438,*TURFH,leerm,2025-10-16 20:09:27+00:00
ASC-385_2017_A_12_dummy6.jpg,5/1/2017,Guam-CNMI,ASC-385,dummy6,3031,925,*TURFH,leerm,2025-10-16 20:09:27+00:00
ASC-385_2017_A_12_dummy6.jpg,5/1/2017,Guam-CNMI,ASC-385,dummy6,3256,4943,*TURFH,leerm,2025-10-16 20:09:27+00:00
ASC-386_2017_A_25_dummy6.jpg,5/1/2017,Guam-CNMI,ASC-386,dummy6,366,3220,*POEN,leerm,2025-10-16 20:17:57+00:00
ASC-386_2017_A_25_dummy6.jpg,5/1/2017,Guam-CNMI,ASC-386,dummy6,206,4957,*HCOE,leerm,2025-10-16 20:17:57+00:00
ASC-386_2017_A_25_dummy6.jpg,5/1/2017,Guam-CNMI,ASC-386,dummy6,784,2443,*POEN,leerm,2025-10-16 20:17:57+00:00
ASC-386_2017_A_25_dummy6.jpg,5/1/2017,Guam-CNMI,ASC-386,dummy6,1317,2831,*POEN,leerm,2025-10-16 20:17:57+00:00
ASC-386_2017_A_25_dummy6.jpg,5/1/2017,Guam-CNMI,ASC-386,dummy6,1046,4724,*TURFH,leerm,2025-10-16 20:17:57+00:00
ASC-386_2017_A_25_dummy6.jpg,5/1/2017,Guam-CNMI,ASC-386,dummy6,859,5247,*HCOE,leerm,2025-10-16 20:17:57+00:00
ASC-386_2017_A_25_dummy6.jpg,5/1/2017,Guam-CNMI,ASC-386,dummy6,774,4545,*SHAD,leerm,2025-10-16 20:17:57+00:00
ASC-386_2017_A_25_dummy6.jpg,5/1/2017,Guam-CNMI,ASC-386,dummy6,2110,1164,*FAVS,leerm,2025-10-16 20:17:57+00:00
ASC-386_2017_A_25_dummy6.jpg,5/1/2017,Guam-CNMI,ASC-386,dummy6,1886,3402,*HCOE,leerm,2025-10-16 20:17:57+00:00
ASC-386_2017_A_25_dummy6.jpg,5/1/2017,Guam-CNMI,ASC-386,dummy6,3220,2577,*POEN,leerm,2025-10-16 20:17:57+00:00
ASC-388_2017_A_01_dummy6.jpg,5/1/2017,Guam-CNMI,ASC-388,dummy6,651,488,*CYPS,leerm,2025-10-16 20:21:24+00:00
ASC-388_2017_A_01_dummy6.jpg,5/1/2017,Guam-CNMI,ASC-388,dummy6,903,2281,*LEPT,leerm,2025-10-16 20:21:24+00:00
ASC-388_2017_A_01_dummy6.jpg,5/1/2017,Guam-CNMI,ASC-388,dummy6,1608,4728,*TURFH,leerm,2025-10-16 20:21:24+00:00
ASC-388_2017_A_01_dummy6.jpg,5/1/2017,Guam-CNMI,ASC-388,dummy6,1873,4924,*TURFH,leerm,2025-10-16 20:21:24+00:00
ASC-388_2017_A_01_dummy6.jpg,5/1/2017,Guam-CNMI,ASC-388,dummy6,2561,338,*PAEN,leerm,2025-10-16 20:21:24+00:00
ASC-388_2017_A_01_dummy6.jpg,5/1/2017,Guam-CNMI,ASC-388,dummy6,2480,2667,*RDMA,leerm,2025-10-16 20:21:24+00:00
ASC-388_2017_A_01_dummy6.jpg,5/1/2017,Guam-CNMI,ASC-388,dummy6,2886,4241,*TURFH,leerm,2025-10-16 20:21:24+00:00
ASC-388_2017_A_01_dummy6.jpg,5/1/2017,Guam-CNMI,ASC-388,dummy6,2638,3303,*PESP,leerm,2025-10-16 20:21:24+00:00
ASC-388_2017_A_01_dummy6.jpg,5/1/2017,Guam-CNMI,ASC-388,dummy6,3467,310,*TURFH,leerm,2025-10-16 20:21:24+00:00
ASC-388_2017_A_01_dummy6.jpg,5/1/2017,Guam-CNMI,ASC-388,dummy6,3057,871,*TURFH,leerm,2025-10-16 20:21:24+00:00
ASC-392_2017_A_21_dummy6.jpg,5/1/2017,Guam-CNMI,ASC-392,dummy6,116,319,*HALI,leerm,2025-10-16 20:29:06+00:00
ASC-392_2017_A_21_dummy6.jpg,5/1/2017,Guam-CNMI,ASC-392,dummy6,32,1549,*PSSP,leerm,2025-10-16 20:29:06+00:00
ASC-392_2017_A_21_dummy6.jpg,5/1/2017,Guam-CNMI,ASC-392,dummy6,423,840,*EMA,leerm,2025-10-16 20:29:06+00:00
ASC-392_2017_A_21_dummy6.jpg,5/1/2017,Guam-CNMI,ASC-392,dummy6,804,438,*STYS,leerm,2025-10-16 20:29:06+00:00
ASC-392_2017_A_21_dummy6.jpg,5/1/2017,Guam-CNMI,ASC-392,dummy6,906,1354,*TURFH,leerm,2025-10-16 20:29:06+00:00
ASC-392_2017_A_21_dummy6.jpg,5/1/2017,Guam-CNMI,ASC-392,dummy6,740,2080,*TURFH,leerm,2025-10-16 20:29:06+00:00
ASC-392_2017_A_21_dummy6.jpg,5/1/2017,Guam-CNMI,ASC-392,dummy6,1007,1647,*TURFH,leerm,2025-10-16 20:29:05+00:00
ASC-392_2017_A_21_dummy6.jpg,5/1/2017,Guam-CNMI,ASC-392,dummy6,1101,1447,*TURFH,leerm,2025-10-16 20:29:05+00:00
ASC-392_2017_A_21_dummy6.jpg,5/1/2017,Guam-CNMI,ASC-392,dummy6,1346,273,*TURFH,leerm,2025-10-16 20:29:05+00:00
ASC-392_2017_A_21_dummy6.jpg,5/1/2017,Guam-CNMI,ASC-392,dummy6,1508,2128,*SHAD,leerm,2025-10-16 20:29:05+00:00
ASC-394_2017_A_27_dummy6.jpg,5/1/2017,Guam-CNMI,ASC-394,dummy6,393,672,*HALI,leerm,2025-10-20 18:21:25+00:00
ASC-394_2017_A_27_dummy6.jpg,5/1/2017,Guam-CNMI,ASC-394,dummy6,505,2778,*TURFH,leerm,2025-10-20 18:21:24+00:00
ASC-394_2017_A_27_dummy6.jpg,5/1/2017,Guam-CNMI,ASC-394,dummy6,1174,3194,*SHAD,leerm,2025-10-20 18:21:24+00:00
ASC-394_2017_A_27_dummy6.jpg,5/1/2017,Guam-CNMI,ASC-394,dummy6,1214,3319,*TURFH,leerm,2025-10-20 18:21:24+00:00
ASC-394_2017_A_27_dummy6.jpg,5/1/2017,Guam-CNMI,ASC-394,dummy6,1388,3877,*HCOE,leerm,2025-10-20 18:21:24+00:00
ASC-394_2017_A_27_dummy6.jpg,5/1/2017,Guam-CNMI,ASC-394,dummy6,2035,352,*TURFH,leerm,2025-10-20 18:21:24+00:00
ASC-394_2017_A_27_dummy6.jpg,5/1/2017,Guam-CNMI,ASC-394,dummy6,1868,2205,*TURFH,leerm,2025-10-20 18:21:24+00:00
ASC-394_2017_A_27_dummy6.jpg,5/1/2017,Guam-CNMI,ASC-394,dummy6,1482,2526,*TURFH,leerm,2025-10-20 18:21:24+00:00
ASC-394_2017_A_27_dummy6.jpg,5/1/2017,Guam-CNMI,ASC-394,dummy6,2565,2215,*TURFH,leerm,2025-10-20 18:21:24+00:00
ASC-394_2017_A_27_dummy6.jpg,5/1/2017,Guam-CNMI,ASC-394,dummy6,3590,4664,*POMA,leerm,2025-10-20 18:21:24+00:00
ASC-401_2017_A_15_dummy6.jpg,5/1/2017,Guam-CNMI,ASC-401,dummy6,24,2384,*TURFH,leerm,2025-10-20 18:27:50+00:00
ASC-401_2017_A_15_dummy6.jpg,5/1/2017,Guam-CNMI,ASC-401,dummy6,345,2517,*POCS,leerm,2025-10-20 18:27:50+00:00
ASC-401_2017_A_15_dummy6.jpg,5/1/2017,Guam-CNMI,ASC-401,dummy6,312,3516,*TURFH,leerm,2025-10-20 18:27:50+00:00
ASC-401_2017_A_15_dummy6.jpg,5/1/2017,Guam-CNMI,ASC-401,dummy6,882,3138,*SAND,leerm,2025-10-20 18:27:50+00:00
ASC-401_2017_A_15_dummy6.jpg,5/1/2017,Guam-CNMI,ASC-401,dummy6,1407,1466,*TURFH,leerm,2025-10-20 18:27:50+00:00
ASC-401_2017_A_15_dummy6.jpg,5/1/2017,Guam-CNMI,ASC-401,dummy6,1385,3093,*ASTS,leerm,2025-10-20 18:27:50+00:00
ASC-401_2017_A_15_dummy6.jpg,5/1/2017,Guam-CNMI,ASC-401,dummy6,1489,3239,*ASTS,leerm,2025-10-20 18:27:50+00:00
ASC-401_2017_A_15_dummy6.jpg,5/1/2017,Guam-CNMI,ASC-401,dummy6,1828,2818,*GONS,leerm,2025-10-20 18:27:50+00:00
ASC-401_2017_A_15_dummy6.jpg,5/1/2017,Guam-CNMI,ASC-401,dummy6,2238,3952,*SAND,leerm,2025-10-20 18:27:50+00:00
ASC-401_2017_A_15_dummy6.jpg,5/1/2017,Guam-CNMI,ASC-401,dummy6,2179,3396,*SAND,leerm,2025-10-20 18:27:50+00:00
FDP-251_2017_A_24_dummy6.jpg,5/1/2017,Guam-CNMI,FDP-251,dummy6,504,2180,*TURFH,leerm,2025-10-20 18:28:42+00:00
FDP-251_2017_A_24_dummy6.jpg,5/1/2017,Guam-CNMI,FDP-251,dummy6,965,851,*TURFH,leerm,2025-10-20 18:28:42+00:00
FDP-251_2017_A_24_dummy6.jpg,5/1/2017,Guam-CNMI,FDP-251,dummy6,1370,1483,*TURFH,leerm,2025-10-20 18:28:42+00:00
FDP-251_2017_A_24_dummy6.jpg,5/1/2017,Guam-CNMI,FDP-251,dummy6,1626,1715,*TURFH,leerm,2025-10-20 18:28:42+00:00
FDP-251_2017_A_24_dummy6.jpg,5/1/2017,Guam-CNMI,FDP-251,dummy6,1256,2992,*POCS,leerm,2025-10-20 18:28:42+00:00
FDP-251_2017_A_24_dummy6.jpg,5/1/2017,Guam-CNMI,FDP-251,dummy6,1229,3120,*TURFH,leerm,2025-10-20 18:28:42+00:00
FDP-251_2017_A_24_dummy6.jpg,5/1/2017,Guam-CNMI,FDP-251,dummy6,1241,3920,*TURFH,leerm,2025-10-20 18:28:42+00:00
FDP-251_2017_A_24_dummy6.jpg,5/1/2017,Guam-CNMI,FDP-251,dummy6,2033,4,*POCS,leerm,2025-10-20 18:28:42+00:00
FDP-251_2017_A_24_dummy6.jpg,5/1/2017,Guam-CNMI,FDP-251,dummy6,2325,3306,*POCS,leerm,2025-10-20 18:28:42+00:00
FDP-251_2017_A_24_dummy6.jpg,5/1/2017,Guam-CNMI,FDP-251,dummy6,2345,3848,*TURFH,leerm,2025-10-20 18:28:42+00:00
FDP-254_2017_A_16_dummy6.jpg,5/1/2017,Guam-CNMI,FDP-254,dummy6,249,917,*HALI,leerm,2025-10-20 18:31:21+00:00
FDP-254_2017_A_16_dummy6.jpg,5/1/2017,Guam-CNMI,FDP-254,dummy6,480,2142,*CCAH,leerm,2025-10-20 18:31:21+00:00
FDP-254_2017_A_16_dummy6.jpg,5/1/2017,Guam-CNMI,FDP-254,dummy6,486,4978,*POCS,leerm,2025-10-20 18:31:20+00:00
FDP-254_2017_A_16_dummy6.jpg,5/1/2017,Guam-CNMI,FDP-254,dummy6,1099,488,*STYS,leerm,2025-10-20 18:31:20+00:00
FDP-254_2017_A_16_dummy6.jpg,5/1/2017,Guam-CNMI,FDP-254,dummy6,788,2832,*TURFH,leerm,2025-10-20 18:31:20+00:00
FDP-254_2017_A_16_dummy6.jpg,5/1/2017,Guam-CNMI,FDP-254,dummy6,1346,4127,*GRMA,leerm,2025-10-20 18:31:20+00:00
FDP-254_2017_A_16_dummy6.jpg,5/1/2017,Guam-CNMI,FDP-254,dummy6,1836,4319,*TURFH,leerm,2025-10-20 18:31:20+00:00
FDP-254_2017_A_16_dummy6.jpg,5/1/2017,Guam-CNMI,FDP-254,dummy6,2508,759,*POCS,leerm,2025-10-20 18:31:20+00:00
FDP-254_2017_A_16_dummy6.jpg,5/1/2017,Guam-CNMI,FDP-254,dummy6,2388,3037,*SP,leerm,2025-10-20 18:31:20+00:00
FDP-254_2017_A_16_dummy6.jpg,5/1/2017,Guam-CNMI,FDP-254,dummy6,3411,3678,*TURFH,leerm,2025-10-20 18:31:20+00:00
FDP-282_2017_A_16_dummy6.jpg,5/1/2017,Guam-CNMI,FDP-282,dummy6,218,1710,*TURFH,leerm,2025-10-20 18:32:06+00:00
FDP-282_2017_A_16_dummy6.jpg,5/1/2017,Guam-CNMI,FDP-282,dummy6,728,1598,*TURFH,leerm,2025-10-20 18:32:06+00:00
FDP-282_2017_A_16_dummy6.jpg,5/1/2017,Guam-CNMI,FDP-282,dummy6,1092,3619,*TURFH,leerm,2025-10-20 18:32:06+00:00
FDP-282_2017_A_16_dummy6.jpg,5/1/2017,Guam-CNMI,FDP-282,dummy6,1704,2257,*TURFH,leerm,2025-10-20 18:32:06+00:00
FDP-282_2017_A_16_dummy6.jpg,5/1/2017,Guam-CNMI,FDP-282,dummy6,1238,3385,*TURFH,leerm,2025-10-20 18:32:06+00:00
FDP-282_2017_A_16_dummy6.jpg,5/1/2017,Guam-CNMI,FDP-282,dummy6,2064,1369,*SAND,leerm,2025-10-20 18:32:06+00:00
FDP-282_2017_A_16_dummy6.jpg,5/1/2017,Guam-CNMI,FDP-282,dummy6,2154,1379,*TURFH,leerm,2025-10-20 18:32:06+00:00
FDP-282_2017_A_16_dummy6.jpg,5/1/2017,Guam-CNMI,FDP-282,dummy6,1938,2985,*TURFH,leerm,2025-10-20 18:32:05+00:00
FDP-282_2017_A_16_dummy6.jpg,5/1/2017,Guam-CNMI,FDP-282,dummy6,2563,1782,*TURFH,leerm,2025-10-20 18:32:05+00:00
FDP-282_2017_A_16_dummy6.jpg,5/1/2017,Guam-CNMI,FDP-282,dummy6,2829,2732,*TURFH,leerm,2025-10-20 18:32:05+00:00
GUA-2662_IMG_2505_dummy6.jpg,6/1/2022,Guam-CNMI,GUA-2662,dummy6,137,1112,*TURFH,leerm,2025-10-20 18:33:29+00:00
GUA-2662_IMG_2505_dummy6.jpg,6/1/2022,Guam-CNMI,GUA-2662,dummy6,1464,2151,*TURFH,leerm,2025-10-20 18:33:29+00:00
GUA-2662_IMG_2505_dummy6.jpg,6/1/2022,Guam-CNMI,GUA-2662,dummy6,1312,2497,*TURFH,leerm,2025-10-20 18:33:29+00:00
GUA-2662_IMG_2505_dummy6.jpg,6/1/2022,Guam-CNMI,GUA-2662,dummy6,1752,3539,*TURFH,leerm,2025-10-20 18:33:29+00:00
GUA-2662_IMG_2505_dummy6.jpg,6/1/2022,Guam-CNMI,GUA-2662,dummy6,3071,1402,*ASTS,leerm,2025-10-20 18:33:29+00:00
GUA-2662_IMG_2505_dummy6.jpg,6/1/2022,Guam-CNMI,GUA-2662,dummy6,3276,1686,*TURFH,leerm,2025-10-20 18:33:29+00:00
GUA-2662_IMG_2505_dummy6.jpg,6/1/2022,Guam-CNMI,GUA-2662,dummy6,4292,360,*TURFH,leerm,2025-10-20 18:33:28+00:00
GUA-2662_IMG_2505_dummy6.jpg,6/1/2022,Guam-CNMI,GUA-2662,dummy6,4163,3080,*TURFH,leerm,2025-10-20 18:33:28+00:00
GUA-2662_IMG_2505_dummy6.jpg,6/1/2022,Guam-CNMI,GUA-2662,dummy6,4921,604,*GRMA,leerm,2025-10-20 18:33:28+00:00
GUA-2662_IMG_2505_dummy6.jpg,6/1/2022,Guam-CNMI,GUA-2662,dummy6,4523,3072,*TURFH,leerm,2025-10-20 18:33:28+00:00
GUA-2662_IMG_2515_dummy6.jpg,6/1/2022,Guam-CNMI,GUA-2662,dummy6,736,1031,*POCS,leerm,2025-10-20 18:34:47+00:00
GUA-2662_IMG_2515_dummy6.jpg,6/1/2022,Guam-CNMI,GUA-2662,dummy6,131,2078,*GRMA,leerm,2025-10-20 18:34:47+00:00
GUA-2662_IMG_2515_dummy6.jpg,6/1/2022,Guam-CNMI,GUA-2662,dummy6,152,1625,*TURFH,leerm,2025-10-20 18:34:47+00:00
GUA-2662_IMG_2515_dummy6.jpg,6/1/2022,Guam-CNMI,GUA-2662,dummy6,3261,1453,*TURFH,leerm,2025-10-20 18:34:47+00:00
GUA-2662_IMG_2515_dummy6.jpg,6/1/2022,Guam-CNMI,GUA-2662,dummy6,3274,3133,*TURFH,leerm,2025-10-20 18:34:47+00:00
GUA-2662_IMG_2515_dummy6.jpg,6/1/2022,Guam-CNMI,GUA-2662,dummy6,3335,369,*POEN,leerm,2025-10-20 18:34:47+00:00
GUA-2662_IMG_2515_dummy6.jpg,6/1/2022,Guam-CNMI,GUA-2662,dummy6,4262,3366,*TURFH,leerm,2025-10-20 18:34:47+00:00
GUA-2662_IMG_2515_dummy6.jpg,6/1/2022,Guam-CNMI,GUA-2662,dummy6,3634,3195,*TURFH,leerm,2025-10-20 18:34:47+00:00
GUA-2662_IMG_2515_dummy6.jpg,6/1/2022,Guam-CNMI,GUA-2662,dummy6,4266,3502,*TURFH,leerm,2025-10-20 18:34:47+00:00
GUA-2662_IMG_2515_dummy6.jpg,6/1/2022,Guam-CNMI,GUA-2662,dummy6,4739,1843,*UPMA,leerm,2025-10-20 18:34:47+00:00
GUA-2677_IMG_9574_dummy6.jpg,6/1/2022,Guam-CNMI,GUA-2677,dummy6,543,108,*TURFH,leerm,2025-10-20 18:45:02+00:00
GUA-2677_IMG_9574_dummy6.jpg,6/1/2022,Guam-CNMI,GUA-2677,dummy6,108,859,*ASTS,leerm,2025-10-20 18:45:02+00:00
GUA-2677_IMG_9574_dummy6.jpg,6/1/2022,Guam-CNMI,GUA-2677,dummy6,623,3297,*TURFH,leerm,2025-10-20 18:45:02+00:00
GUA-2677_IMG_9574_dummy6.jpg,6/1/2022,Guam-CNMI,GUA-2677,dummy6,451,3637,*TURFH,leerm,2025-10-20 18:45:02+00:00
GUA-2677_IMG_9574_dummy6.jpg,6/1/2022,Guam-CNMI,GUA-2677,dummy6,1404,3641,*ACAS,leerm,2025-10-20 18:45:02+00:00
GUA-2677_IMG_9574_dummy6.jpg,6/1/2022,Guam-CNMI,GUA-2677,dummy6,2732,548,*CCAH,leerm,2025-10-20 18:45:02+00:00
GUA-2677_IMG_9574_dummy6.jpg,6/1/2022,Guam-CNMI,GUA-2677,dummy6,2692,1139,*TURFH,leerm,2025-10-20 18:45:02+00:00
GUA-2677_IMG_9574_dummy6.jpg,6/1/2022,Guam-CNMI,GUA-2677,dummy6,2800,2327,*TURFH,leerm,2025-10-20 18:45:01+00:00
GUA-2677_IMG_9574_dummy6.jpg,6/1/2022,Guam-CNMI,GUA-2677,dummy6,2411,2487,*TURFH,leerm,2025-10-20 18:45:01+00:00
GUA-2677_IMG_9574_dummy6.jpg,6/1/2022,Guam-CNMI,GUA-2677,dummy6,4162,2654,*TURFH,leerm,2025-10-20 18:45:01+00:00
GUA-2684_IMG_0688_dummy6.jpg,6/1/2022,Guam-CNMI,GUA-2684,dummy6,468,1380,*PAMA,leerm,2025-10-20 19:00:50+00:00
GUA-2684_IMG_0688_dummy6.jpg,6/1/2022,Guam-CNMI,GUA-2684,dummy6,9,4335,*UPMA,leerm,2025-10-20 19:00:50+00:00
GUA-2684_IMG_0688_dummy6.jpg,6/1/2022,Guam-CNMI,GUA-2684,dummy6,1368,95,*TURFH,leerm,2025-10-20 19:00:50+00:00
GUA-2684_IMG_0688_dummy6.jpg,6/1/2022,Guam-CNMI,GUA-2684,dummy6,1225,486,*CCAH,leerm,2025-10-20 19:00:50+00:00
GUA-2684_IMG_0688_dummy6.jpg,6/1/2022,Guam-CNMI,GUA-2684,dummy6,2235,1391,*BGMA,leerm,2025-10-20 19:00:50+00:00
GUA-2684_IMG_0688_dummy6.jpg,6/1/2022,Guam-CNMI,GUA-2684,dummy6,2410,1201,*SHAD,leerm,2025-10-20 19:00:50+00:00
GUA-2684_IMG_0688_dummy6.jpg,6/1/2022,Guam-CNMI,GUA-2684,dummy6,2459,1499,*ACBR,leerm,2025-10-20 19:00:50+00:00
GUA-2684_IMG_0688_dummy6.jpg,6/1/2022,Guam-CNMI,GUA-2684,dummy6,3596,744,*TURFH,leerm,2025-10-20 19:00:50+00:00
GUA-2684_IMG_0688_dummy6.jpg,6/1/2022,Guam-CNMI,GUA-2684,dummy6,3452,1963,*SP,leerm,2025-10-20 19:00:50+00:00
GUA-2684_IMG_0688_dummy6.jpg,6/1/2022,Guam-CNMI,GUA-2684,dummy6,3134,1516,*TURFH,leerm,2025-10-20 19:00:50+00:00
GUA-2696_IMG_2566_dummy6.jpg,6/1/2022,Guam-CNMI,GUA-2696,dummy6,43,222,*TURFH,leerm,2025-10-21 00:51:50+00:00
GUA-2696_IMG_2566_dummy6.jpg,6/1/2022,Guam-CNMI,GUA-2696,dummy6,87,802,*TURFH,leerm,2025-10-21 00:51:50+00:00
GUA-2696_IMG_2566_dummy6.jpg,6/1/2022,Guam-CNMI,GUA-2696,dummy6,25,2244,*TURFH,leerm,2025-10-21 00:51:50+00:00
GUA-2696_IMG_2566_dummy6.jpg,6/1/2022,Guam-CNMI,GUA-2696,dummy6,1794,1339,*TURFH,leerm,2025-10-21 00:51:50+00:00
GUA-2696_IMG_2566_dummy6.jpg,6/1/2022,Guam-CNMI,GUA-2696,dummy6,1391,1141,*TURFH,leerm,2025-10-21 00:51:50+00:00
GUA-2696_IMG_2566_dummy6.jpg,6/1/2022,Guam-CNMI,GUA-2696,dummy6,2139,1100,*UPMA,leerm,2025-10-21 00:51:50+00:00
GUA-2696_IMG_2566_dummy6.jpg,6/1/2022,Guam-CNMI,GUA-2696,dummy6,2973,2897,*TURFH,leerm,2025-10-21 00:51:50+00:00
GUA-2696_IMG_2566_dummy6.jpg,6/1/2022,Guam-CNMI,GUA-2696,dummy6,4326,3186,*POMA,leerm,2025-10-21 00:51:50+00:00
GUA-2696_IMG_2566_dummy6.jpg,6/1/2022,Guam-CNMI,GUA-2696,dummy6,5001,363,*PADI,leerm,2025-10-21 00:51:49+00:00
GUA-2696_IMG_2566_dummy6.jpg,6/1/2022,Guam-CNMI,GUA-2696,dummy6,4603,2284,*UI,leerm,2025-10-21 00:51:49+00:00
GUA-2699_IMG_9545_dummy6.jpg,6/1/2022,Guam-CNMI,GUA-2699,dummy6,396,3054,*TURFH,leerm,2025-10-21 00:55:36+00:00
GUA-2699_IMG_9545_dummy6.jpg,6/1/2022,Guam-CNMI,GUA-2699,dummy6,31,3833,*TURFH,leerm,2025-10-21 00:55:36+00:00
GUA-2699_IMG_9545_dummy6.jpg,6/1/2022,Guam-CNMI,GUA-2699,dummy6,309,4789,*TURFH,leerm,2025-10-21 00:55:36+00:00
GUA-2699_IMG_9545_dummy6.jpg,6/1/2022,Guam-CNMI,GUA-2699,dummy6,1443,2954,*TURFH,leerm,2025-10-21 00:55:36+00:00
GUA-2699_IMG_9545_dummy6.jpg,6/1/2022,Guam-CNMI,GUA-2699,dummy6,1337,2369,*UPMA,leerm,2025-10-21 00:55:36+00:00
GUA-2699_IMG_9545_dummy6.jpg,6/1/2022,Guam-CNMI,GUA-2699,dummy6,1647,1838,*TURFH,leerm,2025-10-21 00:55:36+00:00
GUA-2699_IMG_9545_dummy6.jpg,6/1/2022,Guam-CNMI,GUA-2699,dummy6,1960,2173,*TURFH,leerm,2025-10-21 00:55:36+00:00
GUA-2699_IMG_9545_dummy6.jpg,6/1/2022,Guam-CNMI,GUA-2699,dummy6,2578,1189,*TURFH,leerm,2025-10-21 00:55:36+00:00
GUA-2699_IMG_9545_dummy6.jpg,6/1/2022,Guam-CNMI,GUA-2699,dummy6,2236,5206,*ENC,leerm,2025-10-21 00:55:36+00:00
GUA-2699_IMG_9545_dummy6.jpg,6/1/2022,Guam-CNMI,GUA-2699,dummy6,2630,5034,*ENC,leerm,2025-10-21 00:55:36+00:00
GUA-2699_IMG_9546_dummy6.jpg,6/1/2022,Guam-CNMI,GUA-2699,dummy6,689,521,*POMA,leerm,2025-10-21 00:58:43+00:00
GUA-2699_IMG_9546_dummy6.jpg,6/1/2022,Guam-CNMI,GUA-2699,dummy6,183,941,*POMA,leerm,2025-10-21 00:58:43+00:00
GUA-2699_IMG_9546_dummy6.jpg,6/1/2022,Guam-CNMI,GUA-2699,dummy6,864,790,*POMA,leerm,2025-10-21 00:58:43+00:00
GUA-2699_IMG_9546_dummy6.jpg,6/1/2022,Guam-CNMI,GUA-2699,dummy6,175,3129,*POMA,leerm,2025-10-21 00:58:43+00:00
GUA-2699_IMG_9546_dummy6.jpg,6/1/2022,Guam-CNMI,GUA-2699,dummy6,1866,1891,*TURFH,leerm,2025-10-21 00:58:43+00:00
GUA-2699_IMG_9546_dummy6.jpg,6/1/2022,Guam-CNMI,GUA-2699,dummy6,2598,360,*TURFH,leerm,2025-10-21 00:58:43+00:00
GUA-2699_IMG_9546_dummy6.jpg,6/1/2022,Guam-CNMI,GUA-2699,dummy6,2541,1599,*CAUL,leerm,2025-10-21 00:58:42+00:00
GUA-2699_IMG_9546_dummy6.jpg,6/1/2022,Guam-CNMI,GUA-2699,dummy6,2734,2478,*SHAD,leerm,2025-10-21 00:58:42+00:00
GUA-2699_IMG_9546_dummy6.jpg,6/1/2022,Guam-CNMI,GUA-2699,dummy6,5137,2926,*POMA,leerm,2025-10-21 00:58:42+00:00
GUA-2699_IMG_9546_dummy6.jpg,6/1/2022,Guam-CNMI,GUA-2699,dummy6,5148,2992,*POMA,leerm,2025-10-21 00:58:42+00:00
GUA-2701_IMG_0973_dummy6.jpg,6/1/2022,Guam-CNMI,GUA-2701,dummy6,617,527,*SHAD,leerm,2025-10-21 01:00:39+00:00
GUA-2701_IMG_0973_dummy6.jpg,6/1/2022,Guam-CNMI,GUA-2701,dummy6,799,1963,*POMA,leerm,2025-10-21 01:00:39+00:00
GUA-2701_IMG_0973_dummy6.jpg,6/1/2022,Guam-CNMI,GUA-2701,dummy6,2078,2817,*MISP,leerm,2025-10-21 01:00:39+00:00
GUA-2701_IMG_0973_dummy6.jpg,6/1/2022,Guam-CNMI,GUA-2701,dummy6,2487,681,*MISP,leerm,2025-10-21 01:00:39+00:00
GUA-2701_IMG_0973_dummy6.jpg,6/1/2022,Guam-CNMI,GUA-2701,dummy6,2687,242,*MISP,leerm,2025-10-21 01:00:39+00:00
GUA-2701_IMG_0973_dummy6.jpg,6/1/2022,Guam-CNMI,GUA-2701,dummy6,3921,480,*CCAH,leerm,2025-10-21 01:00:39+00:00
GUA-2701_IMG_0973_dummy6.jpg,6/1/2022,Guam-CNMI,GUA-2701,dummy6,3564,2689,*CCAH,leerm,2025-10-21 01:00:39+00:00
GUA-2701_IMG_0973_dummy6.jpg,6/1/2022,Guam-CNMI,GUA-2701,dummy6,3970,3243,*CCAH,leerm,2025-10-21 01:00:39+00:00
GUA-2701_IMG_0973_dummy6.jpg,6/1/2022,Guam-CNMI,GUA-2701,dummy6,5099,3221,*GRMA,leerm,2025-10-21 01:00:39+00:00
GUA-2701_IMG_0973_dummy6.jpg,6/1/2022,Guam-CNMI,GUA-2701,dummy6,4725,3210,*CCAH,leerm,2025-10-21 01:00:39+00:00
GUA-2701_IMG_0977_dummy6.jpg,6/1/2022,Guam-CNMI,GUA-2701,dummy6,541,270,*HALI,leerm,2025-10-21 01:05:55+00:00
GUA-2701_IMG_0977_dummy6.jpg,6/1/2022,Guam-CNMI,GUA-2701,dummy6,281,229,*TURFH,leerm,2025-10-21 01:05:55+00:00
GUA-2701_IMG_0977_dummy6.jpg,6/1/2022,Guam-CNMI,GUA-2701,dummy6,276,911,*TURFH,leerm,2025-10-21 01:05:55+00:00
GUA-2701_IMG_0977_dummy6.jpg,6/1/2022,Guam-CNMI,GUA-2701,dummy6,821,3391,*GASP,leerm,2025-10-21 01:05:55+00:00
GUA-2701_IMG_0977_dummy6.jpg,6/1/2022,Guam-CNMI,GUA-2701,dummy6,1593,607,*TURFH,leerm,2025-10-21 01:05:55+00:00
GUA-2701_IMG_0977_dummy6.jpg,6/1/2022,Guam-CNMI,GUA-2701,dummy6,4082,69,*TURFH,leerm,2025-10-21 01:05:54+00:00
GUA-2701_IMG_0977_dummy6.jpg,6/1/2022,Guam-CNMI,GUA-2701,dummy6,3479,1054,*GONS,leerm,2025-10-21 01:05:54+00:00
GUA-2701_IMG_0977_dummy6.jpg,6/1/2022,Guam-CNMI,GUA-2701,dummy6,4416,1773,*GONS,leerm,2025-10-21 01:05:54+00:00
GUA-2701_IMG_0977_dummy6.jpg,6/1/2022,Guam-CNMI,GUA-2701,dummy6,5274,3144,*GASP,leerm,2025-10-21 01:05:54+00:00
GUA-2701_IMG_0977_dummy6.jpg,6/1/2022,Guam-CNMI,GUA-2701,dummy6,5188,3192,*GASP,leerm,2025-10-21 01:05:54+00:00
GUA-2716_IMG_0384_dummy6.jpg,6/1/2022,Guam-CNMI,GUA-2716,dummy6,398,5461,*TURFH,leerm,2025-10-21 01:08:48+00:00
GUA-2716_IMG_0384_dummy6.jpg,6/1/2022,Guam-CNMI,GUA-2716,dummy6,1835,704,*UPMA,leerm,2025-10-21 01:08:48+00:00
GUA-2716_IMG_0384_dummy6.jpg,6/1/2022,Guam-CNMI,GUA-2716,dummy6,1783,461,*TURFH,leerm,2025-10-21 01:08:48+00:00
GUA-2716_IMG_0384_dummy6.jpg,6/1/2022,Guam-CNMI,GUA-2716,dummy6,1761,1155,*UPMA,leerm,2025-10-21 01:08:48+00:00
GUA-2716_IMG_0384_dummy6.jpg,6/1/2022,Guam-CNMI,GUA-2716,dummy6,1539,3956,*UPMA,leerm,2025-10-21 01:08:48+00:00
GUA-2716_IMG_0384_dummy6.jpg,6/1/2022,Guam-CNMI,GUA-2716,dummy6,2082,3669,*TURFH,leerm,2025-10-21 01:08:48+00:00
GUA-2716_IMG_0384_dummy6.jpg,6/1/2022,Guam-CNMI,GUA-2716,dummy6,2614,2878,*TURFH,leerm,2025-10-21 01:08:48+00:00
GUA-2716_IMG_0384_dummy6.jpg,6/1/2022,Guam-CNMI,GUA-2716,dummy6,2402,3102,*TURFH,leerm,2025-10-21 01:08:48+00:00
GUA-2716_IMG_0384_dummy6.jpg,6/1/2022,Guam-CNMI,GUA-2716,dummy6,3235,2314,*UI,leerm,2025-10-21 01:08:48+00:00
GUA-2716_IMG_0384_dummy6.jpg,6/1/2022,Guam-CNMI,GUA-2716,dummy6,3272,4642,*ENC,leerm,2025-10-21 01:08:48+00:00
GUA-2716_IMG_0398_dummy6.jpg,6/1/2022,Guam-CNMI,GUA-2716,dummy6,542,317,*PAEN,leerm,2025-10-21 01:30:18+00:00
GUA-2716_IMG_0398_dummy6.jpg,6/1/2022,Guam-CNMI,GUA-2716,dummy6,1229,2606,*SHAD,leerm,2025-10-21 01:30:18+00:00
GUA-2716_IMG_0398_dummy6.jpg,6/1/2022,Guam-CNMI,GUA-2716,dummy6,899,2361,*PAEN,leerm,2025-10-21 01:30:18+00:00
GUA-2716_IMG_0398_dummy6.jpg,6/1/2022,Guam-CNMI,GUA-2716,dummy6,1028,3829,*CCAH,leerm,2025-10-21 01:30:17+00:00
GUA-2716_IMG_0398_dummy6.jpg,6/1/2022,Guam-CNMI,GUA-2716,dummy6,838,4241,*CCAH,leerm,2025-10-21 01:30:17+00:00
GUA-2716_IMG_0398_dummy6.jpg,6/1/2022,Guam-CNMI,GUA-2716,dummy6,1512,1007,*DICO,leerm,2025-10-21 01:30:17+00:00
GUA-2716_IMG_0398_dummy6.jpg,6/1/2022,Guam-CNMI,GUA-2716,dummy6,1608,2193,*CCAH,leerm,2025-10-21 01:30:17+00:00
GUA-2716_IMG_0398_dummy6.jpg,6/1/2022,Guam-CNMI,GUA-2716,dummy6,1545,4613,*UI,leerm,2025-10-21 01:30:17+00:00
GUA-2716_IMG_0398_dummy6.jpg,6/1/2022,Guam-CNMI,GUA-2716,dummy6,2702,507,*TURFH,leerm,2025-10-21 01:30:17+00:00
GUA-2716_IMG_0398_dummy6.jpg,6/1/2022,Guam-CNMI,GUA-2716,dummy6,3596,3554,*TURFH,leerm,2025-10-21 01:30:17+00:00
MAU-630_2017_A_28_dummy6.jpg,5/1/2017,Guam-CNMI,MAU-630,dummy6,226,1112,*TURFH,leerm,2025-10-21 01:34:37+00:00
MAU-630_2017_A_28_dummy6.jpg,5/1/2017,Guam-CNMI,MAU-630,dummy6,1005,1970,*FAVS,leerm,2025-10-21 01:34:37+00:00
MAU-630_2017_A_28_dummy6.jpg,5/1/2017,Guam-CNMI,MAU-630,dummy6,1336,3815,*TURFH,leerm,2025-10-21 01:34:37+00:00
MAU-630_2017_A_28_dummy6.jpg,5/1/2017,Guam-CNMI,MAU-630,dummy6,1370,4918,*POCS,leerm,2025-10-21 01:34:37+00:00
MAU-630_2017_A_28_dummy6.jpg,5/1/2017,Guam-CNMI,MAU-630,dummy6,1557,1063,*CYPS,leerm,2025-10-21 01:34:37+00:00
MAU-630_2017_A_28_dummy6.jpg,5/1/2017,Guam-CNMI,MAU-630,dummy6,1851,4979,*POCS,leerm,2025-10-21 01:34:37+00:00
MAU-630_2017_A_28_dummy6.jpg,5/1/2017,Guam-CNMI,MAU-630,dummy6,2805,304,*TURFH,leerm,2025-10-21 01:34:36+00:00
MAU-630_2017_A_28_dummy6.jpg,5/1/2017,Guam-CNMI,MAU-630,dummy6,2352,235,*TURFH,leerm,2025-10-21 01:34:36+00:00
MAU-630_2017_A_28_dummy6.jpg,5/1/2017,Guam-CNMI,MAU-630,dummy6,2270,4036,*STYS,leerm,2025-10-21 01:34:36+00:00
MAU-630_2017_A_28_dummy6.jpg,5/1/2017,Guam-CNMI,MAU-630,dummy6,2402,4520,*STYS,leerm,2025-10-21 01:34:36+00:00
MAU-640_2017_A_10_dummy6.jpg,5/1/2017,Guam-CNMI,MAU-640,dummy6,333,1859,*CCAH,leerm,2025-10-21 01:35:43+00:00
MAU-640_2017_A_10_dummy6.jpg,5/1/2017,Guam-CNMI,MAU-640,dummy6,763,3003,*SHAD,leerm,2025-10-21 01:35:43+00:00
MAU-640_2017_A_10_dummy6.jpg,5/1/2017,Guam-CNMI,MAU-640,dummy6,809,4123,*TURFH,leerm,2025-10-21 01:35:43+00:00
MAU-640_2017_A_10_dummy6.jpg,5/1/2017,Guam-CNMI,MAU-640,dummy6,935,3725,*TURFH,leerm,2025-10-21 01:35:43+00:00
MAU-640_2017_A_10_dummy6.jpg,5/1/2017,Guam-CNMI,MAU-640,dummy6,2103,1533,*TURFH,leerm,2025-10-21 01:35:42+00:00
MAU-640_2017_A_10_dummy6.jpg,5/1/2017,Guam-CNMI,MAU-640,dummy6,2454,239,*POMA,leerm,2025-10-21 01:35:42+00:00
MAU-640_2017_A_10_dummy6.jpg,5/1/2017,Guam-CNMI,MAU-640,dummy6,2560,3197,*PESP,leerm,2025-10-21 01:35:42+00:00
MAU-640_2017_A_10_dummy6.jpg,5/1/2017,Guam-CNMI,MAU-640,dummy6,3248,1591,*TURFH,leerm,2025-10-21 01:35:42+00:00
MAU-640_2017_A_10_dummy6.jpg,5/1/2017,Guam-CNMI,MAU-640,dummy6,3363,1836,*TURFH,leerm,2025-10-21 01:35:42+00:00
MAU-640_2017_A_10_dummy6.jpg,5/1/2017,Guam-CNMI,MAU-640,dummy6,3556,2274,*SP,leerm,2025-10-21 01:35:42+00:00
MAU-649_2017_A_14_dummy6.jpg,5/1/2017,Guam-CNMI,MAU-649,dummy6,79,1311,*TURFH,leerm,2025-10-21 23:13:18+00:00
MAU-649_2017_A_14_dummy6.jpg,5/1/2017,Guam-CNMI,MAU-649,dummy6,793,4764,*TURFH,leerm,2025-10-21 23:13:18+00:00
MAU-649_2017_A_14_dummy6.jpg,5/1/2017,Guam-CNMI,MAU-649,dummy6,770,4735,*GONS,leerm,2025-10-21 23:13:18+00:00
MAU-649_2017_A_14_dummy6.jpg,5/1/2017,Guam-CNMI,MAU-649,dummy6,1349,4448,*TURFH,leerm,2025-10-21 23:13:18+00:00
MAU-649_2017_A_14_dummy6.jpg,5/1/2017,Guam-CNMI,MAU-649,dummy6,1975,4104,*PESP,leerm,2025-10-21 23:13:18+00:00
MAU-649_2017_A_14_dummy6.jpg,5/1/2017,Guam-CNMI,MAU-649,dummy6,2250,691,*TURFH,leerm,2025-10-21 23:13:18+00:00
MAU-649_2017_A_14_dummy6.jpg,5/1/2017,Guam-CNMI,MAU-649,dummy6,2737,275,*TURFH,leerm,2025-10-21 23:13:18+00:00
MAU-649_2017_A_14_dummy6.jpg,5/1/2017,Guam-CNMI,MAU-649,dummy6,2557,3226,*SAND,leerm,2025-10-21 23:13:18+00:00
MAU-649_2017_A_14_dummy6.jpg,5/1/2017,Guam-CNMI,MAU-649,dummy6,3014,4365,*TURFH,leerm,2025-10-21 23:13:18+00:00
MAU-649_2017_A_14_dummy6.jpg,5/1/2017,Guam-CNMI,MAU-649,dummy6,3260,4095,*TURFH,leerm,2025-10-21 23:13:18+00:00
MAU-651_2017_A_20_dummy6.jpg,5/1/2017,Guam-CNMI,MAU-651,dummy6,297,103,*POMA,leerm,2025-10-21 23:15:51+00:00
MAU-651_2017_A_20_dummy6.jpg,5/1/2017,Guam-CNMI,MAU-651,dummy6,438,2808,*GOAL,leerm,2025-10-21 23:15:51+00:00
MAU-651_2017_A_20_dummy6.jpg,5/1/2017,Guam-CNMI,MAU-651,dummy6,789,3316,*TURFH,leerm,2025-10-21 23:15:51+00:00
MAU-651_2017_A_20_dummy6.jpg,5/1/2017,Guam-CNMI,MAU-651,dummy6,655,3641,*BGMA,leerm,2025-10-21 23:15:51+00:00
MAU-651_2017_A_20_dummy6.jpg,5/1/2017,Guam-CNMI,MAU-651,dummy6,1029,3277,*BGMA,leerm,2025-10-21 23:15:51+00:00
MAU-651_2017_A_20_dummy6.jpg,5/1/2017,Guam-CNMI,MAU-651,dummy6,1207,3573,*TURFH,leerm,2025-10-21 23:15:51+00:00
MAU-651_2017_A_20_dummy6.jpg,5/1/2017,Guam-CNMI,MAU-651,dummy6,1916,316,*POMA,leerm,2025-10-21 23:15:51+00:00
MAU-651_2017_A_20_dummy6.jpg,5/1/2017,Guam-CNMI,MAU-651,dummy6,2312,1990,*TAPE,leerm,2025-10-21 23:15:51+00:00
MAU-651_2017_A_20_dummy6.jpg,5/1/2017,Guam-CNMI,MAU-651,dummy6,1946,2395,*ENC,leerm,2025-10-21 23:15:51+00:00
MAU-651_2017_A_20_dummy6.jpg,5/1/2017,Guam-CNMI,MAU-651,dummy6,2455,143,*POMA,leerm,2025-10-21 23:15:51+00:00
MAU-679_2017_A_17_dummy6.jpg,5/1/2017,Guam-CNMI,MAU-679,dummy6,191,1285,*TURFH,leerm,2025-10-21 23:16:35+00:00
MAU-679_2017_A_17_dummy6.jpg,5/1/2017,Guam-CNMI,MAU-679,dummy6,96,2075,*TURFH,leerm,2025-10-21 23:16:35+00:00
MAU-679_2017_A_17_dummy6.jpg,5/1/2017,Guam-CNMI,MAU-679,dummy6,837,507,*SHAD,leerm,2025-10-21 23:16:35+00:00
MAU-679_2017_A_17_dummy6.jpg,5/1/2017,Guam-CNMI,MAU-679,dummy6,975,37,*TURFH,leerm,2025-10-21 23:16:35+00:00
MAU-679_2017_A_17_dummy6.jpg,5/1/2017,Guam-CNMI,MAU-679,dummy6,1150,1222,*TURFH,leerm,2025-10-21 23:16:35+00:00
MAU-679_2017_A_17_dummy6.jpg,5/1/2017,Guam-CNMI,MAU-679,dummy6,949,1945,*PAMA,leerm,2025-10-21 23:16:35+00:00
MAU-679_2017_A_17_dummy6.jpg,5/1/2017,Guam-CNMI,MAU-679,dummy6,1398,753,*TURFH,leerm,2025-10-21 23:16:35+00:00
MAU-679_2017_A_17_dummy6.jpg,5/1/2017,Guam-CNMI,MAU-679,dummy6,1327,1792,*CCAH,leerm,2025-10-21 23:16:35+00:00
MAU-679_2017_A_17_dummy6.jpg,5/1/2017,Guam-CNMI,MAU-679,dummy6,1530,1452,*TURFH,leerm,2025-10-21 23:16:35+00:00
MAU-679_2017_A_17_dummy6.jpg,5/1/2017,Guam-CNMI,MAU-679,dummy6,1320,1591,*TURFH,leerm,2025-10-21 23:16:35+00:00
MAU-686_2017_A_22_dummy6.jpg,5/1/2017,Guam-CNMI,MAU-686,dummy6,174,733,*PESP,leerm,2025-10-21 23:19:14+00:00
MAU-686_2017_A_22_dummy6.jpg,5/1/2017,Guam-CNMI,MAU-686,dummy6,1162,1056,*PESP,leerm,2025-10-21 23:19:13+00:00
MAU-686_2017_A_22_dummy6.jpg,5/1/2017,Guam-CNMI,MAU-686,dummy6,821,248,*TURFH,leerm,2025-10-21 23:19:13+00:00
MAU-686_2017_A_22_dummy6.jpg,5/1/2017,Guam-CNMI,MAU-686,dummy6,1445,5224,*TURFH,leerm,2025-10-21 23:19:13+00:00
MAU-686_2017_A_22_dummy6.jpg,5/1/2017,Guam-CNMI,MAU-686,dummy6,941,4505,*TURFH,leerm,2025-10-21 23:19:13+00:00
MAU-686_2017_A_22_dummy6.jpg,5/1/2017,Guam-CNMI,MAU-686,dummy6,1815,1961,*TURFH,leerm,2025-10-21 23:19:13+00:00
MAU-686_2017_A_22_dummy6.jpg,5/1/2017,Guam-CNMI,MAU-686,dummy6,1893,3848,*TURFH,leerm,2025-10-21 23:19:13+00:00
MAU-686_2017_A_22_dummy6.jpg,5/1/2017,Guam-CNMI,MAU-686,dummy6,1499,4146,*TURFH,leerm,2025-10-21 23:19:13+00:00
MAU-686_2017_A_22_dummy6.jpg,5/1/2017,Guam-CNMI,MAU-686,dummy6,2459,1013,*PESP,leerm,2025-10-21 23:19:13+00:00
MAU-686_2017_A_22_dummy6.jpg,5/1/2017,Guam-CNMI,MAU-686,dummy6,3115,1142,*TURFH,leerm,2025-10-21 23:19:13+00:00
MAU-691_2017_A_12_dummy6.jpg,5/1/2017,Guam-CNMI,MAU-691,dummy6,682,2471,*TURS,leerm,2025-10-21 23:21:23+00:00
MAU-691_2017_A_12_dummy6.jpg,5/1/2017,Guam-CNMI,MAU-691,dummy6,34,5339,*GOAL,leerm,2025-10-21 23:21:23+00:00
MAU-691_2017_A_12_dummy6.jpg,5/1/2017,Guam-CNMI,MAU-691,dummy6,1455,747,*TURS,leerm,2025-10-21 23:21:23+00:00
MAU-691_2017_A_12_dummy6.jpg,5/1/2017,Guam-CNMI,MAU-691,dummy6,951,2351,*TURS,leerm,2025-10-21 23:21:23+00:00
MAU-691_2017_A_12_dummy6.jpg,5/1/2017,Guam-CNMI,MAU-691,dummy6,1765,427,*TURS,leerm,2025-10-21 23:21:23+00:00
MAU-691_2017_A_12_dummy6.jpg,5/1/2017,Guam-CNMI,MAU-691,dummy6,2251,1246,*TURFH,leerm,2025-10-21 23:21:23+00:00
MAU-691_2017_A_12_dummy6.jpg,5/1/2017,Guam-CNMI,MAU-691,dummy6,2237,4879,*TURFH,leerm,2025-10-21 23:21:23+00:00
MAU-691_2017_A_12_dummy6.jpg,5/1/2017,Guam-CNMI,MAU-691,dummy6,3372,1579,*TURFH,leerm,2025-10-21 23:21:23+00:00
MAU-691_2017_A_12_dummy6.jpg,5/1/2017,Guam-CNMI,MAU-691,dummy6,3361,2637,*TURFH,leerm,2025-10-21 23:21:23+00:00
MAU-691_2017_A_12_dummy6.jpg,5/1/2017,Guam-CNMI,MAU-691,dummy6,3110,5022,*PESP,leerm,2025-10-21 23:21:23+00:00
MAU-704_2017_A_09_dummy6.jpg,5/1/2017,Guam-CNMI,MAU-704,dummy6,140,735,*CCAH,leerm,2025-10-21 23:26:37+00:00
MAU-704_2017_A_09_dummy6.jpg,5/1/2017,Guam-CNMI,MAU-704,dummy6,262,3200,*CCAH,leerm,2025-10-21 23:26:37+00:00
MAU-704_2017_A_09_dummy6.jpg,5/1/2017,Guam-CNMI,MAU-704,dummy6,987,3337,*TURFH,leerm,2025-10-21 23:26:37+00:00
MAU-704_2017_A_09_dummy6.jpg,5/1/2017,Guam-CNMI,MAU-704,dummy6,1255,4307,*ECHL,leerm,2025-10-21 23:26:37+00:00
MAU-704_2017_A_09_dummy6.jpg,5/1/2017,Guam-CNMI,MAU-704,dummy6,1337,4675,*ECHL,leerm,2025-10-21 23:26:37+00:00
MAU-704_2017_A_09_dummy6.jpg,5/1/2017,Guam-CNMI,MAU-704,dummy6,2865,400,*TURFH,leerm,2025-10-21 23:26:37+00:00
MAU-704_2017_A_09_dummy6.jpg,5/1/2017,Guam-CNMI,MAU-704,dummy6,2401,658,*TURFH,leerm,2025-10-21 23:26:37+00:00
MAU-704_2017_A_09_dummy6.jpg,5/1/2017,Guam-CNMI,MAU-704,dummy6,2624,1156,*PESP,leerm,2025-10-21 23:26:37+00:00
MAU-704_2017_A_09_dummy6.jpg,5/1/2017,Guam-CNMI,MAU-704,dummy6,2412,4540,*PESP,leerm,2025-10-21 23:26:37+00:00
MAU-704_2017_A_09_dummy6.jpg,5/1/2017,Guam-CNMI,MAU-704,dummy6,3504,3286,*TURFH,leerm,2025-10-21 23:26:37+00:00
MAU-723_2017_A_30_dummy6.jpg,5/1/2017,Guam-CNMI,MAU-723,dummy6,342,337,*TURFH,leerm,2025-10-21 23:27:53+00:00
MAU-723_2017_A_30_dummy6.jpg,5/1/2017,Guam-CNMI,MAU-723,dummy6,327,1210,*TURFH,leerm,2025-10-21 23:27:53+00:00
MAU-723_2017_A_30_dummy6.jpg,5/1/2017,Guam-CNMI,MAU-723,dummy6,484,5398,*SHAD,leerm,2025-10-21 23:27:53+00:00
MAU-723_2017_A_30_dummy6.jpg,5/1/2017,Guam-CNMI,MAU-723,dummy6,618,5398,*CCAH,leerm,2025-10-21 23:27:53+00:00
MAU-723_2017_A_30_dummy6.jpg,5/1/2017,Guam-CNMI,MAU-723,dummy6,864,2053,*GRMA,leerm,2025-10-21 23:27:53+00:00
MAU-723_2017_A_30_dummy6.jpg,5/1/2017,Guam-CNMI,MAU-723,dummy6,858,2703,*HALI,leerm,2025-10-21 23:27:53+00:00
MAU-723_2017_A_30_dummy6.jpg,5/1/2017,Guam-CNMI,MAU-723,dummy6,2075,3039,*CCAH,leerm,2025-10-21 23:27:52+00:00
MAU-723_2017_A_30_dummy6.jpg,5/1/2017,Guam-CNMI,MAU-723,dummy6,2193,1192,*TURFH,leerm,2025-10-21 23:27:52+00:00
MAU-723_2017_A_30_dummy6.jpg,5/1/2017,Guam-CNMI,MAU-723,dummy6,3636,3694,*CCAH,leerm,2025-10-21 23:27:52+00:00
MAU-723_2017_A_30_dummy6.jpg,5/1/2017,Guam-CNMI,MAU-723,dummy6,3429,4790,*CCAH,leerm,2025-10-21 23:27:52+00:00
MAU-838_2017_B_10_dummy6.jpg,5/1/2017,Guam-CNMI,MAU-838,dummy6,345,133,*CCAH,leerm,2025-10-21 23:28:54+00:00
MAU-838_2017_B_10_dummy6.jpg,5/1/2017,Guam-CNMI,MAU-838,dummy6,365,1547,*TURFH,leerm,2025-10-21 23:28:54+00:00
MAU-838_2017_B_10_dummy6.jpg,5/1/2017,Guam-CNMI,MAU-838,dummy6,296,1401,*CCAH,leerm,2025-10-21 23:28:54+00:00
MAU-838_2017_B_10_dummy6.jpg,5/1/2017,Guam-CNMI,MAU-838,dummy6,211,2136,*TURFH,leerm,2025-10-21 23:28:54+00:00
MAU-838_2017_B_10_dummy6.jpg,5/1/2017,Guam-CNMI,MAU-838,dummy6,669,938,*TURFH,leerm,2025-10-21 23:28:54+00:00
MAU-838_2017_B_10_dummy6.jpg,5/1/2017,Guam-CNMI,MAU-838,dummy6,882,896,*HCOE,leerm,2025-10-21 23:28:54+00:00
MAU-838_2017_B_10_dummy6.jpg,5/1/2017,Guam-CNMI,MAU-838,dummy6,1556,699,*HARD,leerm,2025-10-21 23:28:54+00:00
MAU-838_2017_B_10_dummy6.jpg,5/1/2017,Guam-CNMI,MAU-838,dummy6,2511,1205,*HCOE,leerm,2025-10-21 23:28:54+00:00
MAU-838_2017_B_10_dummy6.jpg,5/1/2017,Guam-CNMI,MAU-838,dummy6,2722,1327,*HCOE,leerm,2025-10-21 23:28:54+00:00
MAU-838_2017_B_10_dummy6.jpg,5/1/2017,Guam-CNMI,MAU-838,dummy6,2663,2921,*SHAD,leerm,2025-10-21 23:28:54+00:00
MAU-848_2017_B_02_dummy6.jpg,5/1/2017,Guam-CNMI,MAU-848,dummy6,205,42,*TURFH,leerm,2025-10-21 23:29:32+00:00
MAU-848_2017_B_02_dummy6.jpg,5/1/2017,Guam-CNMI,MAU-848,dummy6,634,158,*POCS,leerm,2025-10-21 23:29:32+00:00
MAU-848_2017_B_02_dummy6.jpg,5/1/2017,Guam-CNMI,MAU-848,dummy6,1083,311,*POCS,leerm,2025-10-21 23:29:32+00:00
MAU-848_2017_B_02_dummy6.jpg,5/1/2017,Guam-CNMI,MAU-848,dummy6,1302,688,*POCS,leerm,2025-10-21 23:29:32+00:00
MAU-848_2017_B_02_dummy6.jpg,5/1/2017,Guam-CNMI,MAU-848,dummy6,1835,2900,*TURFH,leerm,2025-10-21 23:29:32+00:00
MAU-848_2017_B_02_dummy6.jpg,5/1/2017,Guam-CNMI,MAU-848,dummy6,1924,2413,*PESP,leerm,2025-10-21 23:29:32+00:00
MAU-848_2017_B_02_dummy6.jpg,5/1/2017,Guam-CNMI,MAU-848,dummy6,2455,2336,*TURFH,leerm,2025-10-21 23:29:32+00:00
MAU-848_2017_B_02_dummy6.jpg,5/1/2017,Guam-CNMI,MAU-848,dummy6,3910,1031,*TURFH,leerm,2025-10-21 23:29:32+00:00
MAU-848_2017_B_02_dummy6.jpg,5/1/2017,Guam-CNMI,MAU-848,dummy6,3699,1018,*TURFH,leerm,2025-10-21 23:29:32+00:00
MAU-848_2017_B_02_dummy6.jpg,5/1/2017,Guam-CNMI,MAU-848,dummy6,3324,2524,*CCAH,leerm,2025-10-21 23:29:32+00:00
MAU-855_2017_B_12_dummy6.jpg,5/1/2017,Guam-CNMI,MAU-855,dummy6,445,956,*PESP,leerm,2025-10-21 23:33:04+00:00
MAU-855_2017_B_12_dummy6.jpg,5/1/2017,Guam-CNMI,MAU-855,dummy6,570,2396,*TURFH,leerm,2025-10-21 23:33:04+00:00
MAU-855_2017_B_12_dummy6.jpg,5/1/2017,Guam-CNMI,MAU-855,dummy6,462,3849,*TURFH,leerm,2025-10-21 23:33:04+00:00
MAU-855_2017_B_12_dummy6.jpg,5/1/2017,Guam-CNMI,MAU-855,dummy6,512,3784,*TURFH,leerm,2025-10-21 23:33:04+00:00
MAU-855_2017_B_12_dummy6.jpg,5/1/2017,Guam-CNMI,MAU-855,dummy6,737,1173,*ZO,leerm,2025-10-21 23:33:04+00:00
MAU-855_2017_B_12_dummy6.jpg,5/1/2017,Guam-CNMI,MAU-855,dummy6,1105,2170,*TURFH,leerm,2025-10-21 23:33:04+00:00
MAU-855_2017_B_12_dummy6.jpg,5/1/2017,Guam-CNMI,MAU-855,dummy6,818,2945,*TURFH,leerm,2025-10-21 23:33:04+00:00
MAU-855_2017_B_12_dummy6.jpg,5/1/2017,Guam-CNMI,MAU-855,dummy6,631,3271,*GONS,leerm,2025-10-21 23:33:04+00:00
MAU-855_2017_B_12_dummy6.jpg,5/1/2017,Guam-CNMI,MAU-855,dummy6,1725,2565,*TURFH,leerm,2025-10-21 23:33:04+00:00
MAU-855_2017_B_12_dummy6.jpg,5/1/2017,Guam-CNMI,MAU-855,dummy6,2852,2867,*HARD,leerm,2025-10-21 23:33:04+00:00
MAU-868_2017_A_07_dummy6.jpg,5/1/2017,Guam-CNMI,MAU-868,dummy6,931,2846,*TURFH,leerm,2025-10-21 23:34:09+00:00
MAU-868_2017_A_07_dummy6.jpg,5/1/2017,Guam-CNMI,MAU-868,dummy6,716,3406,*TURFH,leerm,2025-10-21 23:34:09+00:00
MAU-868_2017_A_07_dummy6.jpg,5/1/2017,Guam-CNMI,MAU-868,dummy6,1438,762,*HALI,leerm,2025-10-21 23:34:09+00:00
MAU-868_2017_A_07_dummy6.jpg,5/1/2017,Guam-CNMI,MAU-868,dummy6,1229,2857,*TURFH,leerm,2025-10-21 23:34:09+00:00
MAU-868_2017_A_07_dummy6.jpg,5/1/2017,Guam-CNMI,MAU-868,dummy6,2328,365,*PESP,leerm,2025-10-21 23:34:09+00:00
MAU-868_2017_A_07_dummy6.jpg,5/1/2017,Guam-CNMI,MAU-868,dummy6,2023,1295,*TURFH,leerm,2025-10-21 23:34:09+00:00
MAU-868_2017_A_07_dummy6.jpg,5/1/2017,Guam-CNMI,MAU-868,dummy6,2197,2723,*CCAH,leerm,2025-10-21 23:34:09+00:00
MAU-868_2017_A_07_dummy6.jpg,5/1/2017,Guam-CNMI,MAU-868,dummy6,2067,3812,*SHAD,leerm,2025-10-21 23:34:09+00:00
MAU-868_2017_A_07_dummy6.jpg,5/1/2017,Guam-CNMI,MAU-868,dummy6,2860,482,*SHAD,leerm,2025-10-21 23:34:09+00:00
MAU-868_2017_A_07_dummy6.jpg,5/1/2017,Guam-CNMI,MAU-868,dummy6,2872,1803,*CCAH,leerm,2025-10-21 23:34:09+00:00
MAU-870_2017_B_04_dummy6.jpg,5/1/2017,Guam-CNMI,MAU-870,dummy6,453,1112,*GONS,leerm,2025-10-21 23:35:11+00:00
MAU-870_2017_B_04_dummy6.jpg,5/1/2017,Guam-CNMI,MAU-870,dummy6,620,2409,*CCAH,leerm,2025-10-21 23:35:11+00:00
MAU-870_2017_B_04_dummy6.jpg,5/1/2017,Guam-CNMI,MAU-870,dummy6,604,3383,*TURFH,leerm,2025-10-21 23:35:11+00:00
MAU-870_2017_B_04_dummy6.jpg,5/1/2017,Guam-CNMI,MAU-870,dummy6,1305,1121,*TURFH,leerm,2025-10-21 23:35:11+00:00
MAU-870_2017_B_04_dummy6.jpg,5/1/2017,Guam-CNMI,MAU-870,dummy6,1242,2172,*TURFH,leerm,2025-10-21 23:35:11+00:00
MAU-870_2017_B_04_dummy6.jpg,5/1/2017,Guam-CNMI,MAU-870,dummy6,2212,329,*SHAD,leerm,2025-10-21 23:35:11+00:00
MAU-870_2017_B_04_dummy6.jpg,5/1/2017,Guam-CNMI,MAU-870,dummy6,2732,406,*CCAH,leerm,2025-10-21 23:35:11+00:00
MAU-870_2017_B_04_dummy6.jpg,5/1/2017,Guam-CNMI,MAU-870,dummy6,2562,3620,*TURFH,leerm,2025-10-21 23:35:11+00:00
MAU-870_2017_B_04_dummy6.jpg,5/1/2017,Guam-CNMI,MAU-870,dummy6,2723,3844,*TURFH,leerm,2025-10-21 23:35:11+00:00
MAU-870_2017_B_04_dummy6.jpg,5/1/2017,Guam-CNMI,MAU-870,dummy6,2928,3382,*GOAL,leerm,2025-10-21 23:35:11+00:00
MAU-907_2017_B_04_dummy6.jpg,5/1/2017,Guam-CNMI,MAU-907,dummy6,613,539,*TURFH,leerm,2025-10-21 23:35:48+00:00
MAU-907_2017_B_04_dummy6.jpg,5/1/2017,Guam-CNMI,MAU-907,dummy6,828,164,*TURFH,leerm,2025-10-21 23:35:48+00:00
MAU-907_2017_B_04_dummy6.jpg,5/1/2017,Guam-CNMI,MAU-907,dummy6,750,2903,*TURFH,leerm,2025-10-21 23:35:47+00:00
MAU-907_2017_B_04_dummy6.jpg,5/1/2017,Guam-CNMI,MAU-907,dummy6,1182,2925,*TURFH,leerm,2025-10-21 23:35:47+00:00
MAU-907_2017_B_04_dummy6.jpg,5/1/2017,Guam-CNMI,MAU-907,dummy6,886,3325,*TURFH,leerm,2025-10-21 23:35:47+00:00
MAU-907_2017_B_04_dummy6.jpg,5/1/2017,Guam-CNMI,MAU-907,dummy6,1632,1518,*TURFH,leerm,2025-10-21 23:35:47+00:00
MAU-907_2017_B_04_dummy6.jpg,5/1/2017,Guam-CNMI,MAU-907,dummy6,1598,3651,*TURFH,leerm,2025-10-21 23:35:47+00:00
MAU-907_2017_B_04_dummy6.jpg,5/1/2017,Guam-CNMI,MAU-907,dummy6,2079,700,*TURFH,leerm,2025-10-21 23:35:47+00:00
MAU-907_2017_B_04_dummy6.jpg,5/1/2017,Guam-CNMI,MAU-907,dummy6,2054,1035,*TURFH,leerm,2025-10-21 23:35:47+00:00
MAU-907_2017_B_04_dummy6.jpg,5/1/2017,Guam-CNMI,MAU-907,dummy6,2003,1062,*TURFH,leerm,2025-10-21 23:35:47+00:00
MAU-951_2017_B_11_dummy6.jpg,5/1/2017,Guam-CNMI,MAU-951,dummy6,176,1166,*TURFH,leerm,2025-10-21 23:37:12+00:00
MAU-951_2017_B_11_dummy6.jpg,5/1/2017,Guam-CNMI,MAU-951,dummy6,255,2413,*TURFH,leerm,2025-10-21 23:37:12+00:00
MAU-951_2017_B_11_dummy6.jpg,5/1/2017,Guam-CNMI,MAU-951,dummy6,117,2856,*TURFH,leerm,2025-10-21 23:37:12+00:00
MAU-951_2017_B_11_dummy6.jpg,5/1/2017,Guam-CNMI,MAU-951,dummy6,1454,668,*PESP,leerm,2025-10-21 23:37:12+00:00
MAU-951_2017_B_11_dummy6.jpg,5/1/2017,Guam-CNMI,MAU-951,dummy6,1253,632,*TURFH,leerm,2025-10-21 23:37:12+00:00
MAU-951_2017_B_11_dummy6.jpg,5/1/2017,Guam-CNMI,MAU-951,dummy6,1603,1815,*UPMA,leerm,2025-10-21 23:37:12+00:00
MAU-951_2017_B_11_dummy6.jpg,5/1/2017,Guam-CNMI,MAU-951,dummy6,1691,2464,*TURFH,leerm,2025-10-21 23:37:12+00:00
MAU-951_2017_B_11_dummy6.jpg,5/1/2017,Guam-CNMI,MAU-951,dummy6,1718,3695,*ZO,leerm,2025-10-21 23:37:12+00:00
MAU-951_2017_B_11_dummy6.jpg,5/1/2017,Guam-CNMI,MAU-951,dummy6,2147,2654,*TURFH,leerm,2025-10-21 23:37:12+00:00
MAU-951_2017_B_11_dummy6.jpg,5/1/2017,Guam-CNMI,MAU-951,dummy6,2538,3155,*TURFH,leerm,2025-10-21 23:37:12+00:00
MAU-953_2017_B_11_dummy6.jpg,5/1/2017,Guam-CNMI,MAU-953,dummy6,190,1394,*GONS,leerm,2025-10-21 23:37:52+00:00
MAU-953_2017_B_11_dummy6.jpg,5/1/2017,Guam-CNMI,MAU-953,dummy6,213,969,*GONS,leerm,2025-10-21 23:37:52+00:00
MAU-953_2017_B_11_dummy6.jpg,5/1/2017,Guam-CNMI,MAU-953,dummy6,160,2274,*TURFH,leerm,2025-10-21 23:37:52+00:00
MAU-953_2017_B_11_dummy6.jpg,5/1/2017,Guam-CNMI,MAU-953,dummy6,909,3884,*TURFH,leerm,2025-10-21 23:37:52+00:00
MAU-953_2017_B_11_dummy6.jpg,5/1/2017,Guam-CNMI,MAU-953,dummy6,1676,601,*TURFH,leerm,2025-10-21 23:37:51+00:00
MAU-953_2017_B_11_dummy6.jpg,5/1/2017,Guam-CNMI,MAU-953,dummy6,1732,924,*TURFH,leerm,2025-10-21 23:37:51+00:00
MAU-953_2017_B_11_dummy6.jpg,5/1/2017,Guam-CNMI,MAU-953,dummy6,2117,250,*SHAD,leerm,2025-10-21 23:37:51+00:00
MAU-953_2017_B_11_dummy6.jpg,5/1/2017,Guam-CNMI,MAU-953,dummy6,2022,3129,*PESP,leerm,2025-10-21 23:37:51+00:00
MAU-953_2017_B_11_dummy6.jpg,5/1/2017,Guam-CNMI,MAU-953,dummy6,2711,2338,*BGMA,leerm,2025-10-21 23:37:51+00:00
MAU-953_2017_B_11_dummy6.jpg,5/1/2017,Guam-CNMI,MAU-953,dummy6,2940,3964,*POMA,leerm,2025-10-21 23:37:51+00:00
MAU-994_2017_B_06_dummy6.jpg,5/1/2017,Guam-CNMI,MAU-994,dummy6,337,961,*TURFH,leerm,2025-10-21 23:41:30+00:00
MAU-994_2017_B_06_dummy6.jpg,5/1/2017,Guam-CNMI,MAU-994,dummy6,1227,2225,*TURFH,leerm,2025-10-21 23:41:30+00:00
MAU-994_2017_B_06_dummy6.jpg,5/1/2017,Guam-CNMI,MAU-994,dummy6,1382,2402,*TURFH,leerm,2025-10-21 23:41:30+00:00
MAU-994_2017_B_06_dummy6.jpg,5/1/2017,Guam-CNMI,MAU-994,dummy6,1822,2951,*TURFH,leerm,2025-10-21 23:41:30+00:00
MAU-994_2017_B_06_dummy6.jpg,5/1/2017,Guam-CNMI,MAU-994,dummy6,1763,2943,*TURFH,leerm,2025-10-21 23:41:30+00:00
MAU-994_2017_B_06_dummy6.jpg,5/1/2017,Guam-CNMI,MAU-994,dummy6,2520,2931,*SHAD,leerm,2025-10-21 23:41:30+00:00
MAU-994_2017_B_06_dummy6.jpg,5/1/2017,Guam-CNMI,MAU-994,dummy6,2508,2876,*SHAD,leerm,2025-10-21 23:41:30+00:00
MAU-994_2017_B_06_dummy6.jpg,5/1/2017,Guam-CNMI,MAU-994,dummy6,3674,387,*TURFH,leerm,2025-10-21 23:41:30+00:00
MAU-994_2017_B_06_dummy6.jpg,5/1/2017,Guam-CNMI,MAU-994,dummy6,3375,1192,*TURFH,leerm,2025-10-21 23:41:30+00:00
MAU-994_2017_B_06_dummy6.jpg,5/1/2017,Guam-CNMI,MAU-994,dummy6,3266,2441,*PESP,leerm,2025-10-21 23:41:30+00:00
MAU-997_2017_A_01_dummy6.jpg,5/1/2017,Guam-CNMI,MAU-997,dummy6,492,965,*TURFH,leerm,2025-10-21 23:44:16+00:00
MAU-997_2017_A_01_dummy6.jpg,5/1/2017,Guam-CNMI,MAU-997,dummy6,554,1292,*PSSP,leerm,2025-10-21 23:44:16+00:00
MAU-997_2017_A_01_dummy6.jpg,5/1/2017,Guam-CNMI,MAU-997,dummy6,206,1419,*TURFH,leerm,2025-10-21 23:44:16+00:00
MAU-997_2017_A_01_dummy6.jpg,5/1/2017,Guam-CNMI,MAU-997,dummy6,1620,47,*TURFH,leerm,2025-10-21 23:44:16+00:00
MAU-997_2017_A_01_dummy6.jpg,5/1/2017,Guam-CNMI,MAU-997,dummy6,1450,1707,*UPMA,leerm,2025-10-21 23:44:16+00:00
MAU-997_2017_A_01_dummy6.jpg,5/1/2017,Guam-CNMI,MAU-997,dummy6,1308,3768,*TURFH,leerm,2025-10-21 23:44:16+00:00
MAU-997_2017_A_01_dummy6.jpg,5/1/2017,Guam-CNMI,MAU-997,dummy6,2135,858,*SHAD,leerm,2025-10-21 23:44:16+00:00
MAU-997_2017_A_01_dummy6.jpg,5/1/2017,Guam-CNMI,MAU-997,dummy6,2738,158,*TURFH,leerm,2025-10-21 23:44:16+00:00
MAU-997_2017_A_01_dummy6.jpg,5/1/2017,Guam-CNMI,MAU-997,dummy6,2590,2024,*TURFH,leerm,2025-10-21 23:44:16+00:00
MAU-997_2017_A_01_dummy6.jpg,5/1/2017,Guam-CNMI,MAU-997,dummy6,2677,2995,*TURFH,leerm,2025-10-21 23:44:16+00:00
PAG-631_2017_A_17_dummy6.jpg,5/1/2017,Guam-CNMI,PAG-631,dummy6,505,573,*TURFH,leerm,2025-10-22 00:35:08+00:00
PAG-631_2017_A_17_dummy6.jpg,5/1/2017,Guam-CNMI,PAG-631,dummy6,72,3147,*TURFH,leerm,2025-10-22 00:35:08+00:00
PAG-631_2017_A_17_dummy6.jpg,5/1/2017,Guam-CNMI,PAG-631,dummy6,878,2275,*TURFH,leerm,2025-10-22 00:35:08+00:00
PAG-631_2017_A_17_dummy6.jpg,5/1/2017,Guam-CNMI,PAG-631,dummy6,1377,4016,*TURFH,leerm,2025-10-22 00:35:08+00:00
PAG-631_2017_A_17_dummy6.jpg,5/1/2017,Guam-CNMI,PAG-631,dummy6,2786,2663,*TURFH,leerm,2025-10-22 00:35:08+00:00
PAG-631_2017_A_17_dummy6.jpg,5/1/2017,Guam-CNMI,PAG-631,dummy6,2956,852,*TURFH,leerm,2025-10-22 00:35:08+00:00
PAG-631_2017_A_17_dummy6.jpg,5/1/2017,Guam-CNMI,PAG-631,dummy6,3501,916,*TURFH,leerm,2025-10-22 00:35:08+00:00
PAG-631_2017_A_17_dummy6.jpg,5/1/2017,Guam-CNMI,PAG-631,dummy6,3158,1186,*TURFH,leerm,2025-10-22 00:35:08+00:00
PAG-631_2017_A_17_dummy6.jpg,5/1/2017,Guam-CNMI,PAG-631,dummy6,3578,3577,*TURFH,leerm,2025-10-22 00:35:08+00:00
PAG-631_2017_A_17_dummy6.jpg,5/1/2017,Guam-CNMI,PAG-631,dummy6,3214,3584,*TURFH,leerm,2025-10-22 00:35:08+00:00
PAG-636_2017_A_09_dummy6.jpg,5/1/2017,Guam-CNMI,PAG-636,dummy6,382,461,*UI,leerm,2025-10-22 00:42:20+00:00
PAG-636_2017_A_09_dummy6.jpg,5/1/2017,Guam-CNMI,PAG-636,dummy6,128,1817,*TURFH,leerm,2025-10-22 00:42:20+00:00
PAG-636_2017_A_09_dummy6.jpg,5/1/2017,Guam-CNMI,PAG-636,dummy6,771,792,*TURFH,leerm,2025-10-22 00:42:20+00:00
PAG-636_2017_A_09_dummy6.jpg,5/1/2017,Guam-CNMI,PAG-636,dummy6,841,1051,*CCAH,leerm,2025-10-22 00:42:20+00:00
PAG-636_2017_A_09_dummy6.jpg,5/1/2017,Guam-CNMI,PAG-636,dummy6,1035,2409,*TURFH,leerm,2025-10-22 00:42:20+00:00
PAG-636_2017_A_09_dummy6.jpg,5/1/2017,Guam-CNMI,PAG-636,dummy6,1576,2199,*UPMA,leerm,2025-10-22 00:42:20+00:00
PAG-636_2017_A_09_dummy6.jpg,5/1/2017,Guam-CNMI,PAG-636,dummy6,1441,2973,*POEN,leerm,2025-10-22 00:42:20+00:00
PAG-636_2017_A_09_dummy6.jpg,5/1/2017,Guam-CNMI,PAG-636,dummy6,1398,3542,*POEN,leerm,2025-10-22 00:42:20+00:00
PAG-636_2017_A_09_dummy6.jpg,5/1/2017,Guam-CNMI,PAG-636,dummy6,1320,3409,*POEN,leerm,2025-10-22 00:42:20+00:00
PAG-636_2017_A_09_dummy6.jpg,5/1/2017,Guam-CNMI,PAG-636,dummy6,2390,3431,*POEN,leerm,2025-10-22 00:42:20+00:00
PAG-639_2017_A_24_dummy6.jpg,5/1/2017,Guam-CNMI,PAG-639,dummy6,1096,2205,*TURFH,leerm,2025-10-22 00:44:29+00:00
PAG-639_2017_A_24_dummy6.jpg,5/1/2017,Guam-CNMI,PAG-639,dummy6,1658,1310,*TURFH,leerm,2025-10-22 00:44:29+00:00
PAG-639_2017_A_24_dummy6.jpg,5/1/2017,Guam-CNMI,PAG-639,dummy6,1764,2774,*POMA,leerm,2025-10-22 00:44:29+00:00
PAG-639_2017_A_24_dummy6.jpg,5/1/2017,Guam-CNMI,PAG-639,dummy6,1836,560,*TURFH,leerm,2025-10-22 00:44:29+00:00
PAG-639_2017_A_24_dummy6.jpg,5/1/2017,Guam-CNMI,PAG-639,dummy6,2374,1239,*TURFH,leerm,2025-10-22 00:44:29+00:00
PAG-639_2017_A_24_dummy6.jpg,5/1/2017,Guam-CNMI,PAG-639,dummy6,2370,2270,*TURFH,leerm,2025-10-22 00:44:29+00:00
PAG-639_2017_A_24_dummy6.jpg,5/1/2017,Guam-CNMI,PAG-639,dummy6,2376,1882,*TURFH,leerm,2025-10-22 00:44:29+00:00
PAG-639_2017_A_24_dummy6.jpg,5/1/2017,Guam-CNMI,PAG-639,dummy6,2105,2551,*POMA,leerm,2025-10-22 00:44:29+00:00
PAG-639_2017_A_24_dummy6.jpg,5/1/2017,Guam-CNMI,PAG-639,dummy6,2095,3240,*TURFH,leerm,2025-10-22 00:44:29+00:00
PAG-639_2017_A_24_dummy6.jpg,5/1/2017,Guam-CNMI,PAG-639,dummy6,2550,45,*TURFH,leerm,2025-10-22 00:44:29+00:00
PAG-642_2017_A_26_dummy6.jpg,5/1/2017,Guam-CNMI,PAG-642,dummy6,614,582,*LEPT,leerm,2025-10-22 00:59:00+00:00
PAG-642_2017_A_26_dummy6.jpg,5/1/2017,Guam-CNMI,PAG-642,dummy6,278,2809,*SHAD,leerm,2025-10-22 00:59:00+00:00
PAG-642_2017_A_26_dummy6.jpg,5/1/2017,Guam-CNMI,PAG-642,dummy6,634,2911,*SHAD,leerm,2025-10-22 00:59:00+00:00
PAG-642_2017_A_26_dummy6.jpg,5/1/2017,Guam-CNMI,PAG-642,dummy6,1127,923,*TURFH,leerm,2025-10-22 00:59:00+00:00
PAG-642_2017_A_26_dummy6.jpg,5/1/2017,Guam-CNMI,PAG-642,dummy6,1931,1149,*TURFH,leerm,2025-10-22 00:59:00+00:00
PAG-642_2017_A_26_dummy6.jpg,5/1/2017,Guam-CNMI,PAG-642,dummy6,2121,2527,*TURFH,leerm,2025-10-22 00:59:00+00:00
PAG-642_2017_A_26_dummy6.jpg,5/1/2017,Guam-CNMI,PAG-642,dummy6,2711,909,*POCS,leerm,2025-10-22 00:59:00+00:00
PAG-642_2017_A_26_dummy6.jpg,5/1/2017,Guam-CNMI,PAG-642,dummy6,3152,2127,*POCS,leerm,2025-10-22 00:59:00+00:00
PAG-642_2017_A_26_dummy6.jpg,5/1/2017,Guam-CNMI,PAG-642,dummy6,2494,2501,*TURFH,leerm,2025-10-22 00:58:59+00:00
PAG-642_2017_A_26_dummy6.jpg,5/1/2017,Guam-CNMI,PAG-642,dummy6,3856,868,*MOEN,leerm,2025-10-22 00:58:59+00:00
PAG-655_2017_A_12_dummy6.jpg,5/1/2017,Guam-CNMI,PAG-655,dummy6,697,2708,*TURFH,leerm,2025-10-22 00:59:44+00:00
PAG-655_2017_A_12_dummy6.jpg,5/1/2017,Guam-CNMI,PAG-655,dummy6,1822,385,*TURFH,leerm,2025-10-22 00:59:44+00:00
PAG-655_2017_A_12_dummy6.jpg,5/1/2017,Guam-CNMI,PAG-655,dummy6,1877,3158,*TURFH,leerm,2025-10-22 00:59:44+00:00
PAG-655_2017_A_12_dummy6.jpg,5/1/2017,Guam-CNMI,PAG-655,dummy6,2003,3451,*TURFH,leerm,2025-10-22 00:59:44+00:00
PAG-655_2017_A_12_dummy6.jpg,5/1/2017,Guam-CNMI,PAG-655,dummy6,1948,3945,*TURFH,leerm,2025-10-22 00:59:44+00:00
PAG-655_2017_A_12_dummy6.jpg,5/1/2017,Guam-CNMI,PAG-655,dummy6,2455,3153,*POEN,leerm,2025-10-22 00:59:44+00:00
PAG-655_2017_A_12_dummy6.jpg,5/1/2017,Guam-CNMI,PAG-655,dummy6,3300,1809,*TURFH,leerm,2025-10-22 00:59:44+00:00
PAG-655_2017_A_12_dummy6.jpg,5/1/2017,Guam-CNMI,PAG-655,dummy6,3282,1581,*TURFH,leerm,2025-10-22 00:59:44+00:00
PAG-655_2017_A_12_dummy6.jpg,5/1/2017,Guam-CNMI,PAG-655,dummy6,2984,1178,*TURFH,leerm,2025-10-22 00:59:44+00:00
PAG-655_2017_A_12_dummy6.jpg,5/1/2017,Guam-CNMI,PAG-655,dummy6,3209,4927,*TURFH,leerm,2025-10-22 00:59:44+00:00
PAG-671_2017_A_27_dummy6.jpg,5/1/2017,Guam-CNMI,PAG-671,dummy6,679,630,*TURFH,leerm,2025-10-22 01:03:42+00:00
PAG-671_2017_A_27_dummy6.jpg,5/1/2017,Guam-CNMI,PAG-671,dummy6,1454,1773,*FASP,leerm,2025-10-22 01:03:42+00:00
PAG-671_2017_A_27_dummy6.jpg,5/1/2017,Guam-CNMI,PAG-671,dummy6,1498,271,*FASP,leerm,2025-10-22 01:03:42+00:00
PAG-671_2017_A_27_dummy6.jpg,5/1/2017,Guam-CNMI,PAG-671,dummy6,2011,2464,*FASP,leerm,2025-10-22 01:03:42+00:00
PAG-671_2017_A_27_dummy6.jpg,5/1/2017,Guam-CNMI,PAG-671,dummy6,1763,3547,*TURFH,leerm,2025-10-22 01:03:42+00:00
PAG-671_2017_A_27_dummy6.jpg,5/1/2017,Guam-CNMI,PAG-671,dummy6,1519,5308,*TURFH,leerm,2025-10-22 01:03:42+00:00
PAG-671_2017_A_27_dummy6.jpg,5/1/2017,Guam-CNMI,PAG-671,dummy6,2252,2373,*FASP,leerm,2025-10-22 01:03:42+00:00
PAG-671_2017_A_27_dummy6.jpg,5/1/2017,Guam-CNMI,PAG-671,dummy6,2573,2397,*FASP,leerm,2025-10-22 01:03:42+00:00
PAG-671_2017_A_27_dummy6.jpg,5/1/2017,Guam-CNMI,PAG-671,dummy6,3403,1407,*FAVS,leerm,2025-10-22 01:03:42+00:00
PAG-671_2017_A_27_dummy6.jpg,5/1/2017,Guam-CNMI,PAG-671,dummy6,3508,2323,*TURFH,leerm,2025-10-22 01:03:42+00:00
PAG-693_2017_A_19_dummy6.jpg,5/1/2017,Guam-CNMI,PAG-693,dummy6,294,596,*PLSP,leerm,2025-10-22 01:07:34+00:00
PAG-693_2017_A_19_dummy6.jpg,5/1/2017,Guam-CNMI,PAG-693,dummy6,510,2748,*TURFH,leerm,2025-10-22 01:07:34+00:00
PAG-693_2017_A_19_dummy6.jpg,5/1/2017,Guam-CNMI,PAG-693,dummy6,413,3902,*TURFH,leerm,2025-10-22 01:07:34+00:00
PAG-693_2017_A_19_dummy6.jpg,5/1/2017,Guam-CNMI,PAG-693,dummy6,609,3858,*PAEN,leerm,2025-10-22 01:07:34+00:00
PAG-693_2017_A_19_dummy6.jpg,5/1/2017,Guam-CNMI,PAG-693,dummy6,1443,1280,*TURFH,leerm,2025-10-22 01:07:34+00:00
PAG-693_2017_A_19_dummy6.jpg,5/1/2017,Guam-CNMI,PAG-693,dummy6,1455,1847,*POEN,leerm,2025-10-22 01:07:34+00:00
PAG-693_2017_A_19_dummy6.jpg,5/1/2017,Guam-CNMI,PAG-693,dummy6,1219,2856,*ASTS,leerm,2025-10-22 01:07:34+00:00
PAG-693_2017_A_19_dummy6.jpg,5/1/2017,Guam-CNMI,PAG-693,dummy6,1467,2498,*CCAH,leerm,2025-10-22 01:07:34+00:00
PAG-693_2017_A_19_dummy6.jpg,5/1/2017,Guam-CNMI,PAG-693,dummy6,2978,866,*TURFH,leerm,2025-10-22 01:07:34+00:00
PAG-693_2017_A_19_dummy6.jpg,5/1/2017,Guam-CNMI,PAG-693,dummy6,2726,3735,*TURFH,leerm,2025-10-22 01:07:34+00:00
PAG-713_2017_A_05_dummy6.jpg,5/1/2017,Guam-CNMI,PAG-713,dummy6,533,608,*TURFH,leerm,2025-10-22 01:08:26+00:00
PAG-713_2017_A_05_dummy6.jpg,5/1/2017,Guam-CNMI,PAG-713,dummy6,536,1507,*PESP,leerm,2025-10-22 01:08:26+00:00
PAG-713_2017_A_05_dummy6.jpg,5/1/2017,Guam-CNMI,PAG-713,dummy6,1615,1896,*TURFH,leerm,2025-10-22 01:08:26+00:00
PAG-713_2017_A_05_dummy6.jpg,5/1/2017,Guam-CNMI,PAG-713,dummy6,1968,2403,*TURFH,leerm,2025-10-22 01:08:26+00:00
PAG-713_2017_A_05_dummy6.jpg,5/1/2017,Guam-CNMI,PAG-713,dummy6,1869,2827,*TURFH,leerm,2025-10-22 01:08:26+00:00
PAG-713_2017_A_05_dummy6.jpg,5/1/2017,Guam-CNMI,PAG-713,dummy6,1856,2924,*TURFH,leerm,2025-10-22 01:08:26+00:00
PAG-713_2017_A_05_dummy6.jpg,5/1/2017,Guam-CNMI,PAG-713,dummy6,2345,386,*TURFH,leerm,2025-10-22 01:08:26+00:00
PAG-713_2017_A_05_dummy6.jpg,5/1/2017,Guam-CNMI,PAG-713,dummy6,3496,258,*TURFH,leerm,2025-10-22 01:08:26+00:00
PAG-713_2017_A_05_dummy6.jpg,5/1/2017,Guam-CNMI,PAG-713,dummy6,3381,1826,*PESP,leerm,2025-10-22 01:08:26+00:00
PAG-713_2017_A_05_dummy6.jpg,5/1/2017,Guam-CNMI,PAG-713,dummy6,3281,5038,*TURFH,leerm,2025-10-22 01:08:26+00:00
PAG-732_2017_A_02_dummy6.jpg,5/1/2017,Guam-CNMI,PAG-732,dummy6,106,821,*TURFH,leerm,2025-10-22 01:09:01+00:00
PAG-732_2017_A_02_dummy6.jpg,5/1/2017,Guam-CNMI,PAG-732,dummy6,7,2588,*UPMA,leerm,2025-10-22 01:09:01+00:00
PAG-732_2017_A_02_dummy6.jpg,5/1/2017,Guam-CNMI,PAG-732,dummy6,1558,2082,*TURFH,leerm,2025-10-22 01:09:01+00:00
PAG-732_2017_A_02_dummy6.jpg,5/1/2017,Guam-CNMI,PAG-732,dummy6,1762,3191,*TURFH,leerm,2025-10-22 01:09:01+00:00
PAG-732_2017_A_02_dummy6.jpg,5/1/2017,Guam-CNMI,PAG-732,dummy6,1685,2715,*TURFH,leerm,2025-10-22 01:09:01+00:00
PAG-732_2017_A_02_dummy6.jpg,5/1/2017,Guam-CNMI,PAG-732,dummy6,1745,2414,*SAND,leerm,2025-10-22 01:09:01+00:00
PAG-732_2017_A_02_dummy6.jpg,5/1/2017,Guam-CNMI,PAG-732,dummy6,2303,17,*TURFH,leerm,2025-10-22 01:09:01+00:00
PAG-732_2017_A_02_dummy6.jpg,5/1/2017,Guam-CNMI,PAG-732,dummy6,2106,2146,*TURFH,leerm,2025-10-22 01:09:00+00:00
PAG-732_2017_A_02_dummy6.jpg,5/1/2017,Guam-CNMI,PAG-732,dummy6,2586,2697,*ASPP,leerm,2025-10-22 01:09:00+00:00
PAG-732_2017_A_02_dummy6.jpg,5/1/2017,Guam-CNMI,PAG-732,dummy6,2472,2880,*ASPP,leerm,2025-10-22 01:09:00+00:00
PAG-747_2017_A_25_dummy6.jpg,5/1/2017,Guam-CNMI,PAG-747,dummy6,588,20,*TURFH,leerm,2025-10-22 01:11:46+00:00
PAG-747_2017_A_25_dummy6.jpg,5/1/2017,Guam-CNMI,PAG-747,dummy6,693,5060,*TURFH,leerm,2025-10-22 01:11:46+00:00
PAG-747_2017_A_25_dummy6.jpg,5/1/2017,Guam-CNMI,PAG-747,dummy6,1787,996,*PAEN,leerm,2025-10-22 01:11:46+00:00
PAG-747_2017_A_25_dummy6.jpg,5/1/2017,Guam-CNMI,PAG-747,dummy6,1543,1245,*TURFH,leerm,2025-10-22 01:11:46+00:00
PAG-747_2017_A_25_dummy6.jpg,5/1/2017,Guam-CNMI,PAG-747,dummy6,1846,4951,*TURFH,leerm,2025-10-22 01:11:46+00:00
PAG-747_2017_A_25_dummy6.jpg,5/1/2017,Guam-CNMI,PAG-747,dummy6,2683,587,*POMA,leerm,2025-10-22 01:11:46+00:00
PAG-747_2017_A_25_dummy6.jpg,5/1/2017,Guam-CNMI,PAG-747,dummy6,2597,1726,*PLSP,leerm,2025-10-22 01:11:46+00:00
PAG-747_2017_A_25_dummy6.jpg,5/1/2017,Guam-CNMI,PAG-747,dummy6,2546,5157,*TURFH,leerm,2025-10-22 01:11:46+00:00
PAG-747_2017_A_25_dummy6.jpg,5/1/2017,Guam-CNMI,PAG-747,dummy6,2387,4759,*TURFH,leerm,2025-10-22 01:11:46+00:00
PAG-747_2017_A_25_dummy6.jpg,5/1/2017,Guam-CNMI,PAG-747,dummy6,3521,916,*ASSP,leerm,2025-10-22 01:11:46+00:00
PAG-836_2017_A_15_dummy6.jpg,5/1/2017,Guam-CNMI,PAG-836,dummy6,757,465,*POCS,leerm,2025-10-22 01:12:43+00:00
PAG-836_2017_A_15_dummy6.jpg,5/1/2017,Guam-CNMI,PAG-836,dummy6,104,1394,*POEN,leerm,2025-10-22 01:12:43+00:00
PAG-836_2017_A_15_dummy6.jpg,5/1/2017,Guam-CNMI,PAG-836,dummy6,1498,2567,*TURFH,leerm,2025-10-22 01:12:43+00:00
PAG-836_2017_A_15_dummy6.jpg,5/1/2017,Guam-CNMI,PAG-836,dummy6,1674,2131,*TURFH,leerm,2025-10-22 01:12:43+00:00
PAG-836_2017_A_15_dummy6.jpg,5/1/2017,Guam-CNMI,PAG-836,dummy6,2700,333,*TURFH,leerm,2025-10-22 01:12:43+00:00
PAG-836_2017_A_15_dummy6.jpg,5/1/2017,Guam-CNMI,PAG-836,dummy6,2640,1471,*TURFH,leerm,2025-10-22 01:12:42+00:00
PAG-836_2017_A_15_dummy6.jpg,5/1/2017,Guam-CNMI,PAG-836,dummy6,2492,2714,*TURFH,leerm,2025-10-22 01:12:42+00:00
PAG-836_2017_A_15_dummy6.jpg,5/1/2017,Guam-CNMI,PAG-836,dummy6,3613,336,*TURFH,leerm,2025-10-22 01:12:42+00:00
PAG-836_2017_A_15_dummy6.jpg,5/1/2017,Guam-CNMI,PAG-836,dummy6,3795,1758,*TURFH,leerm,2025-10-22 01:12:42+00:00
PAG-836_2017_A_15_dummy6.jpg,5/1/2017,Guam-CNMI,PAG-836,dummy6,3374,1490,*CCAH,leerm,2025-10-22 01:12:42+00:00
PAG-886_2017_A_13_dummy6.jpg,5/1/2017,Guam-CNMI,PAG-886,dummy6,42,612,*TURFH,leerm,2025-10-22 01:14:45+00:00
PAG-886_2017_A_13_dummy6.jpg,5/1/2017,Guam-CNMI,PAG-886,dummy6,137,954,*TURFH,leerm,2025-10-22 01:14:45+00:00
PAG-886_2017_A_13_dummy6.jpg,5/1/2017,Guam-CNMI,PAG-886,dummy6,599,1972,*POMA,leerm,2025-10-22 01:14:45+00:00
PAG-886_2017_A_13_dummy6.jpg,5/1/2017,Guam-CNMI,PAG-886,dummy6,691,2049,*POMA,leerm,2025-10-22 01:14:45+00:00
PAG-886_2017_A_13_dummy6.jpg,5/1/2017,Guam-CNMI,PAG-886,dummy6,1527,891,*TURFH,leerm,2025-10-22 01:14:45+00:00
PAG-886_2017_A_13_dummy6.jpg,5/1/2017,Guam-CNMI,PAG-886,dummy6,2341,155,*TURFH,leerm,2025-10-22 01:14:45+00:00
PAG-886_2017_A_13_dummy6.jpg,5/1/2017,Guam-CNMI,PAG-886,dummy6,1674,1250,*TURFH,leerm,2025-10-22 01:14:45+00:00
PAG-886_2017_A_13_dummy6.jpg,5/1/2017,Guam-CNMI,PAG-886,dummy6,1981,2303,*POMA,leerm,2025-10-22 01:14:45+00:00
PAG-886_2017_A_13_dummy6.jpg,5/1/2017,Guam-CNMI,PAG-886,dummy6,3550,14,*HALI,leerm,2025-10-22 01:14:45+00:00
PAG-886_2017_A_13_dummy6.jpg,5/1/2017,Guam-CNMI,PAG-886,dummy6,3609,1558,*TURFH,leerm,2025-10-22 01:14:45+00:00
PAG-891_2017_B_04_dummy6.jpg,5/1/2017,Guam-CNMI,PAG-891,dummy6,14,1264,*TURFH,leerm,2025-10-22 01:15:12+00:00
PAG-891_2017_B_04_dummy6.jpg,5/1/2017,Guam-CNMI,PAG-891,dummy6,470,3109,*TURFH,leerm,2025-10-22 01:15:12+00:00
PAG-891_2017_B_04_dummy6.jpg,5/1/2017,Guam-CNMI,PAG-891,dummy6,173,3190,*TURFH,leerm,2025-10-22 01:15:12+00:00
PAG-891_2017_B_04_dummy6.jpg,5/1/2017,Guam-CNMI,PAG-891,dummy6,1730,241,*TURFH,leerm,2025-10-22 01:15:12+00:00
PAG-891_2017_B_04_dummy6.jpg,5/1/2017,Guam-CNMI,PAG-891,dummy6,1672,375,*TURFH,leerm,2025-10-22 01:15:12+00:00
PAG-891_2017_B_04_dummy6.jpg,5/1/2017,Guam-CNMI,PAG-891,dummy6,1478,510,*TURFH,leerm,2025-10-22 01:15:12+00:00
PAG-891_2017_B_04_dummy6.jpg,5/1/2017,Guam-CNMI,PAG-891,dummy6,1606,364,*TURFH,leerm,2025-10-22 01:15:12+00:00
PAG-891_2017_B_04_dummy6.jpg,5/1/2017,Guam-CNMI,PAG-891,dummy6,1584,1733,*PAEN,leerm,2025-10-22 01:15:12+00:00
PAG-891_2017_B_04_dummy6.jpg,5/1/2017,Guam-CNMI,PAG-891,dummy6,2108,3493,*TURFH,leerm,2025-10-22 01:15:12+00:00
PAG-891_2017_B_04_dummy6.jpg,5/1/2017,Guam-CNMI,PAG-891,dummy6,2826,1455,*TURFH,leerm,2025-10-22 01:15:12+00:00
PAG-899_2017_B_03_dummy6.jpg,5/1/2017,Guam-CNMI,PAG-899,dummy6,340,3006,*TURFH,leerm,2025-10-22 01:15:39+00:00
PAG-899_2017_B_03_dummy6.jpg,5/1/2017,Guam-CNMI,PAG-899,dummy6,732,61,*TURFH,leerm,2025-10-22 01:15:39+00:00
PAG-899_2017_B_03_dummy6.jpg,5/1/2017,Guam-CNMI,PAG-899,dummy6,1102,1212,*TURFH,leerm,2025-10-22 01:15:39+00:00
PAG-899_2017_B_03_dummy6.jpg,5/1/2017,Guam-CNMI,PAG-899,dummy6,2301,669,*TURFH,leerm,2025-10-22 01:15:39+00:00
PAG-899_2017_B_03_dummy6.jpg,5/1/2017,Guam-CNMI,PAG-899,dummy6,1837,69,*TURFH,leerm,2025-10-22 01:15:39+00:00
PAG-899_2017_B_03_dummy6.jpg,5/1/2017,Guam-CNMI,PAG-899,dummy6,2373,1392,*ASPP,leerm,2025-10-22 01:15:39+00:00
PAG-899_2017_B_03_dummy6.jpg,5/1/2017,Guam-CNMI,PAG-899,dummy6,1883,2380,*POMA,leerm,2025-10-22 01:15:39+00:00
PAG-899_2017_B_03_dummy6.jpg,5/1/2017,Guam-CNMI,PAG-899,dummy6,2039,2893,*CCAH,leerm,2025-10-22 01:15:39+00:00
PAG-899_2017_B_03_dummy6.jpg,5/1/2017,Guam-CNMI,PAG-899,dummy6,2733,87,*TURFH,leerm,2025-10-22 01:15:39+00:00
PAG-899_2017_B_03_dummy6.jpg,5/1/2017,Guam-CNMI,PAG-899,dummy6,2762,2871,*TURFH,leerm,2025-10-22 01:15:39+00:00
PAG-997_2017_A_04_dummy6.jpg,5/1/2017,Guam-CNMI,PAG-997,dummy6,732,1414,*TURFH,leerm,2025-10-22 01:16:31+00:00
PAG-997_2017_A_04_dummy6.jpg,5/1/2017,Guam-CNMI,PAG-997,dummy6,1287,1503,*FAVS,leerm,2025-10-22 01:16:31+00:00
PAG-997_2017_A_04_dummy6.jpg,5/1/2017,Guam-CNMI,PAG-997,dummy6,1022,2771,*TURFH,leerm,2025-10-22 01:16:31+00:00
PAG-997_2017_A_04_dummy6.jpg,5/1/2017,Guam-CNMI,PAG-997,dummy6,1201,2825,*TURFH,leerm,2025-10-22 01:16:31+00:00
PAG-997_2017_A_04_dummy6.jpg,5/1/2017,Guam-CNMI,PAG-997,dummy6,1678,921,*TURFH,leerm,2025-10-22 01:16:31+00:00
PAG-997_2017_A_04_dummy6.jpg,5/1/2017,Guam-CNMI,PAG-997,dummy6,2845,1379,*SHAD,leerm,2025-10-22 01:16:31+00:00
PAG-997_2017_A_04_dummy6.jpg,5/1/2017,Guam-CNMI,PAG-997,dummy6,2944,1960,*POEN,leerm,2025-10-22 01:16:31+00:00
PAG-997_2017_A_04_dummy6.jpg,5/1/2017,Guam-CNMI,PAG-997,dummy6,3656,77,*TURFH,leerm,2025-10-22 01:16:31+00:00
PAG-997_2017_A_04_dummy6.jpg,5/1/2017,Guam-CNMI,PAG-997,dummy6,3774,1893,*TURFH,leerm,2025-10-22 01:16:31+00:00
PAG-997_2017_A_04_dummy6.jpg,5/1/2017,Guam-CNMI,PAG-997,dummy6,3327,2318,*TURFH,leerm,2025-10-22 01:16:31+00:00
ROT-830_IMG_1861_dummy6.jpg,6/1/2022,Guam-CNMI,ROT-830,dummy6,829,410,*PESP,leerm,2025-10-22 01:17:31+00:00
ROT-830_IMG_1861_dummy6.jpg,6/1/2022,Guam-CNMI,ROT-830,dummy6,2093,651,*PESP,leerm,2025-10-22 01:17:31+00:00
ROT-830_IMG_1861_dummy6.jpg,6/1/2022,Guam-CNMI,ROT-830,dummy6,2114,2782,*GONS,leerm,2025-10-22 01:17:31+00:00
ROT-830_IMG_1861_dummy6.jpg,6/1/2022,Guam-CNMI,ROT-830,dummy6,2554,131,*TURFH,leerm,2025-10-22 01:17:31+00:00
ROT-830_IMG_1861_dummy6.jpg,6/1/2022,Guam-CNMI,ROT-830,dummy6,2675,728,*HALI,leerm,2025-10-22 01:17:31+00:00
ROT-830_IMG_1861_dummy6.jpg,6/1/2022,Guam-CNMI,ROT-830,dummy6,2223,760,*CCAH,leerm,2025-10-22 01:17:31+00:00
ROT-830_IMG_1861_dummy6.jpg,6/1/2022,Guam-CNMI,ROT-830,dummy6,2933,2313,*GONS,leerm,2025-10-22 01:17:31+00:00
ROT-830_IMG_1861_dummy6.jpg,6/1/2022,Guam-CNMI,ROT-830,dummy6,2868,3499,*PESP,leerm,2025-10-22 01:17:31+00:00
ROT-830_IMG_1861_dummy6.jpg,6/1/2022,Guam-CNMI,ROT-830,dummy6,3600,1240,*TURFH,leerm,2025-10-22 01:17:31+00:00
ROT-830_IMG_1861_dummy6.jpg,6/1/2022,Guam-CNMI,ROT-830,dummy6,3521,2632,*SHAD,leerm,2025-10-22 01:17:31+00:00
ROT-840_IMG_1799_dummy6.jpg,6/1/2022,Guam-CNMI,ROT-840,dummy6,476,335,*TURFH,leerm,2025-10-22 01:17:59+00:00
ROT-840_IMG_1799_dummy6.jpg,6/1/2022,Guam-CNMI,ROT-840,dummy6,568,2866,*TURFH,leerm,2025-10-22 01:17:59+00:00
ROT-840_IMG_1799_dummy6.jpg,6/1/2022,Guam-CNMI,ROT-840,dummy6,1271,1936,*CCAH,leerm,2025-10-22 01:17:59+00:00
ROT-840_IMG_1799_dummy6.jpg,6/1/2022,Guam-CNMI,ROT-840,dummy6,1797,2690,*TURFH,leerm,2025-10-22 01:17:59+00:00
ROT-840_IMG_1799_dummy6.jpg,6/1/2022,Guam-CNMI,ROT-840,dummy6,2165,4835,*CCAH,leerm,2025-10-22 01:17:59+00:00
ROT-840_IMG_1799_dummy6.jpg,6/1/2022,Guam-CNMI,ROT-840,dummy6,1585,4512,*TURFH,leerm,2025-10-22 01:17:59+00:00
ROT-840_IMG_1799_dummy6.jpg,6/1/2022,Guam-CNMI,ROT-840,dummy6,2214,1602,*CCAH,leerm,2025-10-22 01:17:59+00:00
ROT-840_IMG_1799_dummy6.jpg,6/1/2022,Guam-CNMI,ROT-840,dummy6,2731,2024,*CCAH,leerm,2025-10-22 01:17:59+00:00
ROT-840_IMG_1799_dummy6.jpg,6/1/2022,Guam-CNMI,ROT-840,dummy6,2328,2289,*CCAH,leerm,2025-10-22 01:17:59+00:00
ROT-840_IMG_1799_dummy6.jpg,6/1/2022,Guam-CNMI,ROT-840,dummy6,2503,5397,*TURFH,leerm,2025-10-22 01:17:59+00:00
ROT-845_IMG_1917_dummy6.jpg,6/1/2022,Guam-CNMI,ROT-845,dummy6,574,1757,*TURFH,leerm,2025-10-22 01:18:22+00:00
ROT-845_IMG_1917_dummy6.jpg,6/1/2022,Guam-CNMI,ROT-845,dummy6,591,2854,*TURFH,leerm,2025-10-22 01:18:22+00:00
ROT-845_IMG_1917_dummy6.jpg,6/1/2022,Guam-CNMI,ROT-845,dummy6,1125,1304,*TURFH,leerm,2025-10-22 01:18:22+00:00
ROT-845_IMG_1917_dummy6.jpg,6/1/2022,Guam-CNMI,ROT-845,dummy6,1501,530,*TURFH,leerm,2025-10-22 01:18:22+00:00
ROT-845_IMG_1917_dummy6.jpg,6/1/2022,Guam-CNMI,ROT-845,dummy6,1868,1120,*TURFH,leerm,2025-10-22 01:18:22+00:00
ROT-845_IMG_1917_dummy6.jpg,6/1/2022,Guam-CNMI,ROT-845,dummy6,1855,3211,*TURFH,leerm,2025-10-22 01:18:22+00:00
ROT-845_IMG_1917_dummy6.jpg,6/1/2022,Guam-CNMI,ROT-845,dummy6,2632,3751,*TURFH,leerm,2025-10-22 01:18:22+00:00
ROT-845_IMG_1917_dummy6.jpg,6/1/2022,Guam-CNMI,ROT-845,dummy6,2332,4412,*TURFH,leerm,2025-10-22 01:18:22+00:00
ROT-845_IMG_1917_dummy6.jpg,6/1/2022,Guam-CNMI,ROT-845,dummy6,3048,3681,*TURFH,leerm,2025-10-22 01:18:22+00:00
ROT-845_IMG_1917_dummy6.jpg,6/1/2022,Guam-CNMI,ROT-845,dummy6,3465,3555,*TURFH,leerm,2025-10-22 01:18:22+00:00
ROT-845_IMG_1926_dummy6.jpg,6/1/2022,Guam-CNMI,ROT-845,dummy6,338,150,*TURFH,leerm,2025-10-22 01:19:12+00:00
ROT-845_IMG_1926_dummy6.jpg,6/1/2022,Guam-CNMI,ROT-845,dummy6,116,1086,*TURFH,leerm,2025-10-22 01:19:12+00:00
ROT-845_IMG_1926_dummy6.jpg,6/1/2022,Guam-CNMI,ROT-845,dummy6,137,3094,*UPMA,leerm,2025-10-22 01:19:12+00:00
ROT-845_IMG_1926_dummy6.jpg,6/1/2022,Guam-CNMI,ROT-845,dummy6,252,3406,*TURFH,leerm,2025-10-22 01:19:12+00:00
ROT-845_IMG_1926_dummy6.jpg,6/1/2022,Guam-CNMI,ROT-845,dummy6,1187,371,*UPMA,leerm,2025-10-22 01:19:12+00:00
ROT-845_IMG_1926_dummy6.jpg,6/1/2022,Guam-CNMI,ROT-845,dummy6,1985,635,*TURFH,leerm,2025-10-22 01:19:12+00:00
ROT-845_IMG_1926_dummy6.jpg,6/1/2022,Guam-CNMI,ROT-845,dummy6,1941,3942,*NEOM,leerm,2025-10-22 01:19:12+00:00
ROT-845_IMG_1926_dummy6.jpg,6/1/2022,Guam-CNMI,ROT-845,dummy6,2691,1704,*TURFH,leerm,2025-10-22 01:19:12+00:00
ROT-845_IMG_1926_dummy6.jpg,6/1/2022,Guam-CNMI,ROT-845,dummy6,2907,3877,*HALI,leerm,2025-10-22 01:19:12+00:00
ROT-845_IMG_1926_dummy6.jpg,6/1/2022,Guam-CNMI,ROT-845,dummy6,3281,3544,*NEOM,leerm,2025-10-22 01:19:12+00:00
ROT-848_IMG_0902_dummy6.jpg,6/1/2022,Guam-CNMI,ROT-848,dummy6,295,927,*UPMA,leerm,2025-10-22 01:21:40+00:00
ROT-848_IMG_0902_dummy6.jpg,6/1/2022,Guam-CNMI,ROT-848,dummy6,715,1771,*UPMA,leerm,2025-10-22 01:21:40+00:00
ROT-848_IMG_0902_dummy6.jpg,6/1/2022,Guam-CNMI,ROT-848,dummy6,10,1478,*UPMA,leerm,2025-10-22 01:21:40+00:00
ROT-848_IMG_0902_dummy6.jpg,6/1/2022,Guam-CNMI,ROT-848,dummy6,1073,3470,*UPMA,leerm,2025-10-22 01:21:40+00:00
ROT-848_IMG_0902_dummy6.jpg,6/1/2022,Guam-CNMI,ROT-848,dummy6,1560,850,*GRMA,leerm,2025-10-22 01:21:40+00:00
ROT-848_IMG_0902_dummy6.jpg,6/1/2022,Guam-CNMI,ROT-848,dummy6,1529,2077,*CCAH,leerm,2025-10-22 01:21:40+00:00
ROT-848_IMG_0902_dummy6.jpg,6/1/2022,Guam-CNMI,ROT-848,dummy6,1323,2002,*UPMA,leerm,2025-10-22 01:21:40+00:00
ROT-848_IMG_0902_dummy6.jpg,6/1/2022,Guam-CNMI,ROT-848,dummy6,2114,2573,*TURFH,leerm,2025-10-22 01:21:40+00:00
ROT-848_IMG_0902_dummy6.jpg,6/1/2022,Guam-CNMI,ROT-848,dummy6,4187,2079,*TURFH,leerm,2025-10-22 01:21:40+00:00
ROT-848_IMG_0902_dummy6.jpg,6/1/2022,Guam-CNMI,ROT-848,dummy6,4591,2421,*TURFH,leerm,2025-10-22 01:21:40+00:00
ROT-848_IMG_0903_dummy6.jpg,6/1/2022,Guam-CNMI,ROT-848,dummy6,597,1003,*TURFH,leerm,2025-10-22 01:22:17+00:00
ROT-848_IMG_0903_dummy6.jpg,6/1/2022,Guam-CNMI,ROT-848,dummy6,1028,1283,*TURFH,leerm,2025-10-22 01:22:17+00:00
ROT-848_IMG_0903_dummy6.jpg,6/1/2022,Guam-CNMI,ROT-848,dummy6,1745,2675,*UPMA,leerm,2025-10-22 01:22:17+00:00
ROT-848_IMG_0903_dummy6.jpg,6/1/2022,Guam-CNMI,ROT-848,dummy6,1671,2347,*CCAH,leerm,2025-10-22 01:22:17+00:00
ROT-848_IMG_0903_dummy6.jpg,6/1/2022,Guam-CNMI,ROT-848,dummy6,2809,83,*TURFH,leerm,2025-10-22 01:22:17+00:00
ROT-848_IMG_0903_dummy6.jpg,6/1/2022,Guam-CNMI,ROT-848,dummy6,3522,1855,*TURFH,leerm,2025-10-22 01:22:17+00:00
ROT-848_IMG_0903_dummy6.jpg,6/1/2022,Guam-CNMI,ROT-848,dummy6,3290,3200,*CCAH,leerm,2025-10-22 01:22:17+00:00
ROT-848_IMG_0903_dummy6.jpg,6/1/2022,Guam-CNMI,ROT-848,dummy6,3383,3211,*TURFH,leerm,2025-10-22 01:22:17+00:00
ROT-848_IMG_0903_dummy6.jpg,6/1/2022,Guam-CNMI,ROT-848,dummy6,4890,71,*TURFH,leerm,2025-10-22 01:22:17+00:00
ROT-848_IMG_0903_dummy6.jpg,6/1/2022,Guam-CNMI,ROT-848,dummy6,4841,3579,*TURFH,leerm,2025-10-22 01:22:17+00:00
ROT-866_IMG_2363_dummy6.jpg,6/1/2022,Guam-CNMI,ROT-866,dummy6,459,2214,*MOBF,leerm,2025-10-22 01:23:18+00:00
ROT-866_IMG_2363_dummy6.jpg,6/1/2022,Guam-CNMI,ROT-866,dummy6,2117,38,*TURFH,leerm,2025-10-22 01:23:18+00:00
ROT-866_IMG_2363_dummy6.jpg,6/1/2022,Guam-CNMI,ROT-866,dummy6,1587,1608,*TURFH,leerm,2025-10-22 01:23:18+00:00
ROT-866_IMG_2363_dummy6.jpg,6/1/2022,Guam-CNMI,ROT-866,dummy6,1189,2721,*TURFH,leerm,2025-10-22 01:23:18+00:00
ROT-866_IMG_2363_dummy6.jpg,6/1/2022,Guam-CNMI,ROT-866,dummy6,2431,137,*TURFH,leerm,2025-10-22 01:23:18+00:00
ROT-866_IMG_2363_dummy6.jpg,6/1/2022,Guam-CNMI,ROT-866,dummy6,2293,1095,*TURFH,leerm,2025-10-22 01:23:18+00:00
ROT-866_IMG_2363_dummy6.jpg,6/1/2022,Guam-CNMI,ROT-866,dummy6,2382,3641,*TURFH,leerm,2025-10-22 01:23:18+00:00
ROT-866_IMG_2363_dummy6.jpg,6/1/2022,Guam-CNMI,ROT-866,dummy6,4167,1567,*TURFH,leerm,2025-10-22 01:23:18+00:00
ROT-866_IMG_2363_dummy6.jpg,6/1/2022,Guam-CNMI,ROT-866,dummy6,3365,3479,*TURFH,leerm,2025-10-22 01:23:18+00:00
ROT-866_IMG_2363_dummy6.jpg,6/1/2022,Guam-CNMI,ROT-866,dummy6,4798,2205,*TURFH,leerm,2025-10-22 01:23:18+00:00
ROT-UNK_IMG_5773_dummy6.JPG,6/1/2022,Guam-CNMI,ROT-UNK,dummy6,87,5412,*UPMA,leerm,2025-10-22 01:24:31+00:00
ROT-UNK_IMG_5773_dummy6.JPG,6/1/2022,Guam-CNMI,ROT-UNK,dummy6,1060,2567,*TURFR,leerm,2025-10-22 01:24:31+00:00
ROT-UNK_IMG_5773_dummy6.JPG,6/1/2022,Guam-CNMI,ROT-UNK,dummy6,1016,2548,*TURFR,leerm,2025-10-22 01:24:31+00:00
ROT-UNK_IMG_5773_dummy6.JPG,6/1/2022,Guam-CNMI,ROT-UNK,dummy6,1356,3912,*UPMA,leerm,2025-10-22 01:24:31+00:00
ROT-UNK_IMG_5773_dummy6.JPG,6/1/2022,Guam-CNMI,ROT-UNK,dummy6,1540,557,*TURFR,leerm,2025-10-22 01:24:31+00:00
ROT-UNK_IMG_5773_dummy6.JPG,6/1/2022,Guam-CNMI,ROT-UNK,dummy6,2489,36,*TURFH,leerm,2025-10-22 01:24:31+00:00
ROT-UNK_IMG_5773_dummy6.JPG,6/1/2022,Guam-CNMI,ROT-UNK,dummy6,2864,1429,*TURFR,leerm,2025-10-22 01:24:31+00:00
ROT-UNK_IMG_5773_dummy6.JPG,6/1/2022,Guam-CNMI,ROT-UNK,dummy6,2768,1631,*UPMA,leerm,2025-10-22 01:24:31+00:00
ROT-UNK_IMG_5773_dummy6.JPG,6/1/2022,Guam-CNMI,ROT-UNK,dummy6,2735,3499,*UPMA,leerm,2025-10-22 01:24:31+00:00
ROT-UNK_IMG_5773_dummy6.JPG,6/1/2022,Guam-CNMI,ROT-UNK,dummy6,2951,1061,*TURFR,leerm,2025-10-22 01:24:31+00:00
SAI-1820_IMG_0893_dummy6.jpg,6/1/2022,Guam-CNMI,SAI-1820,dummy6,289,2420,*TURFH,leerm,2025-10-22 01:27:45+00:00
SAI-1820_IMG_0893_dummy6.jpg,6/1/2022,Guam-CNMI,SAI-1820,dummy6,1643,1506,*TURFH,leerm,2025-10-22 01:27:45+00:00
SAI-1820_IMG_0893_dummy6.jpg,6/1/2022,Guam-CNMI,SAI-1820,dummy6,2592,379,*TURFH,leerm,2025-10-22 01:27:45+00:00
SAI-1820_IMG_0893_dummy6.jpg,6/1/2022,Guam-CNMI,SAI-1820,dummy6,3840,1146,*TURFH,leerm,2025-10-22 01:27:45+00:00
SAI-1820_IMG_0893_dummy6.jpg,6/1/2022,Guam-CNMI,SAI-1820,dummy6,3842,1891,*TURFH,leerm,2025-10-22 01:27:45+00:00
SAI-1820_IMG_0893_dummy6.jpg,6/1/2022,Guam-CNMI,SAI-1820,dummy6,3815,2692,*MOEN,leerm,2025-10-22 01:27:45+00:00
SAI-1820_IMG_0893_dummy6.jpg,6/1/2022,Guam-CNMI,SAI-1820,dummy6,3831,2611,*TURFH,leerm,2025-10-22 01:27:45+00:00
SAI-1820_IMG_0893_dummy6.jpg,6/1/2022,Guam-CNMI,SAI-1820,dummy6,4462,1936,*TURFH,leerm,2025-10-22 01:27:45+00:00
SAI-1820_IMG_0893_dummy6.jpg,6/1/2022,Guam-CNMI,SAI-1820,dummy6,4753,2537,*TURFH,leerm,2025-10-22 01:27:45+00:00
SAI-1820_IMG_0893_dummy6.jpg,6/1/2022,Guam-CNMI,SAI-1820,dummy6,5013,2348,*TURFH,leerm,2025-10-22 01:27:45+00:00
SAI-1822_IMG_2077_dummy6.jpg,6/1/2022,Guam-CNMI,SAI-1822,dummy6,303,877,*TURFH,leerm,2025-10-22 01:28:22+00:00
SAI-1822_IMG_2077_dummy6.jpg,6/1/2022,Guam-CNMI,SAI-1822,dummy6,61,2238,*TURFH,leerm,2025-10-22 01:28:22+00:00
SAI-1822_IMG_2077_dummy6.jpg,6/1/2022,Guam-CNMI,SAI-1822,dummy6,1296,4887,*TURFH,leerm,2025-10-22 01:28:22+00:00
SAI-1822_IMG_2077_dummy6.jpg,6/1/2022,Guam-CNMI,SAI-1822,dummy6,1688,42,*TURFH,leerm,2025-10-22 01:28:22+00:00
SAI-1822_IMG_2077_dummy6.jpg,6/1/2022,Guam-CNMI,SAI-1822,dummy6,2073,2636,*TURFH,leerm,2025-10-22 01:28:22+00:00
SAI-1822_IMG_2077_dummy6.jpg,6/1/2022,Guam-CNMI,SAI-1822,dummy6,2693,1447,*TURFH,leerm,2025-10-22 01:28:22+00:00
SAI-1822_IMG_2077_dummy6.jpg,6/1/2022,Guam-CNMI,SAI-1822,dummy6,2809,4992,*MOEN,leerm,2025-10-22 01:28:22+00:00
SAI-1822_IMG_2077_dummy6.jpg,6/1/2022,Guam-CNMI,SAI-1822,dummy6,3042,2844,*TURFH,leerm,2025-10-22 01:28:22+00:00
SAI-1822_IMG_2077_dummy6.jpg,6/1/2022,Guam-CNMI,SAI-1822,dummy6,3605,3033,*TURFH,leerm,2025-10-22 01:28:22+00:00
SAI-1822_IMG_2077_dummy6.jpg,6/1/2022,Guam-CNMI,SAI-1822,dummy6,2988,2637,*CCAH,leerm,2025-10-22 01:28:22+00:00
SAI-1822_IMG_2102_dummy6.jpg,6/1/2022,Guam-CNMI,SAI-1822,dummy6,289,3026,*TURFH,leerm,2025-10-22 01:28:53+00:00
SAI-1822_IMG_2102_dummy6.jpg,6/1/2022,Guam-CNMI,SAI-1822,dummy6,579,3114,*TURFH,leerm,2025-10-22 01:28:53+00:00
SAI-1822_IMG_2102_dummy6.jpg,6/1/2022,Guam-CNMI,SAI-1822,dummy6,73,2966,*TURFH,leerm,2025-10-22 01:28:53+00:00
SAI-1822_IMG_2102_dummy6.jpg,6/1/2022,Guam-CNMI,SAI-1822,dummy6,2070,51,*TURFH,leerm,2025-10-22 01:28:53+00:00
SAI-1822_IMG_2102_dummy6.jpg,6/1/2022,Guam-CNMI,SAI-1822,dummy6,1655,1043,*TURFH,leerm,2025-10-22 01:28:53+00:00
SAI-1822_IMG_2102_dummy6.jpg,6/1/2022,Guam-CNMI,SAI-1822,dummy6,3961,1700,*TURFH,leerm,2025-10-22 01:28:53+00:00
SAI-1822_IMG_2102_dummy6.jpg,6/1/2022,Guam-CNMI,SAI-1822,dummy6,3965,3395,*TURFH,leerm,2025-10-22 01:28:53+00:00
SAI-1822_IMG_2102_dummy6.jpg,6/1/2022,Guam-CNMI,SAI-1822,dummy6,4614,1048,*TURFH,leerm,2025-10-22 01:28:53+00:00
SAI-1822_IMG_2102_dummy6.jpg,6/1/2022,Guam-CNMI,SAI-1822,dummy6,4945,1656,*TURFH,leerm,2025-10-22 01:28:53+00:00
SAI-1822_IMG_2102_dummy6.jpg,6/1/2022,Guam-CNMI,SAI-1822,dummy6,4446,2163,*TURFH,leerm,2025-10-22 01:28:53+00:00
SAI-1838_IMG_0564_dummy6.jpg,6/1/2022,Guam-CNMI,SAI-1838,dummy6,976,866,*TURFH,leerm,2025-10-22 01:29:30+00:00
SAI-1838_IMG_0564_dummy6.jpg,6/1/2022,Guam-CNMI,SAI-1838,dummy6,2029,519,*TURFH,leerm,2025-10-22 01:29:30+00:00
SAI-1838_IMG_0564_dummy6.jpg,6/1/2022,Guam-CNMI,SAI-1838,dummy6,1766,448,*TURFH,leerm,2025-10-22 01:29:30+00:00
SAI-1838_IMG_0564_dummy6.jpg,6/1/2022,Guam-CNMI,SAI-1838,dummy6,1976,437,*TURFH,leerm,2025-10-22 01:29:30+00:00
SAI-1838_IMG_0564_dummy6.jpg,6/1/2022,Guam-CNMI,SAI-1838,dummy6,2091,4016,*TURFH,leerm,2025-10-22 01:29:30+00:00
SAI-1838_IMG_0564_dummy6.jpg,6/1/2022,Guam-CNMI,SAI-1838,dummy6,2045,4703,*TURFH,leerm,2025-10-22 01:29:30+00:00
SAI-1838_IMG_0564_dummy6.jpg,6/1/2022,Guam-CNMI,SAI-1838,dummy6,2388,947,*GONS,leerm,2025-10-22 01:29:30+00:00
SAI-1838_IMG_0564_dummy6.jpg,6/1/2022,Guam-CNMI,SAI-1838,dummy6,2894,2890,*CCAH,leerm,2025-10-22 01:29:30+00:00
SAI-1838_IMG_0564_dummy6.jpg,6/1/2022,Guam-CNMI,SAI-1838,dummy6,2304,4309,*TURFH,leerm,2025-10-22 01:29:30+00:00
SAI-1838_IMG_0564_dummy6.jpg,6/1/2022,Guam-CNMI,SAI-1838,dummy6,3602,1083,*CCAH,leerm,2025-10-22 01:29:30+00:00
SAI-1852_IMG_1774_dummy6.jpg,6/1/2022,Guam-CNMI,SAI-1852,dummy6,147,5089,*TURFH,leerm,2025-10-22 01:29:59+00:00
SAI-1852_IMG_1774_dummy6.jpg,6/1/2022,Guam-CNMI,SAI-1852,dummy6,601,4930,*TURFH,leerm,2025-10-22 01:29:59+00:00
SAI-1852_IMG_1774_dummy6.jpg,6/1/2022,Guam-CNMI,SAI-1852,dummy6,976,738,*TURFH,leerm,2025-10-22 01:29:59+00:00
SAI-1852_IMG_1774_dummy6.jpg,6/1/2022,Guam-CNMI,SAI-1852,dummy6,782,575,*TURFH,leerm,2025-10-22 01:29:59+00:00
SAI-1852_IMG_1774_dummy6.jpg,6/1/2022,Guam-CNMI,SAI-1852,dummy6,2003,358,*TURFH,leerm,2025-10-22 01:29:59+00:00
SAI-1852_IMG_1774_dummy6.jpg,6/1/2022,Guam-CNMI,SAI-1852,dummy6,1560,2483,*CCAH,leerm,2025-10-22 01:29:59+00:00
SAI-1852_IMG_1774_dummy6.jpg,6/1/2022,Guam-CNMI,SAI-1852,dummy6,2030,3594,*TURFH,leerm,2025-10-22 01:29:59+00:00
SAI-1852_IMG_1774_dummy6.jpg,6/1/2022,Guam-CNMI,SAI-1852,dummy6,1601,4028,*TURFH,leerm,2025-10-22 01:29:59+00:00
SAI-1852_IMG_1774_dummy6.jpg,6/1/2022,Guam-CNMI,SAI-1852,dummy6,3384,2724,*TURFH,leerm,2025-10-22 01:29:59+00:00
SAI-1852_IMG_1774_dummy6.jpg,6/1/2022,Guam-CNMI,SAI-1852,dummy6,3067,4098,*TURFH,leerm,2025-10-22 01:29:59+00:00
SAI-1854_IMG_0691_dummy6.jpg,6/1/2022,Guam-CNMI,SAI-1854,dummy6,723,1384,*BGMA,leerm,2025-10-22 01:31:48+00:00
SAI-1854_IMG_0691_dummy6.jpg,6/1/2022,Guam-CNMI,SAI-1854,dummy6,1686,1710,*TURFH,leerm,2025-10-22 01:31:48+00:00
SAI-1854_IMG_0691_dummy6.jpg,6/1/2022,Guam-CNMI,SAI-1854,dummy6,1822,2476,*CYPS,leerm,2025-10-22 01:31:48+00:00
SAI-1854_IMG_0691_dummy6.jpg,6/1/2022,Guam-CNMI,SAI-1854,dummy6,1189,2698,*CYPS,leerm,2025-10-22 01:31:48+00:00
SAI-1854_IMG_0691_dummy6.jpg,6/1/2022,Guam-CNMI,SAI-1854,dummy6,1996,2909,*CYPS,leerm,2025-10-22 01:31:48+00:00
SAI-1854_IMG_0691_dummy6.jpg,6/1/2022,Guam-CNMI,SAI-1854,dummy6,2475,415,*PHSP,leerm,2025-10-22 01:31:48+00:00
SAI-1854_IMG_0691_dummy6.jpg,6/1/2022,Guam-CNMI,SAI-1854,dummy6,2634,758,*POMA,leerm,2025-10-22 01:31:48+00:00
SAI-1854_IMG_0691_dummy6.jpg,6/1/2022,Guam-CNMI,SAI-1854,dummy6,3682,3274,*TURFH,leerm,2025-10-22 01:31:48+00:00
SAI-1854_IMG_0691_dummy6.jpg,6/1/2022,Guam-CNMI,SAI-1854,dummy6,4421,514,*ENC,leerm,2025-10-22 01:31:48+00:00
SAI-1854_IMG_0691_dummy6.jpg,6/1/2022,Guam-CNMI,SAI-1854,dummy6,4854,3384,*TURFH,leerm,2025-10-22 01:31:47+00:00
SAI-1857_IMG_1868_dummy6.jpg,6/1/2022,Guam-CNMI,SAI-1857,dummy6,264,1132,*ASSP,leerm,2025-10-22 01:34:13+00:00
SAI-1857_IMG_1868_dummy6.jpg,6/1/2022,Guam-CNMI,SAI-1857,dummy6,393,1780,*TURFH,leerm,2025-10-22 01:34:13+00:00
SAI-1857_IMG_1868_dummy6.jpg,6/1/2022,Guam-CNMI,SAI-1857,dummy6,1094,285,*ASSP,leerm,2025-10-22 01:34:13+00:00
SAI-1857_IMG_1868_dummy6.jpg,6/1/2022,Guam-CNMI,SAI-1857,dummy6,1789,2681,*TURFH,leerm,2025-10-22 01:34:13+00:00
SAI-1857_IMG_1868_dummy6.jpg,6/1/2022,Guam-CNMI,SAI-1857,dummy6,2155,4010,*ASSP,leerm,2025-10-22 01:34:13+00:00
SAI-1857_IMG_1868_dummy6.jpg,6/1/2022,Guam-CNMI,SAI-1857,dummy6,2380,1985,*TURFH,leerm,2025-10-22 01:34:13+00:00
SAI-1857_IMG_1868_dummy6.jpg,6/1/2022,Guam-CNMI,SAI-1857,dummy6,2629,2941,*TURFH,leerm,2025-10-22 01:34:13+00:00
SAI-1857_IMG_1868_dummy6.jpg,6/1/2022,Guam-CNMI,SAI-1857,dummy6,3272,495,*TURFH,leerm,2025-10-22 01:34:13+00:00
SAI-1857_IMG_1868_dummy6.jpg,6/1/2022,Guam-CNMI,SAI-1857,dummy6,3561,1262,*TURFH,leerm,2025-10-22 01:34:13+00:00
SAI-1857_IMG_1868_dummy6.jpg,6/1/2022,Guam-CNMI,SAI-1857,dummy6,3016,5056,*ENC,leerm,2025-10-22 01:34:12+00:00
SAI-1858_IMG_1828_dummy6.jpg,6/1/2022,Guam-CNMI,SAI-1858,dummy6,6,551,*TURFH,leerm,2025-10-22 01:35:07+00:00
SAI-1858_IMG_1828_dummy6.jpg,6/1/2022,Guam-CNMI,SAI-1858,dummy6,1220,1201,*TURFH,leerm,2025-10-22 01:35:07+00:00
SAI-1858_IMG_1828_dummy6.jpg,6/1/2022,Guam-CNMI,SAI-1858,dummy6,2398,1326,*PESP,leerm,2025-10-22 01:35:07+00:00
SAI-1858_IMG_1828_dummy6.jpg,6/1/2022,Guam-CNMI,SAI-1858,dummy6,2464,1375,*PESP,leerm,2025-10-22 01:35:07+00:00
SAI-1858_IMG_1828_dummy6.jpg,6/1/2022,Guam-CNMI,SAI-1858,dummy6,2695,3401,*LEPT,leerm,2025-10-22 01:35:07+00:00
SAI-1858_IMG_1828_dummy6.jpg,6/1/2022,Guam-CNMI,SAI-1858,dummy6,4231,2809,*TURFH,leerm,2025-10-22 01:35:07+00:00
SAI-1858_IMG_1828_dummy6.jpg,6/1/2022,Guam-CNMI,SAI-1858,dummy6,5055,727,*ASSP,leerm,2025-10-22 01:35:07+00:00
SAI-1858_IMG_1828_dummy6.jpg,6/1/2022,Guam-CNMI,SAI-1858,dummy6,4844,1238,*TURFH,leerm,2025-10-22 01:35:07+00:00
SAI-1858_IMG_1828_dummy6.jpg,6/1/2022,Guam-CNMI,SAI-1858,dummy6,5227,2638,*TURFH,leerm,2025-10-22 01:35:07+00:00
SAI-1858_IMG_1828_dummy6.jpg,6/1/2022,Guam-CNMI,SAI-1858,dummy6,4740,3181,*PADI,leerm,2025-10-22 01:35:07+00:00
SAI-1888_IMG_9809_dummy6.jpg,6/1/2022,Guam-CNMI,SAI-1888,dummy6,1435,1391,*TURFH,leerm,2025-10-22 01:35:32+00:00
SAI-1888_IMG_9809_dummy6.jpg,6/1/2022,Guam-CNMI,SAI-1888,dummy6,2084,3486,*TURFH,leerm,2025-10-22 01:35:32+00:00
SAI-1888_IMG_9809_dummy6.jpg,6/1/2022,Guam-CNMI,SAI-1888,dummy6,1336,3306,*TURFH,leerm,2025-10-22 01:35:32+00:00
SAI-1888_IMG_9809_dummy6.jpg,6/1/2022,Guam-CNMI,SAI-1888,dummy6,2265,2274,*TURFH,leerm,2025-10-22 01:35:32+00:00
SAI-1888_IMG_9809_dummy6.jpg,6/1/2022,Guam-CNMI,SAI-1888,dummy6,2692,3073,*TURFH,leerm,2025-10-22 01:35:32+00:00
SAI-1888_IMG_9809_dummy6.jpg,6/1/2022,Guam-CNMI,SAI-1888,dummy6,4081,2578,*TURFH,leerm,2025-10-22 01:35:32+00:00
SAI-1888_IMG_9809_dummy6.jpg,6/1/2022,Guam-CNMI,SAI-1888,dummy6,4505,1249,*TURFH,leerm,2025-10-22 01:35:32+00:00
SAI-1888_IMG_9809_dummy6.jpg,6/1/2022,Guam-CNMI,SAI-1888,dummy6,5038,1490,*TURFH,leerm,2025-10-22 01:35:32+00:00
SAI-1888_IMG_9809_dummy6.jpg,6/1/2022,Guam-CNMI,SAI-1888,dummy6,5048,3397,*TURFH,leerm,2025-10-22 01:35:32+00:00
SAI-1888_IMG_9809_dummy6.jpg,6/1/2022,Guam-CNMI,SAI-1888,dummy6,4466,3626,*TURFH,leerm,2025-10-22 01:35:32+00:00
SAI-1909_IMG_0714_dummy6.jpg,6/1/2022,Guam-CNMI,SAI-1909,dummy6,431,2582,*TURFH,leerm,2025-10-22 01:36:05+00:00
SAI-1909_IMG_0714_dummy6.jpg,6/1/2022,Guam-CNMI,SAI-1909,dummy6,911,38,*TURFH,leerm,2025-10-22 01:36:05+00:00
SAI-1909_IMG_0714_dummy6.jpg,6/1/2022,Guam-CNMI,SAI-1909,dummy6,760,4683,*TURFH,leerm,2025-10-22 01:36:05+00:00
SAI-1909_IMG_0714_dummy6.jpg,6/1/2022,Guam-CNMI,SAI-1909,dummy6,2328,67,*STYS,leerm,2025-10-22 01:36:05+00:00
SAI-1909_IMG_0714_dummy6.jpg,6/1/2022,Guam-CNMI,SAI-1909,dummy6,2794,3576,*TURFH,leerm,2025-10-22 01:36:05+00:00
SAI-1909_IMG_0714_dummy6.jpg,6/1/2022,Guam-CNMI,SAI-1909,dummy6,2859,4596,*TURFH,leerm,2025-10-22 01:36:05+00:00
SAI-1909_IMG_0714_dummy6.jpg,6/1/2022,Guam-CNMI,SAI-1909,dummy6,3450,1850,*TURFH,leerm,2025-10-22 01:36:05+00:00
SAI-1909_IMG_0714_dummy6.jpg,6/1/2022,Guam-CNMI,SAI-1909,dummy6,3251,1506,*CCAH,leerm,2025-10-22 01:36:05+00:00
SAI-1909_IMG_0714_dummy6.jpg,6/1/2022,Guam-CNMI,SAI-1909,dummy6,3543,2485,*POCS,leerm,2025-10-22 01:36:05+00:00
SAI-1909_IMG_0714_dummy6.jpg,6/1/2022,Guam-CNMI,SAI-1909,dummy6,3214,3363,*TURFH,leerm,2025-10-22 01:36:05+00:00
SAI-1909_IMG_0735_dummy6.jpg,6/1/2022,Guam-CNMI,SAI-1909,dummy6,854,1364,*TURFH,leerm,2025-10-22 01:36:34+00:00
SAI-1909_IMG_0735_dummy6.jpg,6/1/2022,Guam-CNMI,SAI-1909,dummy6,452,979,*CCAH,leerm,2025-10-22 01:36:34+00:00
SAI-1909_IMG_0735_dummy6.jpg,6/1/2022,Guam-CNMI,SAI-1909,dummy6,564,915,*CCAH,leerm,2025-10-22 01:36:34+00:00
SAI-1909_IMG_0735_dummy6.jpg,6/1/2022,Guam-CNMI,SAI-1909,dummy6,590,2682,*TURFH,leerm,2025-10-22 01:36:34+00:00
SAI-1909_IMG_0735_dummy6.jpg,6/1/2022,Guam-CNMI,SAI-1909,dummy6,3005,244,*TURFH,leerm,2025-10-22 01:36:34+00:00
SAI-1909_IMG_0735_dummy6.jpg,6/1/2022,Guam-CNMI,SAI-1909,dummy6,2927,10,*TURFH,leerm,2025-10-22 01:36:34+00:00
SAI-1909_IMG_0735_dummy6.jpg,6/1/2022,Guam-CNMI,SAI-1909,dummy6,3084,1240,*MOEN,leerm,2025-10-22 01:36:34+00:00
SAI-1909_IMG_0735_dummy6.jpg,6/1/2022,Guam-CNMI,SAI-1909,dummy6,2937,2457,*TURFH,leerm,2025-10-22 01:36:34+00:00
SAI-1909_IMG_0735_dummy6.jpg,6/1/2022,Guam-CNMI,SAI-1909,dummy6,3652,5,*TURFH,leerm,2025-10-22 01:36:34+00:00
SAI-1909_IMG_0735_dummy6.jpg,6/1/2022,Guam-CNMI,SAI-1909,dummy6,4928,3304,*CCAH,leerm,2025-10-22 01:36:34+00:00
SAI-1915_IMG_9876_dummy6.jpg,6/1/2022,Guam-CNMI,SAI-1915,dummy6,477,4284,*TURFH,leerm,2025-10-22 01:37:46+00:00
SAI-1915_IMG_9876_dummy6.jpg,6/1/2022,Guam-CNMI,SAI-1915,dummy6,1127,2557,*TURFH,leerm,2025-10-22 01:37:46+00:00
SAI-1915_IMG_9876_dummy6.jpg,6/1/2022,Guam-CNMI,SAI-1915,dummy6,1636,862,*TURFH,leerm,2025-10-22 01:37:46+00:00
SAI-1915_IMG_9876_dummy6.jpg,6/1/2022,Guam-CNMI,SAI-1915,dummy6,1873,2399,*TURFH,leerm,2025-10-22 01:37:46+00:00
SAI-1915_IMG_9876_dummy6.jpg,6/1/2022,Guam-CNMI,SAI-1915,dummy6,3124,1974,*GASP,leerm,2025-10-22 01:37:46+00:00
SAI-1915_IMG_9876_dummy6.jpg,6/1/2022,Guam-CNMI,SAI-1915,dummy6,3355,2080,*GASP,leerm,2025-10-22 01:37:46+00:00
SAI-1915_IMG_9876_dummy6.jpg,6/1/2022,Guam-CNMI,SAI-1915,dummy6,3522,1191,*TURFH,leerm,2025-10-22 01:37:46+00:00
SAI-1915_IMG_9876_dummy6.jpg,6/1/2022,Guam-CNMI,SAI-1915,dummy6,2974,1381,*TURFH,leerm,2025-10-22 01:37:46+00:00
SAI-1915_IMG_9876_dummy6.jpg,6/1/2022,Guam-CNMI,SAI-1915,dummy6,3287,2591,*ASSP,leerm,2025-10-22 01:37:46+00:00
SAI-1915_IMG_9876_dummy6.jpg,6/1/2022,Guam-CNMI,SAI-1915,dummy6,3607,4671,*MOEN,leerm,2025-10-22 01:37:45+00:00
SAI-1916_IMG_0506_dummy6.jpg,6/1/2022,Guam-CNMI,SAI-1916,dummy6,546,1086,*TURFH,leerm,2025-10-22 01:38:24+00:00
SAI-1916_IMG_0506_dummy6.jpg,6/1/2022,Guam-CNMI,SAI-1916,dummy6,259,2592,*TURFH,leerm,2025-10-22 01:38:24+00:00
SAI-1916_IMG_0506_dummy6.jpg,6/1/2022,Guam-CNMI,SAI-1916,dummy6,1128,1239,*CCAH,leerm,2025-10-22 01:38:24+00:00
SAI-1916_IMG_0506_dummy6.jpg,6/1/2022,Guam-CNMI,SAI-1916,dummy6,1128,2886,*TURFH,leerm,2025-10-22 01:38:24+00:00
SAI-1916_IMG_0506_dummy6.jpg,6/1/2022,Guam-CNMI,SAI-1916,dummy6,1632,3515,*PESP,leerm,2025-10-22 01:38:24+00:00
SAI-1916_IMG_0506_dummy6.jpg,6/1/2022,Guam-CNMI,SAI-1916,dummy6,2698,867,*TURFH,leerm,2025-10-22 01:38:24+00:00
SAI-1916_IMG_0506_dummy6.jpg,6/1/2022,Guam-CNMI,SAI-1916,dummy6,2217,1707,*TURFH,leerm,2025-10-22 01:38:24+00:00
SAI-1916_IMG_0506_dummy6.jpg,6/1/2022,Guam-CNMI,SAI-1916,dummy6,2859,2905,*CCAH,leerm,2025-10-22 01:38:24+00:00
SAI-1916_IMG_0506_dummy6.jpg,6/1/2022,Guam-CNMI,SAI-1916,dummy6,4346,1571,*TURFH,leerm,2025-10-22 01:38:24+00:00
SAI-1916_IMG_0506_dummy6.jpg,6/1/2022,Guam-CNMI,SAI-1916,dummy6,4327,3010,*TURFH,leerm,2025-10-22 01:38:24+00:00
SAI-1916_IMG_0510_dummy6.jpg,6/1/2022,Guam-CNMI,SAI-1916,dummy6,1601,860,*PESP,leerm,2025-10-22 01:39:11+00:00
SAI-1916_IMG_0510_dummy6.jpg,6/1/2022,Guam-CNMI,SAI-1916,dummy6,1758,4061,*CCAH,leerm,2025-10-22 01:39:11+00:00
SAI-1916_IMG_0510_dummy6.jpg,6/1/2022,Guam-CNMI,SAI-1916,dummy6,2909,249,*UPMA,leerm,2025-10-22 01:39:11+00:00
SAI-1916_IMG_0510_dummy6.jpg,6/1/2022,Guam-CNMI,SAI-1916,dummy6,2918,397,*UPMA,leerm,2025-10-22 01:39:11+00:00
SAI-1916_IMG_0510_dummy6.jpg,6/1/2022,Guam-CNMI,SAI-1916,dummy6,2819,260,*UPMA,leerm,2025-10-22 01:39:11+00:00
SAI-1916_IMG_0510_dummy6.jpg,6/1/2022,Guam-CNMI,SAI-1916,dummy6,2325,1856,*CCAH,leerm,2025-10-22 01:39:11+00:00
SAI-1916_IMG_0510_dummy6.jpg,6/1/2022,Guam-CNMI,SAI-1916,dummy6,2517,1112,*TURFH,leerm,2025-10-22 01:39:11+00:00
SAI-1916_IMG_0510_dummy6.jpg,6/1/2022,Guam-CNMI,SAI-1916,dummy6,2840,4680,*POMA,leerm,2025-10-22 01:39:10+00:00
SAI-1916_IMG_0510_dummy6.jpg,6/1/2022,Guam-CNMI,SAI-1916,dummy6,3583,4,*TURFH,leerm,2025-10-22 01:39:10+00:00
SAI-1916_IMG_0510_dummy6.jpg,6/1/2022,Guam-CNMI,SAI-1916,dummy6,3559,189,*TURFH,leerm,2025-10-22 01:39:10+00:00
SAI-1918_IMG_0604_dummy6.jpg,6/1/2022,Guam-CNMI,SAI-1918,dummy6,108,2439,*TURFH,leerm,2025-10-22 01:39:39+00:00
SAI-1918_IMG_0604_dummy6.jpg,6/1/2022,Guam-CNMI,SAI-1918,dummy6,1868,105,*PESP,leerm,2025-10-22 01:39:39+00:00
SAI-1918_IMG_0604_dummy6.jpg,6/1/2022,Guam-CNMI,SAI-1918,dummy6,1907,909,*TURFH,leerm,2025-10-22 01:39:39+00:00
SAI-1918_IMG_0604_dummy6.jpg,6/1/2022,Guam-CNMI,SAI-1918,dummy6,1687,1723,*CCAH,leerm,2025-10-22 01:39:39+00:00
SAI-1918_IMG_0604_dummy6.jpg,6/1/2022,Guam-CNMI,SAI-1918,dummy6,2551,437,*TURFH,leerm,2025-10-22 01:39:39+00:00
SAI-1918_IMG_0604_dummy6.jpg,6/1/2022,Guam-CNMI,SAI-1918,dummy6,2449,2691,*TURFH,leerm,2025-10-22 01:39:39+00:00
SAI-1918_IMG_0604_dummy6.jpg,6/1/2022,Guam-CNMI,SAI-1918,dummy6,2348,3184,*TURFH,leerm,2025-10-22 01:39:39+00:00
SAI-1918_IMG_0604_dummy6.jpg,6/1/2022,Guam-CNMI,SAI-1918,dummy6,3411,453,*TURFH,leerm,2025-10-22 01:39:39+00:00
SAI-1918_IMG_0604_dummy6.jpg,6/1/2022,Guam-CNMI,SAI-1918,dummy6,3408,3634,*TURFH,leerm,2025-10-22 01:39:39+00:00
SAI-1918_IMG_0604_dummy6.jpg,6/1/2022,Guam-CNMI,SAI-1918,dummy6,4737,804,*SP,leerm,2025-10-22 01:39:39+00:00
SAI-1921_IMG_0550_dummy6.jpg,6/1/2022,Guam-CNMI,SAI-1921,dummy6,880,1015,*TURFH,leerm,2025-10-22 01:40:16+00:00
SAI-1921_IMG_0550_dummy6.jpg,6/1/2022,Guam-CNMI,SAI-1921,dummy6,1353,2866,*TURFH,leerm,2025-10-22 01:40:16+00:00
SAI-1921_IMG_0550_dummy6.jpg,6/1/2022,Guam-CNMI,SAI-1921,dummy6,1716,2585,*TURFH,leerm,2025-10-22 01:40:16+00:00
SAI-1921_IMG_0550_dummy6.jpg,6/1/2022,Guam-CNMI,SAI-1921,dummy6,2188,5103,*ASSP,leerm,2025-10-22 01:40:16+00:00
SAI-1921_IMG_0550_dummy6.jpg,6/1/2022,Guam-CNMI,SAI-1921,dummy6,1564,5393,*UPMA,leerm,2025-10-22 01:40:16+00:00
SAI-1921_IMG_0550_dummy6.jpg,6/1/2022,Guam-CNMI,SAI-1921,dummy6,2195,2058,*TURFH,leerm,2025-10-22 01:40:16+00:00
SAI-1921_IMG_0550_dummy6.jpg,6/1/2022,Guam-CNMI,SAI-1921,dummy6,2411,1869,*TURFH,leerm,2025-10-22 01:40:16+00:00
SAI-1921_IMG_0550_dummy6.jpg,6/1/2022,Guam-CNMI,SAI-1921,dummy6,2839,2935,*UPMA,leerm,2025-10-22 01:40:16+00:00
SAI-1921_IMG_0550_dummy6.jpg,6/1/2022,Guam-CNMI,SAI-1921,dummy6,2295,2759,*UPMA,leerm,2025-10-22 01:40:16+00:00
SAI-1921_IMG_0550_dummy6.jpg,6/1/2022,Guam-CNMI,SAI-1921,dummy6,3273,4193,*TURFH,leerm,2025-10-22 01:40:16+00:00
SAI-1921_IMG_0552_dummy6.jpg,6/1/2022,Guam-CNMI,SAI-1921,dummy6,275,3725,*TURFH,leerm,2025-10-22 01:40:46+00:00
SAI-1921_IMG_0552_dummy6.jpg,6/1/2022,Guam-CNMI,SAI-1921,dummy6,1523,1541,*GOAL,leerm,2025-10-22 01:40:46+00:00
SAI-1921_IMG_0552_dummy6.jpg,6/1/2022,Guam-CNMI,SAI-1921,dummy6,1901,5235,*TURFH,leerm,2025-10-22 01:40:46+00:00
SAI-1921_IMG_0552_dummy6.jpg,6/1/2022,Guam-CNMI,SAI-1921,dummy6,2536,555,*POMA,leerm,2025-10-22 01:40:46+00:00
SAI-1921_IMG_0552_dummy6.jpg,6/1/2022,Guam-CNMI,SAI-1921,dummy6,2606,102,*POMA,leerm,2025-10-22 01:40:46+00:00
SAI-1921_IMG_0552_dummy6.jpg,6/1/2022,Guam-CNMI,SAI-1921,dummy6,2846,1180,*POMA,leerm,2025-10-22 01:40:46+00:00
SAI-1921_IMG_0552_dummy6.jpg,6/1/2022,Guam-CNMI,SAI-1921,dummy6,2555,3084,*TURFH,leerm,2025-10-22 01:40:46+00:00
SAI-1921_IMG_0552_dummy6.jpg,6/1/2022,Guam-CNMI,SAI-1921,dummy6,2433,3180,*TURFH,leerm,2025-10-22 01:40:46+00:00
SAI-1921_IMG_0552_dummy6.jpg,6/1/2022,Guam-CNMI,SAI-1921,dummy6,2791,3305,*ASSP,leerm,2025-10-22 01:40:46+00:00
SAI-1921_IMG_0552_dummy6.jpg,6/1/2022,Guam-CNMI,SAI-1921,dummy6,2920,1551,*TURFH,leerm,2025-10-22 01:40:46+00:00
TIN-838_IMG_1104_dummy6.jpg,6/1/2022,Guam-CNMI,TIN-838,dummy6,10,1290,*TURFH,leerm,2025-10-22 01:41:05+00:00
TIN-838_IMG_1104_dummy6.jpg,6/1/2022,Guam-CNMI,TIN-838,dummy6,346,2930,*TURFH,leerm,2025-10-22 01:41:05+00:00
TIN-838_IMG_1104_dummy6.jpg,6/1/2022,Guam-CNMI,TIN-838,dummy6,1865,941,*TURFH,leerm,2025-10-22 01:41:05+00:00
TIN-838_IMG_1104_dummy6.jpg,6/1/2022,Guam-CNMI,TIN-838,dummy6,1607,1792,*TURFH,leerm,2025-10-22 01:41:05+00:00
TIN-838_IMG_1104_dummy6.jpg,6/1/2022,Guam-CNMI,TIN-838,dummy6,2112,2911,*TURFH,leerm,2025-10-22 01:41:05+00:00
TIN-838_IMG_1104_dummy6.jpg,6/1/2022,Guam-CNMI,TIN-838,dummy6,1653,2554,*TURFH,leerm,2025-10-22 01:41:05+00:00
TIN-838_IMG_1104_dummy6.jpg,6/1/2022,Guam-CNMI,TIN-838,dummy6,2692,50,*TURFH,leerm,2025-10-22 01:41:05+00:00
TIN-838_IMG_1104_dummy6.jpg,6/1/2022,Guam-CNMI,TIN-838,dummy6,2971,1815,*PESP,leerm,2025-10-22 01:41:05+00:00
TIN-838_IMG_1104_dummy6.jpg,6/1/2022,Guam-CNMI,TIN-838,dummy6,3618,1974,*TURFH,leerm,2025-10-22 01:41:05+00:00
TIN-838_IMG_1104_dummy6.jpg,6/1/2022,Guam-CNMI,TIN-838,dummy6,4854,2096,*TURFH,leerm,2025-10-22 01:41:05+00:00
TIN-855_IMG_9718_dummy6.jpg,6/1/2022,Guam-CNMI,TIN-855,dummy6,780,1137,*POCS,leerm,2025-10-22 01:43:11+00:00
TIN-855_IMG_9718_dummy6.jpg,6/1/2022,Guam-CNMI,TIN-855,dummy6,1568,127,*TURFH,leerm,2025-10-22 01:43:11+00:00
TIN-855_IMG_9718_dummy6.jpg,6/1/2022,Guam-CNMI,TIN-855,dummy6,2066,2349,*TURFH,leerm,2025-10-22 01:43:11+00:00
TIN-855_IMG_9718_dummy6.jpg,6/1/2022,Guam-CNMI,TIN-855,dummy6,2931,482,*TURFH,leerm,2025-10-22 01:43:11+00:00
TIN-855_IMG_9718_dummy6.jpg,6/1/2022,Guam-CNMI,TIN-855,dummy6,2952,1726,*TURFH,leerm,2025-10-22 01:43:11+00:00
TIN-855_IMG_9718_dummy6.jpg,6/1/2022,Guam-CNMI,TIN-855,dummy6,3167,2867,*PHSP,leerm,2025-10-22 01:43:11+00:00
TIN-855_IMG_9718_dummy6.jpg,6/1/2022,Guam-CNMI,TIN-855,dummy6,3604,284,*TURFH,leerm,2025-10-22 01:43:11+00:00
TIN-855_IMG_9718_dummy6.jpg,6/1/2022,Guam-CNMI,TIN-855,dummy6,4223,1445,*PAEN,leerm,2025-10-22 01:43:11+00:00
TIN-855_IMG_9718_dummy6.jpg,6/1/2022,Guam-CNMI,TIN-855,dummy6,4833,252,*NEOM,leerm,2025-10-22 01:43:11+00:00
TIN-855_IMG_9718_dummy6.jpg,6/1/2022,Guam-CNMI,TIN-855,dummy6,5093,2456,*TURFH,leerm,2025-10-22 01:43:11+00:00
TIN-855_IMG_9723_dummy6.jpg,6/1/2022,Guam-CNMI,TIN-855,dummy6,486,997,*TURFH,leerm,2025-10-22 01:43:50+00:00
TIN-855_IMG_9723_dummy6.jpg,6/1/2022,Guam-CNMI,TIN-855,dummy6,397,1190,*CCAH,leerm,2025-10-22 01:43:50+00:00
TIN-855_IMG_9723_dummy6.jpg,6/1/2022,Guam-CNMI,TIN-855,dummy6,829,1621,*TURFH,leerm,2025-10-22 01:43:50+00:00
TIN-855_IMG_9723_dummy6.jpg,6/1/2022,Guam-CNMI,TIN-855,dummy6,757,1569,*TURFH,leerm,2025-10-22 01:43:50+00:00
TIN-855_IMG_9723_dummy6.jpg,6/1/2022,Guam-CNMI,TIN-855,dummy6,483,2033,*TURFH,leerm,2025-10-22 01:43:50+00:00
TIN-855_IMG_9723_dummy6.jpg,6/1/2022,Guam-CNMI,TIN-855,dummy6,1256,2474,*TURFH,leerm,2025-10-22 01:43:50+00:00
TIN-855_IMG_9723_dummy6.jpg,6/1/2022,Guam-CNMI,TIN-855,dummy6,3465,139,*POMA,leerm,2025-10-22 01:43:50+00:00
TIN-855_IMG_9723_dummy6.jpg,6/1/2022,Guam-CNMI,TIN-855,dummy6,3758,2963,*TURFH,leerm,2025-10-22 01:43:50+00:00
TIN-855_IMG_9723_dummy6.jpg,6/1/2022,Guam-CNMI,TIN-855,dummy6,5170,344,*HALI,leerm,2025-10-22 01:43:50+00:00
TIN-855_IMG_9723_dummy6.jpg,6/1/2022,Guam-CNMI,TIN-855,dummy6,5149,2683,*HALI,leerm,2025-10-22 01:43:50+00:00
TIN-855_IMG_9725_dummy6.jpg,6/1/2022,Guam-CNMI,TIN-855,dummy6,830,1118,*LPHY,leerm,2025-10-22 01:44:32+00:00
TIN-855_IMG_9725_dummy6.jpg,6/1/2022,Guam-CNMI,TIN-855,dummy6,1768,73,*TURFH,leerm,2025-10-22 01:44:32+00:00
TIN-855_IMG_9725_dummy6.jpg,6/1/2022,Guam-CNMI,TIN-855,dummy6,1806,465,*HALI,leerm,2025-10-22 01:44:32+00:00
TIN-855_IMG_9725_dummy6.jpg,6/1/2022,Guam-CNMI,TIN-855,dummy6,1518,766,*TURFH,leerm,2025-10-22 01:44:32+00:00
TIN-855_IMG_9725_dummy6.jpg,6/1/2022,Guam-CNMI,TIN-855,dummy6,2523,150,*CCAH,leerm,2025-10-22 01:44:32+00:00
TIN-855_IMG_9725_dummy6.jpg,6/1/2022,Guam-CNMI,TIN-855,dummy6,2813,2538,*TURFH,leerm,2025-10-22 01:44:32+00:00
TIN-855_IMG_9725_dummy6.jpg,6/1/2022,Guam-CNMI,TIN-855,dummy6,3627,2694,*PESP,leerm,2025-10-22 01:44:32+00:00
TIN-855_IMG_9725_dummy6.jpg,6/1/2022,Guam-CNMI,TIN-855,dummy6,4600,769,*TURFH,leerm,2025-10-22 01:44:32+00:00
TIN-855_IMG_9725_dummy6.jpg,6/1/2022,Guam-CNMI,TIN-855,dummy6,5294,1378,*CCAH,leerm,2025-10-22 01:44:32+00:00
TIN-855_IMG_9725_dummy6.jpg,6/1/2022,Guam-CNMI,TIN-855,dummy6,5264,1413,*TURFH,leerm,2025-10-22 01:44:32+00:00
TIN-868_IMG_1956_dummy6.jpg,6/1/2022,Guam-CNMI,TIN-868,dummy6,192,4593,*PSSP,leerm,2025-10-22 01:45:06+00:00
TIN-868_IMG_1956_dummy6.jpg,6/1/2022,Guam-CNMI,TIN-868,dummy6,135,5332,*PSSP,leerm,2025-10-22 01:45:06+00:00
TIN-868_IMG_1956_dummy6.jpg,6/1/2022,Guam-CNMI,TIN-868,dummy6,1402,4777,*TURFH,leerm,2025-10-22 01:45:06+00:00
TIN-868_IMG_1956_dummy6.jpg,6/1/2022,Guam-CNMI,TIN-868,dummy6,1735,1545,*POMA,leerm,2025-10-22 01:45:06+00:00
TIN-868_IMG_1956_dummy6.jpg,6/1/2022,Guam-CNMI,TIN-868,dummy6,1862,2250,*POMA,leerm,2025-10-22 01:45:06+00:00
TIN-868_IMG_1956_dummy6.jpg,6/1/2022,Guam-CNMI,TIN-868,dummy6,1920,4776,*TURFH,leerm,2025-10-22 01:45:06+00:00
TIN-868_IMG_1956_dummy6.jpg,6/1/2022,Guam-CNMI,TIN-868,dummy6,2287,3316,*CCAH,leerm,2025-10-22 01:45:06+00:00
TIN-868_IMG_1956_dummy6.jpg,6/1/2022,Guam-CNMI,TIN-868,dummy6,3098,2112,*CCAH,leerm,2025-10-22 01:45:06+00:00
TIN-868_IMG_1956_dummy6.jpg,6/1/2022,Guam-CNMI,TIN-868,dummy6,3364,5402,*CCAH,leerm,2025-10-22 01:45:06+00:00
TIN-868_IMG_1956_dummy6.jpg,6/1/2022,Guam-CNMI,TIN-868,dummy6,3334,5226,*CCAH,leerm,2025-10-22 01:45:06+00:00
TIN-885_IMG_0741_dummy6.jpg,6/1/2022,Guam-CNMI,TIN-885,dummy6,1157,2358,*ASSP,leerm,2025-10-22 01:45:33+00:00
TIN-885_IMG_0741_dummy6.jpg,6/1/2022,Guam-CNMI,TIN-885,dummy6,1570,4,*TURFH,leerm,2025-10-22 01:45:33+00:00
TIN-885_IMG_0741_dummy6.jpg,6/1/2022,Guam-CNMI,TIN-885,dummy6,1523,4137,*TURFH,leerm,2025-10-22 01:45:33+00:00
TIN-885_IMG_0741_dummy6.jpg,6/1/2022,Guam-CNMI,TIN-885,dummy6,1917,3978,*TURFH,leerm,2025-10-22 01:45:33+00:00
TIN-885_IMG_0741_dummy6.jpg,6/1/2022,Guam-CNMI,TIN-885,dummy6,2895,1438,*TURFH,leerm,2025-10-22 01:45:33+00:00
TIN-885_IMG_0741_dummy6.jpg,6/1/2022,Guam-CNMI,TIN-885,dummy6,3007,441,*TURFH,leerm,2025-10-22 01:45:33+00:00
TIN-885_IMG_0741_dummy6.jpg,6/1/2022,Guam-CNMI,TIN-885,dummy6,3534,1107,*TURFH,leerm,2025-10-22 01:45:33+00:00
TIN-885_IMG_0741_dummy6.jpg,6/1/2022,Guam-CNMI,TIN-885,dummy6,3133,3238,*TURFH,leerm,2025-10-22 01:45:32+00:00
TIN-885_IMG_0741_dummy6.jpg,6/1/2022,Guam-CNMI,TIN-885,dummy6,3496,2884,*TURFH,leerm,2025-10-22 01:45:32+00:00
TIN-885_IMG_0741_dummy6.jpg,6/1/2022,Guam-CNMI,TIN-885,dummy6,3504,2639,*TURFH,leerm,2025-10-22 01:45:32+00:00
TIN-896_IMG_9790_dummy6.jpg,6/1/2022,Guam-CNMI,TIN-896,dummy6,117,2438,*TURFH,leerm,2025-10-22 01:45:55+00:00
TIN-896_IMG_9790_dummy6.jpg,6/1/2022,Guam-CNMI,TIN-896,dummy6,460,3964,*TURFH,leerm,2025-10-22 01:45:55+00:00
TIN-896_IMG_9790_dummy6.jpg,6/1/2022,Guam-CNMI,TIN-896,dummy6,730,1038,*TURFH,leerm,2025-10-22 01:45:55+00:00
TIN-896_IMG_9790_dummy6.jpg,6/1/2022,Guam-CNMI,TIN-896,dummy6,930,1796,*TURFH,leerm,2025-10-22 01:45:55+00:00
TIN-896_IMG_9790_dummy6.jpg,6/1/2022,Guam-CNMI,TIN-896,dummy6,1211,2587,*TURFH,leerm,2025-10-22 01:45:55+00:00
TIN-896_IMG_9790_dummy6.jpg,6/1/2022,Guam-CNMI,TIN-896,dummy6,1120,5447,*TURFH,leerm,2025-10-22 01:45:55+00:00
TIN-896_IMG_9790_dummy6.jpg,6/1/2022,Guam-CNMI,TIN-896,dummy6,1387,4489,*TURFH,leerm,2025-10-22 01:45:55+00:00
TIN-896_IMG_9790_dummy6.jpg,6/1/2022,Guam-CNMI,TIN-896,dummy6,2794,1803,*TURFH,leerm,2025-10-22 01:45:54+00:00
TIN-896_IMG_9790_dummy6.jpg,6/1/2022,Guam-CNMI,TIN-896,dummy6,2753,1213,*TURFH,leerm,2025-10-22 01:45:54+00:00
TIN-896_IMG_9790_dummy6.jpg,6/1/2022,Guam-CNMI,TIN-896,dummy6,2854,5153,*TURFH,leerm,2025-10-22 01:45:54+00:00
AGU-532_IMG_9142_dummy5.jpg,6/1/2022,Guam-CNMI,AGU-532,dummy5,34,69,*SHAD,Bex.Turner,2025-10-29 15:35:52+00:00
AGU-532_IMG_9142_dummy5.jpg,6/1/2022,Guam-CNMI,AGU-532,dummy5,580,4878,*MOBF,Bex.Turner,2025-10-29 15:35:52+00:00
AGU-532_IMG_9142_dummy5.jpg,6/1/2022,Guam-CNMI,AGU-532,dummy5,1068,831,*HALI,Bex.Turner,2025-10-29 15:35:52+00:00
AGU-532_IMG_9142_dummy5.jpg,6/1/2022,Guam-CNMI,AGU-532,dummy5,1336,1895,*SHAD,Bex.Turner,2025-10-29 15:35:52+00:00
AGU-532_IMG_9142_dummy5.jpg,6/1/2022,Guam-CNMI,AGU-532,dummy5,1622,3187,*TURFH,Bex.Turner,2025-10-29 15:35:52+00:00
AGU-532_IMG_9142_dummy5.jpg,6/1/2022,Guam-CNMI,AGU-532,dummy5,2522,2561,*SHAD,Bex.Turner,2025-10-29 15:35:52+00:00
AGU-532_IMG_9142_dummy5.jpg,6/1/2022,Guam-CNMI,AGU-532,dummy5,2367,2388,*CCAH,Bex.Turner,2025-10-29 15:35:52+00:00
AGU-532_IMG_9142_dummy5.jpg,6/1/2022,Guam-CNMI,AGU-532,dummy5,2766,2694,*TURFH,Bex.Turner,2025-10-29 15:35:52+00:00
AGU-532_IMG_9142_dummy5.jpg,6/1/2022,Guam-CNMI,AGU-532,dummy5,2749,4682,*PAMA,Bex.Turner,2025-10-29 15:35:52+00:00
AGU-532_IMG_9142_dummy5.jpg,6/1/2022,Guam-CNMI,AGU-532,dummy5,3389,1870,*PAEN,Bex.Turner,2025-10-29 15:35:52+00:00
AGU-541_IMG_9632_dummy5.jpg,6/1/2022,Guam-CNMI,AGU-541,dummy5,613,2472,*HALI,Bex.Turner,2025-10-30 11:07:51+00:00
AGU-541_IMG_9632_dummy5.jpg,6/1/2022,Guam-CNMI,AGU-541,dummy5,1621,1987,*GONS,Bex.Turner,2025-10-30 11:07:51+00:00
AGU-541_IMG_9632_dummy5.jpg,6/1/2022,Guam-CNMI,AGU-541,dummy5,1452,2790,*SAND,Bex.Turner,2025-10-30 11:07:51+00:00
AGU-541_IMG_9632_dummy5.jpg,6/1/2022,Guam-CNMI,AGU-541,dummy5,3512,731,*POMA,Bex.Turner,2025-10-30 11:07:51+00:00
AGU-541_IMG_9632_dummy5.jpg,6/1/2022,Guam-CNMI,AGU-541,dummy5,3309,2557,*CCAH,Bex.Turner,2025-10-30 11:07:51+00:00
AGU-541_IMG_9632_dummy5.jpg,6/1/2022,Guam-CNMI,AGU-541,dummy5,3987,2577,*ASSP,Bex.Turner,2025-10-30 11:07:51+00:00
AGU-541_IMG_9632_dummy5.jpg,6/1/2022,Guam-CNMI,AGU-541,dummy5,3829,3586,*HALI,Bex.Turner,2025-10-30 11:07:51+00:00
AGU-541_IMG_9632_dummy5.jpg,6/1/2022,Guam-CNMI,AGU-541,dummy5,4906,1931,*POMA,Bex.Turner,2025-10-30 11:07:51+00:00
AGU-541_IMG_9632_dummy5.jpg,6/1/2022,Guam-CNMI,AGU-541,dummy5,5295,3162,*UNK,Bex.Turner,2025-10-30 11:07:51+00:00
AGU-541_IMG_9632_dummy5.jpg,6/1/2022,Guam-CNMI,AGU-541,dummy5,5307,3047,*UNK,Bex.Turner,2025-10-30 11:07:51+00:00
AGU-543_IMG_9673_dummy5.jpg,6/1/2022,Guam-CNMI,AGU-543,dummy5,583,3931,*ASSP,Bex.Turner,2025-10-30 12:00:32+00:00
AGU-543_IMG_9673_dummy5.jpg,6/1/2022,Guam-CNMI,AGU-543,dummy5,125,5046,*TURFH,Bex.Turner,2025-10-30 12:00:32+00:00
AGU-543_IMG_9673_dummy5.jpg,6/1/2022,Guam-CNMI,AGU-543,dummy5,1111,1623,*CCAH,Bex.Turner,2025-10-30 12:00:32+00:00
AGU-543_IMG_9673_dummy5.jpg,6/1/2022,Guam-CNMI,AGU-543,dummy5,1065,1249,*EMA,Bex.Turner,2025-10-30 12:00:32+00:00
AGU-543_IMG_9673_dummy5.jpg,6/1/2022,Guam-CNMI,AGU-543,dummy5,1246,2216,*EMA,Bex.Turner,2025-10-30 12:00:32+00:00
AGU-543_IMG_9673_dummy5.jpg,6/1/2022,Guam-CNMI,AGU-543,dummy5,1044,3989,*CCAH,Bex.Turner,2025-10-30 12:00:32+00:00
AGU-543_IMG_9673_dummy5.jpg,6/1/2022,Guam-CNMI,AGU-543,dummy5,2040,1153,*CCAH,Bex.Turner,2025-10-30 12:00:32+00:00
AGU-543_IMG_9673_dummy5.jpg,6/1/2022,Guam-CNMI,AGU-543,dummy5,3388,1742,*SHAD,Bex.Turner,2025-10-30 12:00:32+00:00
AGU-543_IMG_9673_dummy5.jpg,6/1/2022,Guam-CNMI,AGU-543,dummy5,3447,1329,*CCAH,Bex.Turner,2025-10-30 12:00:32+00:00
AGU-543_IMG_9673_dummy5.jpg,6/1/2022,Guam-CNMI,AGU-543,dummy5,3322,3156,*HALI,Bex.Turner,2025-10-30 12:00:32+00:00
AGU-548_IMG_1423_dummy5.jpg,6/1/2022,Guam-CNMI,AGU-548,dummy5,499,3547,*SAND,Bex.Turner,2025-10-30 14:12:05+00:00
AGU-548_IMG_1423_dummy5.jpg,6/1/2022,Guam-CNMI,AGU-548,dummy5,487,3851,*HALI,Bex.Turner,2025-10-30 14:12:05+00:00
AGU-548_IMG_1423_dummy5.jpg,6/1/2022,Guam-CNMI,AGU-548,dummy5,203,4002,*TURFH,Bex.Turner,2025-10-30 14:12:05+00:00
AGU-548_IMG_1423_dummy5.jpg,6/1/2022,Guam-CNMI,AGU-548,dummy5,1420,2403,*ASTS,Bex.Turner,2025-10-30 14:12:05+00:00
AGU-548_IMG_1423_dummy5.jpg,6/1/2022,Guam-CNMI,AGU-548,dummy5,891,4029,*TURFH,Bex.Turner,2025-10-30 14:12:05+00:00
AGU-548_IMG_1423_dummy5.jpg,6/1/2022,Guam-CNMI,AGU-548,dummy5,2019,1533,*EMA,Bex.Turner,2025-10-30 14:12:05+00:00
AGU-548_IMG_1423_dummy5.jpg,6/1/2022,Guam-CNMI,AGU-548,dummy5,1893,2193,*EMA,Bex.Turner,2025-10-30 14:12:05+00:00
AGU-548_IMG_1423_dummy5.jpg,6/1/2022,Guam-CNMI,AGU-548,dummy5,1646,5213,*ASSP,Bex.Turner,2025-10-30 14:19:06+00:00
AGU-548_IMG_1423_dummy5.jpg,6/1/2022,Guam-CNMI,AGU-548,dummy5,3177,1521,*TURFH,Bex.Turner,2025-10-30 14:19:06+00:00
AGU-548_IMG_1423_dummy5.jpg,6/1/2022,Guam-CNMI,AGU-548,dummy5,3263,2923,*TURFH,Bex.Turner,2025-10-30 14:19:06+00:00
AGU-558_IMG_9708_dummy5.jpg,6/1/2022,Guam-CNMI,AGU-558,dummy5,360,297,*TURFH,Bex.Turner,2025-10-30 14:41:49+00:00
AGU-558_IMG_9708_dummy5.jpg,6/1/2022,Guam-CNMI,AGU-558,dummy5,434,1844,*TURFH,Bex.Turner,2025-10-30 14:41:49+00:00
AGU-558_IMG_9708_dummy5.jpg,6/1/2022,Guam-CNMI,AGU-558,dummy5,862,2336,*POCS,Bex.Turner,2025-10-30 14:41:49+00:00
AGU-558_IMG_9708_dummy5.jpg,6/1/2022,Guam-CNMI,AGU-558,dummy5,1079,3518,*CCAH,Bex.Turner,2025-10-30 14:41:49+00:00
AGU-558_IMG_9708_dummy5.jpg,6/1/2022,Guam-CNMI,AGU-558,dummy5,1806,1722,*LEPT,Bex.Turner,2025-10-30 15:03:39+00:00
AGU-558_IMG_9708_dummy5.jpg,6/1/2022,Guam-CNMI,AGU-558,dummy5,1761,3218,*TURFH,Bex.Turner,2025-10-30 15:03:39+00:00
AGU-558_IMG_9708_dummy5.jpg,6/1/2022,Guam-CNMI,AGU-558,dummy5,2190,1853,*ENC,Bex.Turner,2025-10-30 15:03:39+00:00
AGU-558_IMG_9708_dummy5.jpg,6/1/2022,Guam-CNMI,AGU-558,dummy5,3482,2739,*SHAD,Bex.Turner,2025-10-30 15:03:39+00:00
AGU-558_IMG_9708_dummy5.jpg,6/1/2022,Guam-CNMI,AGU-558,dummy5,3151,3221,*EMA,Bex.Turner,2025-10-30 15:03:39+00:00
AGU-558_IMG_9708_dummy5.jpg,6/1/2022,Guam-CNMI,AGU-558,dummy5,2966,3277,*TURFH,Bex.Turner,2025-10-30 15:03:39+00:00
AGU-558_IMG_9713_dummy5.jpg,6/1/2022,Guam-CNMI,AGU-558,dummy5,1438,3687,*CCAH,Bex.Turner,2025-10-30 15:09:28+00:00
AGU-558_IMG_9713_dummy5.jpg,6/1/2022,Guam-CNMI,AGU-558,dummy5,1618,847,*TURFH,Bex.Turner,2025-10-30 15:09:28+00:00
AGU-558_IMG_9713_dummy5.jpg,6/1/2022,Guam-CNMI,AGU-558,dummy5,1576,3645,*TURFH,Bex.Turner,2025-10-30 15:09:28+00:00
AGU-558_IMG_9713_dummy5.jpg,6/1/2022,Guam-CNMI,AGU-558,dummy5,1713,5293,*SHAD,Bex.Turner,2025-10-30 15:09:28+00:00
AGU-558_IMG_9713_dummy5.jpg,6/1/2022,Guam-CNMI,AGU-558,dummy5,2312,2882,*TURFH,Bex.Turner,2025-10-30 15:09:28+00:00
AGU-558_IMG_9713_dummy5.jpg,6/1/2022,Guam-CNMI,AGU-558,dummy5,2542,4803,*TURFH,Bex.Turner,2025-10-30 15:09:28+00:00
AGU-558_IMG_9713_dummy5.jpg,6/1/2022,Guam-CNMI,AGU-558,dummy5,2400,4438,*TURFH,Bex.Turner,2025-10-30 15:09:28+00:00
AGU-558_IMG_9713_dummy5.jpg,6/1/2022,Guam-CNMI,AGU-558,dummy5,2466,5277,*EMA,Bex.Turner,2025-10-30 15:09:28+00:00
AGU-558_IMG_9713_dummy5.jpg,6/1/2022,Guam-CNMI,AGU-558,dummy5,3460,2082,*SAND,Bex.Turner,2025-10-30 15:09:28+00:00
AGU-558_IMG_9713_dummy5.jpg,6/1/2022,Guam-CNMI,AGU-558,dummy5,2996,4034,*PESP,Bex.Turner,2025-10-30 15:09:28+00:00
AGU-558_IMG_9720_dummy5.jpg,6/1/2022,Guam-CNMI,AGU-558,dummy5,241,1650,*CCAH,Bex.Turner,2025-10-30 15:14:29+00:00
AGU-558_IMG_9720_dummy5.jpg,6/1/2022,Guam-CNMI,AGU-558,dummy5,145,2933,*HALI,Bex.Turner,2025-10-30 15:14:29+00:00
AGU-558_IMG_9720_dummy5.jpg,6/1/2022,Guam-CNMI,AGU-558,dummy5,1202,1086,*CCAH,Bex.Turner,2025-10-30 15:14:29+00:00
AGU-558_IMG_9720_dummy5.jpg,6/1/2022,Guam-CNMI,AGU-558,dummy5,2182,708,*EMA,Bex.Turner,2025-10-30 15:14:29+00:00
AGU-558_IMG_9720_dummy5.jpg,6/1/2022,Guam-CNMI,AGU-558,dummy5,2067,672,*EMA,Bex.Turner,2025-10-30 15:14:29+00:00
AGU-558_IMG_9720_dummy5.jpg,6/1/2022,Guam-CNMI,AGU-558,dummy5,1881,4150,*HALI,Bex.Turner,2025-10-30 15:14:29+00:00
AGU-558_IMG_9720_dummy5.jpg,6/1/2022,Guam-CNMI,AGU-558,dummy5,1977,4158,*EMA,Bex.Turner,2025-10-30 15:14:29+00:00
AGU-558_IMG_9720_dummy5.jpg,6/1/2022,Guam-CNMI,AGU-558,dummy5,3287,2091,*EMA,Bex.Turner,2025-10-30 15:14:29+00:00
AGU-558_IMG_9720_dummy5.jpg,6/1/2022,Guam-CNMI,AGU-558,dummy5,3357,5382,*CCAH,Bex.Turner,2025-10-30 15:14:29+00:00
AGU-558_IMG_9720_dummy5.jpg,6/1/2022,Guam-CNMI,AGU-558,dummy5,2994,5238,*HALI,Bex.Turner,2025-10-30 15:14:29+00:00
ASC-366_2017_A_11_dummy5.jpg,5/1/2017,Guam-CNMI,ASC-366,dummy5,485,2277,*TURFH,Bex.Turner,2025-10-30 15:23:10+00:00
ASC-366_2017_A_11_dummy5.jpg,5/1/2017,Guam-CNMI,ASC-366,dummy5,441,3110,*TURFH,Bex.Turner,2025-10-30 15:23:10+00:00
ASC-366_2017_A_11_dummy5.jpg,5/1/2017,Guam-CNMI,ASC-366,dummy5,440,3944,*ASSP,Bex.Turner,2025-10-30 15:23:10+00:00
ASC-366_2017_A_11_dummy5.jpg,5/1/2017,Guam-CNMI,ASC-366,dummy5,1125,609,*TURFH,Bex.Turner,2025-10-30 15:23:10+00:00
ASC-366_2017_A_11_dummy5.jpg,5/1/2017,Guam-CNMI,ASC-366,dummy5,990,787,*TURFH,Bex.Turner,2025-10-30 15:23:10+00:00
ASC-366_2017_A_11_dummy5.jpg,5/1/2017,Guam-CNMI,ASC-366,dummy5,1723,35,*TURFH,Bex.Turner,2025-10-30 15:23:10+00:00
ASC-366_2017_A_11_dummy5.jpg,5/1/2017,Guam-CNMI,ASC-366,dummy5,1233,1339,*TURFH,Bex.Turner,2025-10-30 15:23:10+00:00
ASC-366_2017_A_11_dummy5.jpg,5/1/2017,Guam-CNMI,ASC-366,dummy5,1720,1274,*TURFH,Bex.Turner,2025-10-30 15:23:10+00:00
ASC-366_2017_A_11_dummy5.jpg,5/1/2017,Guam-CNMI,ASC-366,dummy5,2270,1726,*TURFH,Bex.Turner,2025-10-30 15:23:10+00:00
ASC-366_2017_A_11_dummy5.jpg,5/1/2017,Guam-CNMI,ASC-366,dummy5,2987,2997,*ASTS,Bex.Turner,2025-10-30 15:23:10+00:00
ASC-369_2017_A_26_dummy5.jpg,5/1/2017,Guam-CNMI,ASC-369,dummy5,412,1343,*TURFH,Bex.Turner,2025-10-30 15:39:54+00:00
ASC-369_2017_A_26_dummy5.jpg,5/1/2017,Guam-CNMI,ASC-369,dummy5,245,4081,*SHAD,Bex.Turner,2025-10-30 15:39:54+00:00
ASC-369_2017_A_26_dummy5.jpg,5/1/2017,Guam-CNMI,ASC-369,dummy5,483,4774,*ECHP,Bex.Turner,2025-10-30 15:39:54+00:00
ASC-369_2017_A_26_dummy5.jpg,5/1/2017,Guam-CNMI,ASC-369,dummy5,218,5175,*ECHP,Bex.Turner,2025-10-30 15:39:54+00:00
ASC-369_2017_A_26_dummy5.jpg,5/1/2017,Guam-CNMI,ASC-369,dummy5,369,4943,*ECHP,Bex.Turner,2025-10-30 15:39:54+00:00
ASC-369_2017_A_26_dummy5.jpg,5/1/2017,Guam-CNMI,ASC-369,dummy5,1011,197,*TURFH,Bex.Turner,2025-10-30 15:39:54+00:00
ASC-369_2017_A_26_dummy5.jpg,5/1/2017,Guam-CNMI,ASC-369,dummy5,1820,3404,*EMA,Bex.Turner,2025-10-30 15:39:54+00:00
ASC-369_2017_A_26_dummy5.jpg,5/1/2017,Guam-CNMI,ASC-369,dummy5,2203,663,*TURFH,Bex.Turner,2025-10-30 15:39:54+00:00
ASC-369_2017_A_26_dummy5.jpg,5/1/2017,Guam-CNMI,ASC-369,dummy5,2413,3604,*TURFH,Bex.Turner,2025-10-30 15:39:54+00:00
ASC-369_2017_A_26_dummy5.jpg,5/1/2017,Guam-CNMI,ASC-369,dummy5,2739,5357,*TURFH,Bex.Turner,2025-10-30 15:39:54+00:00
ASC-372_2017_A_10_dummy5.jpg,5/1/2017,Guam-CNMI,ASC-372,dummy5,1404,2031,*PESP,Bex.Turner,2025-10-30 15:49:59+00:00
ASC-372_2017_A_10_dummy5.jpg,5/1/2017,Guam-CNMI,ASC-372,dummy5,2132,698,*GASP,Bex.Turner,2025-10-30 15:49:59+00:00
ASC-372_2017_A_10_dummy5.jpg,5/1/2017,Guam-CNMI,ASC-372,dummy5,1904,2612,*TURFH,Bex.Turner,2025-10-30 15:49:59+00:00
ASC-372_2017_A_10_dummy5.jpg,5/1/2017,Guam-CNMI,ASC-372,dummy5,2739,275,*GASP,Bex.Turner,2025-10-30 15:49:59+00:00
ASC-372_2017_A_10_dummy5.jpg,5/1/2017,Guam-CNMI,ASC-372,dummy5,2489,2586,*TURFH,Bex.Turner,2025-10-30 15:49:59+00:00
ASC-372_2017_A_10_dummy5.jpg,5/1/2017,Guam-CNMI,ASC-372,dummy5,2344,3953,*CCAH,Bex.Turner,2025-10-30 15:49:59+00:00
ASC-372_2017_A_10_dummy5.jpg,5/1/2017,Guam-CNMI,ASC-372,dummy5,2715,5060,*BGMA,Bex.Turner,2025-10-30 15:49:58+00:00
ASC-372_2017_A_10_dummy5.jpg,5/1/2017,Guam-CNMI,ASC-372,dummy5,3182,1377,*CCAH,Bex.Turner,2025-10-30 15:49:58+00:00
ASC-372_2017_A_10_dummy5.jpg,5/1/2017,Guam-CNMI,ASC-372,dummy5,3165,4018,*TURFH,Bex.Turner,2025-10-30 15:49:58+00:00
ASC-372_2017_A_10_dummy5.jpg,5/1/2017,Guam-CNMI,ASC-372,dummy5,3224,5125,*EMA,Bex.Turner,2025-10-30 15:49:58+00:00
ASC-373_2017_A_29_dummy5.jpg,5/1/2017,Guam-CNMI,ASC-373,dummy5,44,1084,*TURFH,Bex.Turner,2025-10-30 15:55:17+00:00
ASC-373_2017_A_29_dummy5.jpg,5/1/2017,Guam-CNMI,ASC-373,dummy5,762,855,*CCAH,Bex.Turner,2025-10-30 15:55:16+00:00
ASC-373_2017_A_29_dummy5.jpg,5/1/2017,Guam-CNMI,ASC-373,dummy5,779,1028,*TURFH,Bex.Turner,2025-10-30 15:55:16+00:00
ASC-373_2017_A_29_dummy5.jpg,5/1/2017,Guam-CNMI,ASC-373,dummy5,753,1084,*EMA,Bex.Turner,2025-10-30 15:55:16+00:00
ASC-373_2017_A_29_dummy5.jpg,5/1/2017,Guam-CNMI,ASC-373,dummy5,691,1421,*TURFH,Bex.Turner,2025-10-30 15:55:16+00:00
ASC-373_2017_A_29_dummy5.jpg,5/1/2017,Guam-CNMI,ASC-373,dummy5,1090,410,*SHAD,Bex.Turner,2025-10-30 15:55:16+00:00
ASC-373_2017_A_29_dummy5.jpg,5/1/2017,Guam-CNMI,ASC-373,dummy5,989,1747,*POMA,Bex.Turner,2025-10-30 15:55:16+00:00
ASC-373_2017_A_29_dummy5.jpg,5/1/2017,Guam-CNMI,ASC-373,dummy5,1262,341,*EMA,Bex.Turner,2025-10-30 15:55:16+00:00
ASC-373_2017_A_29_dummy5.jpg,5/1/2017,Guam-CNMI,ASC-373,dummy5,1506,828,*CCAH,Bex.Turner,2025-10-30 15:55:16+00:00
ASC-373_2017_A_29_dummy5.jpg,5/1/2017,Guam-CNMI,ASC-373,dummy5,1490,465,*SHAD,Bex.Turner,2025-10-30 15:55:16+00:00
ASC-377_2017_A_27_dummy5.jpg,5/1/2017,Guam-CNMI,ASC-377,dummy5,216,814,*TURFH,Bex.Turner,2025-10-30 15:57:05+00:00
ASC-377_2017_A_27_dummy5.jpg,5/1/2017,Guam-CNMI,ASC-377,dummy5,931,310,*TURFH,Bex.Turner,2025-10-30 15:57:05+00:00
ASC-377_2017_A_27_dummy5.jpg,5/1/2017,Guam-CNMI,ASC-377,dummy5,1150,2534,*CCAH,Bex.Turner,2025-10-30 15:57:05+00:00
ASC-377_2017_A_27_dummy5.jpg,5/1/2017,Guam-CNMI,ASC-377,dummy5,732,2683,*TURFH,Bex.Turner,2025-10-30 15:57:05+00:00
ASC-377_2017_A_27_dummy5.jpg,5/1/2017,Guam-CNMI,ASC-377,dummy5,1776,405,*TURFH,Bex.Turner,2025-10-30 15:57:04+00:00
ASC-377_2017_A_27_dummy5.jpg,5/1/2017,Guam-CNMI,ASC-377,dummy5,2017,417,*TURFH,Bex.Turner,2025-10-30 15:57:04+00:00
ASC-377_2017_A_27_dummy5.jpg,5/1/2017,Guam-CNMI,ASC-377,dummy5,2071,1441,*EMA,Bex.Turner,2025-10-30 15:57:04+00:00
ASC-377_2017_A_27_dummy5.jpg,5/1/2017,Guam-CNMI,ASC-377,dummy5,1907,4770,*PESP,Bex.Turner,2025-10-30 15:57:04+00:00
ASC-377_2017_A_27_dummy5.jpg,5/1/2017,Guam-CNMI,ASC-377,dummy5,2675,1639,*TURFH,Bex.Turner,2025-10-30 15:57:04+00:00
ASC-377_2017_A_27_dummy5.jpg,5/1/2017,Guam-CNMI,ASC-377,dummy5,3050,1120,*PESP,Bex.Turner,2025-10-30 15:57:04+00:00
ASC-379_2017_A_04_dummy5.jpg,5/1/2017,Guam-CNMI,ASC-379,dummy5,193,701,*ENC,Bex.Turner,2025-10-30 16:09:22+00:00
ASC-379_2017_A_04_dummy5.jpg,5/1/2017,Guam-CNMI,ASC-379,dummy5,441,4624,*FASP,Bex.Turner,2025-10-30 16:09:22+00:00
ASC-379_2017_A_04_dummy5.jpg,5/1/2017,Guam-CNMI,ASC-379,dummy5,1104,3769,*ACBR,Bex.Turner,2025-10-30 16:09:22+00:00
ASC-379_2017_A_04_dummy5.jpg,5/1/2017,Guam-CNMI,ASC-379,dummy5,833,5110,*CCAH,Bex.Turner,2025-10-30 16:09:22+00:00
ASC-379_2017_A_04_dummy5.jpg,5/1/2017,Guam-CNMI,ASC-379,dummy5,2425,2656,*TURFH,Bex.Turner,2025-10-30 16:09:22+00:00
ASC-379_2017_A_04_dummy5.jpg,5/1/2017,Guam-CNMI,ASC-379,dummy5,2654,4006,*EMA,Bex.Turner,2025-10-30 16:09:22+00:00
ASC-379_2017_A_04_dummy5.jpg,5/1/2017,Guam-CNMI,ASC-379,dummy5,2199,5403,*TURFH,Bex.Turner,2025-10-30 16:09:22+00:00
ASC-379_2017_A_04_dummy5.jpg,5/1/2017,Guam-CNMI,ASC-379,dummy5,3076,2841,*ASSP,Bex.Turner,2025-10-30 16:09:22+00:00
ASC-379_2017_A_04_dummy5.jpg,5/1/2017,Guam-CNMI,ASC-379,dummy5,3069,2961,*ASSP,Bex.Turner,2025-10-30 16:09:22+00:00
ASC-379_2017_A_04_dummy5.jpg,5/1/2017,Guam-CNMI,ASC-379,dummy5,3033,3589,*TURFH,Bex.Turner,2025-10-30 16:09:22+00:00
ASC-380_2017_A_02_dummy5.jpg,5/1/2017,Guam-CNMI,ASC-380,dummy5,23,417,*POEN,Bex.Turner,2025-10-31 09:43:27+00:00
ASC-380_2017_A_02_dummy5.jpg,5/1/2017,Guam-CNMI,ASC-380,dummy5,101,522,*POEN,Bex.Turner,2025-10-31 09:43:27+00:00
ASC-380_2017_A_02_dummy5.jpg,5/1/2017,Guam-CNMI,ASC-380,dummy5,461,643,*GRMA,Bex.Turner,2025-10-31 09:43:27+00:00
ASC-380_2017_A_02_dummy5.jpg,5/1/2017,Guam-CNMI,ASC-380,dummy5,731,1211,*TURFH,Bex.Turner,2025-10-31 09:43:27+00:00
ASC-380_2017_A_02_dummy5.jpg,5/1/2017,Guam-CNMI,ASC-380,dummy5,857,1551,*OCTO,Bex.Turner,2025-10-31 09:43:27+00:00
ASC-380_2017_A_02_dummy5.jpg,5/1/2017,Guam-CNMI,ASC-380,dummy5,692,1428,*TURFH,Bex.Turner,2025-10-31 09:43:27+00:00
ASC-380_2017_A_02_dummy5.jpg,5/1/2017,Guam-CNMI,ASC-380,dummy5,1094,765,*TURFH,Bex.Turner,2025-10-31 09:43:27+00:00
ASC-380_2017_A_02_dummy5.jpg,5/1/2017,Guam-CNMI,ASC-380,dummy5,1134,620,*TURFH,Bex.Turner,2025-10-31 09:43:27+00:00
ASC-380_2017_A_02_dummy5.jpg,5/1/2017,Guam-CNMI,ASC-380,dummy5,1389,725,*TURFH,Bex.Turner,2025-10-31 09:43:27+00:00
ASC-380_2017_A_02_dummy5.jpg,5/1/2017,Guam-CNMI,ASC-380,dummy5,1330,1491,*TURFH,Bex.Turner,2025-10-31 09:43:27+00:00
ASC-385_2017_A_12_dummy5.jpg,5/1/2017,Guam-CNMI,ASC-385,dummy5,656,745,*TURFH,Bex.Turner,2025-10-31 09:55:21+00:00
ASC-385_2017_A_12_dummy5.jpg,5/1/2017,Guam-CNMI,ASC-385,dummy5,147,4869,*UNK,Bex.Turner,2025-10-31 09:55:21+00:00
ASC-385_2017_A_12_dummy5.jpg,5/1/2017,Guam-CNMI,ASC-385,dummy5,1279,344,*TURFH,Bex.Turner,2025-10-31 09:55:21+00:00
ASC-385_2017_A_12_dummy5.jpg,5/1/2017,Guam-CNMI,ASC-385,dummy5,1792,1977,*TURFH,Bex.Turner,2025-10-31 09:55:21+00:00
ASC-385_2017_A_12_dummy5.jpg,5/1/2017,Guam-CNMI,ASC-385,dummy5,1905,3229,*TURFH,Bex.Turner,2025-10-31 09:55:21+00:00
ASC-385_2017_A_12_dummy5.jpg,5/1/2017,Guam-CNMI,ASC-385,dummy5,2841,3959,*TURFH,Bex.Turner,2025-10-31 09:55:21+00:00
ASC-385_2017_A_12_dummy5.jpg,5/1/2017,Guam-CNMI,ASC-385,dummy5,2485,5067,*PESP,Bex.Turner,2025-10-31 09:55:21+00:00
ASC-385_2017_A_12_dummy5.jpg,5/1/2017,Guam-CNMI,ASC-385,dummy5,2784,4438,*PESP,Bex.Turner,2025-10-31 09:55:21+00:00
ASC-385_2017_A_12_dummy5.jpg,5/1/2017,Guam-CNMI,ASC-385,dummy5,3031,925,*TURFH,Bex.Turner,2025-10-31 09:55:21+00:00
ASC-385_2017_A_12_dummy5.jpg,5/1/2017,Guam-CNMI,ASC-385,dummy5,3256,4943,*TURFH,Bex.Turner,2025-10-31 09:55:21+00:00
ASC-386_2017_A_25_dummy5.jpg,5/1/2017,Guam-CNMI,ASC-386,dummy5,366,3220,*POEN,Bex.Turner,2025-10-31 10:15:38+00:00
ASC-386_2017_A_25_dummy5.jpg,5/1/2017,Guam-CNMI,ASC-386,dummy5,206,4957,*HCOE,Bex.Turner,2025-10-31 10:15:38+00:00
ASC-386_2017_A_25_dummy5.jpg,5/1/2017,Guam-CNMI,ASC-386,dummy5,784,2443,*POEN,Bex.Turner,2025-10-31 10:15:38+00:00
ASC-386_2017_A_25_dummy5.jpg,5/1/2017,Guam-CNMI,ASC-386,dummy5,1317,2831,*POEN,Bex.Turner,2025-10-31 10:15:38+00:00
ASC-386_2017_A_25_dummy5.jpg,5/1/2017,Guam-CNMI,ASC-386,dummy5,1046,4724,*TURFH,Bex.Turner,2025-10-31 10:15:38+00:00
ASC-386_2017_A_25_dummy5.jpg,5/1/2017,Guam-CNMI,ASC-386,dummy5,859,5247,*HCOE,Bex.Turner,2025-10-31 10:15:38+00:00
ASC-386_2017_A_25_dummy5.jpg,5/1/2017,Guam-CNMI,ASC-386,dummy5,774,4545,*SHAD,Bex.Turner,2025-10-31 10:15:38+00:00
ASC-386_2017_A_25_dummy5.jpg,5/1/2017,Guam-CNMI,ASC-386,dummy5,2110,1164,*SHAD,Bex.Turner,2025-10-31 10:15:38+00:00
ASC-386_2017_A_25_dummy5.jpg,5/1/2017,Guam-CNMI,ASC-386,dummy5,1886,3402,*HCOE,Bex.Turner,2025-10-31 10:15:38+00:00
ASC-386_2017_A_25_dummy5.jpg,5/1/2017,Guam-CNMI,ASC-386,dummy5,3220,2577,*POEN,Bex.Turner,2025-10-31 10:15:38+00:00
ASC-388_2017_A_01_dummy5.jpg,5/1/2017,Guam-CNMI,ASC-388,dummy5,651,488,*TURFH,Bex.Turner,2025-10-31 10:47:14+00:00
ASC-388_2017_A_01_dummy5.jpg,5/1/2017,Guam-CNMI,ASC-388,dummy5,903,2281,*ENC,Bex.Turner,2025-10-31 10:47:14+00:00
ASC-388_2017_A_01_dummy5.jpg,5/1/2017,Guam-CNMI,ASC-388,dummy5,1608,4728,*TURFH,Bex.Turner,2025-10-31 10:47:14+00:00
ASC-388_2017_A_01_dummy5.jpg,5/1/2017,Guam-CNMI,ASC-388,dummy5,1873,4924,*TURFH,Bex.Turner,2025-10-31 10:47:14+00:00
ASC-388_2017_A_01_dummy5.jpg,5/1/2017,Guam-CNMI,ASC-388,dummy5,2561,338,*PAEN,Bex.Turner,2025-10-31 10:47:14+00:00
ASC-388_2017_A_01_dummy5.jpg,5/1/2017,Guam-CNMI,ASC-388,dummy5,2480,2667,*PESP,Bex.Turner,2025-10-31 10:47:13+00:00
ASC-388_2017_A_01_dummy5.jpg,5/1/2017,Guam-CNMI,ASC-388,dummy5,2886,4241,*TURFH,Bex.Turner,2025-10-31 10:47:13+00:00
ASC-388_2017_A_01_dummy5.jpg,5/1/2017,Guam-CNMI,ASC-388,dummy5,2638,3303,*PESP,Bex.Turner,2025-10-31 10:47:13+00:00
ASC-388_2017_A_01_dummy5.jpg,5/1/2017,Guam-CNMI,ASC-388,dummy5,3467,310,*PESP,Bex.Turner,2025-10-31 10:47:13+00:00
ASC-388_2017_A_01_dummy5.jpg,5/1/2017,Guam-CNMI,ASC-388,dummy5,3057,871,*HALI,Bex.Turner,2025-10-31 10:47:13+00:00
ASC-392_2017_A_21_dummy5.jpg,5/1/2017,Guam-CNMI,ASC-392,dummy5,116,319,*HALI,Bex.Turner,2025-10-31 11:09:21+00:00
ASC-392_2017_A_21_dummy5.jpg,5/1/2017,Guam-CNMI,ASC-392,dummy5,32,1549,*MOEN,Bex.Turner,2025-10-31 11:09:21+00:00
ASC-392_2017_A_21_dummy5.jpg,5/1/2017,Guam-CNMI,ASC-392,dummy5,423,840,*EMA,Bex.Turner,2025-10-31 11:09:21+00:00
ASC-392_2017_A_21_dummy5.jpg,5/1/2017,Guam-CNMI,ASC-392,dummy5,804,438,*STYS,Bex.Turner,2025-10-31 11:09:21+00:00
ASC-392_2017_A_21_dummy5.jpg,5/1/2017,Guam-CNMI,ASC-392,dummy5,906,1354,*TURFH,Bex.Turner,2025-10-31 11:09:21+00:00
ASC-392_2017_A_21_dummy5.jpg,5/1/2017,Guam-CNMI,ASC-392,dummy5,740,2080,*TURFH,Bex.Turner,2025-10-31 11:09:21+00:00
ASC-392_2017_A_21_dummy5.jpg,5/1/2017,Guam-CNMI,ASC-392,dummy5,1007,1647,*TURFH,Bex.Turner,2025-10-31 11:09:21+00:00
ASC-392_2017_A_21_dummy5.jpg,5/1/2017,Guam-CNMI,ASC-392,dummy5,1101,1447,*TURFH,Bex.Turner,2025-10-31 11:09:21+00:00
ASC-392_2017_A_21_dummy5.jpg,5/1/2017,Guam-CNMI,ASC-392,dummy5,1346,273,*CCAH,Bex.Turner,2025-10-31 11:09:21+00:00
ASC-392_2017_A_21_dummy5.jpg,5/1/2017,Guam-CNMI,ASC-392,dummy5,1508,2128,*SHAD,Bex.Turner,2025-10-31 11:09:21+00:00
ASC-394_2017_A_27_dummy5.jpg,5/1/2017,Guam-CNMI,ASC-394,dummy5,393,672,*HALI,Bex.Turner,2025-10-31 11:24:30+00:00
ASC-394_2017_A_27_dummy5.jpg,5/1/2017,Guam-CNMI,ASC-394,dummy5,505,2778,*TURFH,Bex.Turner,2025-10-31 11:24:30+00:00
ASC-394_2017_A_27_dummy5.jpg,5/1/2017,Guam-CNMI,ASC-394,dummy5,1174,3194,*SHAD,Bex.Turner,2025-10-31 11:24:30+00:00
ASC-394_2017_A_27_dummy5.jpg,5/1/2017,Guam-CNMI,ASC-394,dummy5,1214,3319,*PESP,Bex.Turner,2025-10-31 11:24:30+00:00
ASC-394_2017_A_27_dummy5.jpg,5/1/2017,Guam-CNMI,ASC-394,dummy5,1388,3877,*HCOE,Bex.Turner,2025-10-31 11:24:30+00:00
ASC-394_2017_A_27_dummy5.jpg,5/1/2017,Guam-CNMI,ASC-394,dummy5,2035,352,*SHAD,Bex.Turner,2025-10-31 11:24:30+00:00
ASC-394_2017_A_27_dummy5.jpg,5/1/2017,Guam-CNMI,ASC-394,dummy5,1868,2205,*TURFH,Bex.Turner,2025-10-31 11:24:30+00:00
ASC-394_2017_A_27_dummy5.jpg,5/1/2017,Guam-CNMI,ASC-394,dummy5,1482,2526,*TURFH,Bex.Turner,2025-10-31 11:24:30+00:00
ASC-394_2017_A_27_dummy5.jpg,5/1/2017,Guam-CNMI,ASC-394,dummy5,2565,2215,*HALI,Bex.Turner,2025-10-31 11:24:30+00:00
ASC-394_2017_A_27_dummy5.jpg,5/1/2017,Guam-CNMI,ASC-394,dummy5,3590,4664,*POMA,Bex.Turner,2025-10-31 11:24:30+00:00
ASC-401_2017_A_15_dummy5.jpg,5/1/2017,Guam-CNMI,ASC-401,dummy5,24,2384,*CCAH,Bex.Turner,2025-10-31 11:44:38+00:00
ASC-401_2017_A_15_dummy5.jpg,5/1/2017,Guam-CNMI,ASC-401,dummy5,345,2517,*POCS,Bex.Turner,2025-10-31 11:44:38+00:00
ASC-401_2017_A_15_dummy5.jpg,5/1/2017,Guam-CNMI,ASC-401,dummy5,312,3516,*SHAD,Bex.Turner,2025-10-31 11:44:38+00:00
ASC-401_2017_A_15_dummy5.jpg,5/1/2017,Guam-CNMI,ASC-401,dummy5,882,3138,*SAND,Bex.Turner,2025-10-31 11:44:38+00:00
ASC-401_2017_A_15_dummy5.jpg,5/1/2017,Guam-CNMI,ASC-401,dummy5,1407,1466,*CCAH,Bex.Turner,2025-10-31 11:44:38+00:00
ASC-401_2017_A_15_dummy5.jpg,5/1/2017,Guam-CNMI,ASC-401,dummy5,1385,3093,*MASS,Bex.Turner,2025-10-31 11:44:38+00:00
ASC-401_2017_A_15_dummy5.jpg,5/1/2017,Guam-CNMI,ASC-401,dummy5,1489,3239,*SHAD,Bex.Turner,2025-10-31 11:44:38+00:00
ASC-401_2017_A_15_dummy5.jpg,5/1/2017,Guam-CNMI,ASC-401,dummy5,1828,2818,*GONS,Bex.Turner,2025-10-31 11:44:38+00:00
ASC-401_2017_A_15_dummy5.jpg,5/1/2017,Guam-CNMI,ASC-401,dummy5,2238,3952,*SAND,Bex.Turner,2025-10-31 11:44:38+00:00
ASC-401_2017_A_15_dummy5.jpg,5/1/2017,Guam-CNMI,ASC-401,dummy5,2179,3396,*SAND,Bex.Turner,2025-10-31 11:44:38+00:00
FDP-251_2017_A_24_dummy5.jpg,5/1/2017,Guam-CNMI,FDP-251,dummy5,504,2180,*TURFH,Bex.Turner,2025-10-31 11:51:30+00:00
FDP-251_2017_A_24_dummy5.jpg,5/1/2017,Guam-CNMI,FDP-251,dummy5,965,851,*TURFH,Bex.Turner,2025-10-31 11:51:30+00:00
FDP-251_2017_A_24_dummy5.jpg,5/1/2017,Guam-CNMI,FDP-251,dummy5,1370,1483,*TURFH,Bex.Turner,2025-10-31 11:51:30+00:00
FDP-251_2017_A_24_dummy5.jpg,5/1/2017,Guam-CNMI,FDP-251,dummy5,1626,1715,*TURFH,Bex.Turner,2025-10-31 11:51:30+00:00
FDP-251_2017_A_24_dummy5.jpg,5/1/2017,Guam-CNMI,FDP-251,dummy5,1256,2992,*POCS,Bex.Turner,2025-10-31 11:51:30+00:00
FDP-251_2017_A_24_dummy5.jpg,5/1/2017,Guam-CNMI,FDP-251,dummy5,1229,3120,*TURFR,Bex.Turner,2025-10-31 11:51:30+00:00
FDP-251_2017_A_24_dummy5.jpg,5/1/2017,Guam-CNMI,FDP-251,dummy5,1241,3920,*TURFR,Bex.Turner,2025-10-31 11:51:30+00:00
FDP-251_2017_A_24_dummy5.jpg,5/1/2017,Guam-CNMI,FDP-251,dummy5,2033,4,*POCS,Bex.Turner,2025-10-31 11:51:30+00:00
FDP-251_2017_A_24_dummy5.jpg,5/1/2017,Guam-CNMI,FDP-251,dummy5,2325,3306,*POCS,Bex.Turner,2025-10-31 11:51:30+00:00
FDP-251_2017_A_24_dummy5.jpg,5/1/2017,Guam-CNMI,FDP-251,dummy5,2345,3848,*TURFH,Bex.Turner,2025-10-31 11:51:30+00:00
FDP-254_2017_A_16_dummy5.jpg,5/1/2017,Guam-CNMI,FDP-254,dummy5,249,917,*HALI,Bex.Turner,2025-10-31 11:59:29+00:00
FDP-254_2017_A_16_dummy5.jpg,5/1/2017,Guam-CNMI,FDP-254,dummy5,480,2142,*CCAH,Bex.Turner,2025-10-31 11:59:29+00:00
FDP-254_2017_A_16_dummy5.jpg,5/1/2017,Guam-CNMI,FDP-254,dummy5,486,4978,*POCS,Bex.Turner,2025-10-31 11:59:29+00:00
FDP-254_2017_A_16_dummy5.jpg,5/1/2017,Guam-CNMI,FDP-254,dummy5,1099,488,*STYS,Bex.Turner,2025-10-31 11:59:29+00:00
FDP-254_2017_A_16_dummy5.jpg,5/1/2017,Guam-CNMI,FDP-254,dummy5,788,2832,*TURFH,Bex.Turner,2025-10-31 11:59:29+00:00
FDP-254_2017_A_16_dummy5.jpg,5/1/2017,Guam-CNMI,FDP-254,dummy5,1346,4127,*HALI,Bex.Turner,2025-10-31 11:59:29+00:00
FDP-254_2017_A_16_dummy5.jpg,5/1/2017,Guam-CNMI,FDP-254,dummy5,1836,4319,*CCAH,Bex.Turner,2025-10-31 11:59:29+00:00
FDP-254_2017_A_16_dummy5.jpg,5/1/2017,Guam-CNMI,FDP-254,dummy5,2508,759,*POCS,Bex.Turner,2025-10-31 11:59:29+00:00
FDP-254_2017_A_16_dummy5.jpg,5/1/2017,Guam-CNMI,FDP-254,dummy5,2388,3037,*SP,Bex.Turner,2025-10-31 11:59:29+00:00
FDP-254_2017_A_16_dummy5.jpg,5/1/2017,Guam-CNMI,FDP-254,dummy5,3411,3678,*TURFH,Bex.Turner,2025-10-31 11:59:29+00:00
FDP-282_2017_A_16_dummy5.jpg,5/1/2017,Guam-CNMI,FDP-282,dummy5,218,1710,*TURFH,Bex.Turner,2025-10-31 12:00:19+00:00
FDP-282_2017_A_16_dummy5.jpg,5/1/2017,Guam-CNMI,FDP-282,dummy5,728,1598,*TURFH,Bex.Turner,2025-10-31 12:00:19+00:00
FDP-282_2017_A_16_dummy5.jpg,5/1/2017,Guam-CNMI,FDP-282,dummy5,1092,3619,*TURFH,Bex.Turner,2025-10-31 12:00:19+00:00
FDP-282_2017_A_16_dummy5.jpg,5/1/2017,Guam-CNMI,FDP-282,dummy5,1704,2257,*TURFH,Bex.Turner,2025-10-31 12:00:19+00:00
FDP-282_2017_A_16_dummy5.jpg,5/1/2017,Guam-CNMI,FDP-282,dummy5,1238,3385,*TURFH,Bex.Turner,2025-10-31 12:00:19+00:00
FDP-282_2017_A_16_dummy5.jpg,5/1/2017,Guam-CNMI,FDP-282,dummy5,2064,1369,*TURFH,Bex.Turner,2025-10-31 12:00:19+00:00
FDP-282_2017_A_16_dummy5.jpg,5/1/2017,Guam-CNMI,FDP-282,dummy5,2154,1379,*TURFH,Bex.Turner,2025-10-31 12:00:19+00:00
FDP-282_2017_A_16_dummy5.jpg,5/1/2017,Guam-CNMI,FDP-282,dummy5,1938,2985,*TURFH,Bex.Turner,2025-10-31 12:00:19+00:00
FDP-282_2017_A_16_dummy5.jpg,5/1/2017,Guam-CNMI,FDP-282,dummy5,2563,1782,*TURFH,Bex.Turner,2025-10-31 12:00:19+00:00
FDP-282_2017_A_16_dummy5.jpg,5/1/2017,Guam-CNMI,FDP-282,dummy5,2829,2732,*TURFH,Bex.Turner,2025-10-31 12:00:19+00:00
GUA-2662_IMG_2505_dummy5.jpg,6/1/2022,Guam-CNMI,GUA-2662,dummy5,137,1112,*TURFH,Bex.Turner,2025-10-31 12:04:29+00:00
GUA-2662_IMG_2505_dummy5.jpg,6/1/2022,Guam-CNMI,GUA-2662,dummy5,1464,2151,*TURFH,Bex.Turner,2025-10-31 12:04:29+00:00
GUA-2662_IMG_2505_dummy5.jpg,6/1/2022,Guam-CNMI,GUA-2662,dummy5,1312,2497,*TURFH,Bex.Turner,2025-10-31 12:04:29+00:00
GUA-2662_IMG_2505_dummy5.jpg,6/1/2022,Guam-CNMI,GUA-2662,dummy5,1752,3539,*TURFH,Bex.Turner,2025-10-31 12:04:29+00:00
GUA-2662_IMG_2505_dummy5.jpg,6/1/2022,Guam-CNMI,GUA-2662,dummy5,3071,1402,*ASTS,Bex.Turner,2025-10-31 12:04:29+00:00
GUA-2662_IMG_2505_dummy5.jpg,6/1/2022,Guam-CNMI,GUA-2662,dummy5,3276,1686,*TURFH,Bex.Turner,2025-10-31 12:04:29+00:00
GUA-2662_IMG_2505_dummy5.jpg,6/1/2022,Guam-CNMI,GUA-2662,dummy5,4292,360,*SP,Bex.Turner,2025-10-31 12:04:29+00:00
GUA-2662_IMG_2505_dummy5.jpg,6/1/2022,Guam-CNMI,GUA-2662,dummy5,4163,3080,*SHAD,Bex.Turner,2025-10-31 12:04:29+00:00
GUA-2662_IMG_2505_dummy5.jpg,6/1/2022,Guam-CNMI,GUA-2662,dummy5,4921,604,*AVSP,Bex.Turner,2025-10-31 12:04:29+00:00
GUA-2662_IMG_2505_dummy5.jpg,6/1/2022,Guam-CNMI,GUA-2662,dummy5,4523,3072,*TURFH,Bex.Turner,2025-10-31 12:04:29+00:00
GUA-2662_IMG_2515_dummy5.jpg,6/1/2022,Guam-CNMI,GUA-2662,dummy5,736,1031,*ACBR,Bex.Turner,2025-10-31 12:15:00+00:00
GUA-2662_IMG_2515_dummy5.jpg,6/1/2022,Guam-CNMI,GUA-2662,dummy5,131,2078,*AVSP,Bex.Turner,2025-10-31 12:15:00+00:00
GUA-2662_IMG_2515_dummy5.jpg,6/1/2022,Guam-CNMI,GUA-2662,dummy5,152,1625,*TURFH,Bex.Turner,2025-10-31 12:15:00+00:00
GUA-2662_IMG_2515_dummy5.jpg,6/1/2022,Guam-CNMI,GUA-2662,dummy5,3261,1453,*TURFH,Bex.Turner,2025-10-31 12:15:00+00:00
GUA-2662_IMG_2515_dummy5.jpg,6/1/2022,Guam-CNMI,GUA-2662,dummy5,3274,3133,*AVSP,Bex.Turner,2025-10-31 12:15:00+00:00
GUA-2662_IMG_2515_dummy5.jpg,6/1/2022,Guam-CNMI,GUA-2662,dummy5,3335,369,*SP,Bex.Turner,2025-10-31 12:15:00+00:00
GUA-2662_IMG_2515_dummy5.jpg,6/1/2022,Guam-CNMI,GUA-2662,dummy5,4262,3366,*TURFH,Bex.Turner,2025-10-31 12:15:00+00:00
GUA-2662_IMG_2515_dummy5.jpg,6/1/2022,Guam-CNMI,GUA-2662,dummy5,3634,3195,*TURFH,Bex.Turner,2025-10-31 12:15:00+00:00
GUA-2662_IMG_2515_dummy5.jpg,6/1/2022,Guam-CNMI,GUA-2662,dummy5,4266,3502,*TURFH,Bex.Turner,2025-10-31 12:15:00+00:00
GUA-2662_IMG_2515_dummy5.jpg,6/1/2022,Guam-CNMI,GUA-2662,dummy5,4739,1843,*GRMA,Bex.Turner,2025-10-31 12:15:00+00:00
GUA-2677_IMG_9574_dummy5.jpg,6/1/2022,Guam-CNMI,GUA-2677,dummy5,543,108,*PESP,Bex.Turner,2025-11-01 09:17:48+00:00
GUA-2677_IMG_9574_dummy5.jpg,6/1/2022,Guam-CNMI,GUA-2677,dummy5,108,859,*ASTS,Bex.Turner,2025-11-01 09:17:48+00:00
GUA-2677_IMG_9574_dummy5.jpg,6/1/2022,Guam-CNMI,GUA-2677,dummy5,623,3297,*TURFH,Bex.Turner,2025-11-01 09:17:48+00:00
GUA-2677_IMG_9574_dummy5.jpg,6/1/2022,Guam-CNMI,GUA-2677,dummy5,451,3637,*TURFH,Bex.Turner,2025-11-01 09:17:48+00:00
GUA-2677_IMG_9574_dummy5.jpg,6/1/2022,Guam-CNMI,GUA-2677,dummy5,1404,3641,*PHSP,Bex.Turner,2025-11-01 09:17:48+00:00
GUA-2677_IMG_9574_dummy5.jpg,6/1/2022,Guam-CNMI,GUA-2677,dummy5,2732,548,*CCAH,Bex.Turner,2025-11-01 09:17:47+00:00
GUA-2677_IMG_9574_dummy5.jpg,6/1/2022,Guam-CNMI,GUA-2677,dummy5,2692,1139,*TURFH,Bex.Turner,2025-11-01 09:17:47+00:00
GUA-2677_IMG_9574_dummy5.jpg,6/1/2022,Guam-CNMI,GUA-2677,dummy5,2800,2327,*CCAH,Bex.Turner,2025-11-01 09:17:47+00:00
GUA-2677_IMG_9574_dummy5.jpg,6/1/2022,Guam-CNMI,GUA-2677,dummy5,2411,2487,*TURFH,Bex.Turner,2025-11-01 09:17:47+00:00
GUA-2677_IMG_9574_dummy5.jpg,6/1/2022,Guam-CNMI,GUA-2677,dummy5,4162,2654,*PHSP,Bex.Turner,2025-11-01 09:17:47+00:00
GUA-2684_IMG_0688_dummy5.jpg,6/1/2022,Guam-CNMI,GUA-2684,dummy5,468,1380,*PAEN,Bex.Turner,2025-11-01 09:28:04+00:00
GUA-2684_IMG_0688_dummy5.jpg,6/1/2022,Guam-CNMI,GUA-2684,dummy5,9,4335,*CCAH,Bex.Turner,2025-11-01 09:28:03+00:00
GUA-2684_IMG_0688_dummy5.jpg,6/1/2022,Guam-CNMI,GUA-2684,dummy5,1368,95,*CCAH,Bex.Turner,2025-11-01 09:28:03+00:00
GUA-2684_IMG_0688_dummy5.jpg,6/1/2022,Guam-CNMI,GUA-2684,dummy5,1225,486,*TURFH,Bex.Turner,2025-11-01 09:28:03+00:00
GUA-2684_IMG_0688_dummy5.jpg,6/1/2022,Guam-CNMI,GUA-2684,dummy5,2235,1391,*HALI,Bex.Turner,2025-11-01 09:28:03+00:00
GUA-2684_IMG_0688_dummy5.jpg,6/1/2022,Guam-CNMI,GUA-2684,dummy5,2410,1201,*HALI,Bex.Turner,2025-11-01 09:28:03+00:00
GUA-2684_IMG_0688_dummy5.jpg,6/1/2022,Guam-CNMI,GUA-2684,dummy5,2459,1499,*HARD,Bex.Turner,2025-11-01 09:28:03+00:00
GUA-2684_IMG_0688_dummy5.jpg,6/1/2022,Guam-CNMI,GUA-2684,dummy5,3596,744,*TURFH,Bex.Turner,2025-11-01 09:28:03+00:00
GUA-2684_IMG_0688_dummy5.jpg,6/1/2022,Guam-CNMI,GUA-2684,dummy5,3452,1963,*CCAH,Bex.Turner,2025-11-01 09:28:03+00:00
GUA-2684_IMG_0688_dummy5.jpg,6/1/2022,Guam-CNMI,GUA-2684,dummy5,3134,1516,*CCAH,Bex.Turner,2025-11-01 09:28:03+00:00
GUA-2696_IMG_2566_dummy5.jpg,6/1/2022,Guam-CNMI,GUA-2696,dummy5,43,222,*TURFH,Bex.Turner,2025-11-01 09:47:32+00:00
GUA-2696_IMG_2566_dummy5.jpg,6/1/2022,Guam-CNMI,GUA-2696,dummy5,87,802,*TURFH,Bex.Turner,2025-11-01 09:47:32+00:00
GUA-2696_IMG_2566_dummy5.jpg,6/1/2022,Guam-CNMI,GUA-2696,dummy5,25,2244,*SHAD,Bex.Turner,2025-11-01 09:47:32+00:00
GUA-2696_IMG_2566_dummy5.jpg,6/1/2022,Guam-CNMI,GUA-2696,dummy5,1794,1339,*PADI,Bex.Turner,2025-11-01 09:47:32+00:00
GUA-2696_IMG_2566_dummy5.jpg,6/1/2022,Guam-CNMI,GUA-2696,dummy5,1391,1141,*TURFH,Bex.Turner,2025-11-01 09:47:32+00:00
GUA-2696_IMG_2566_dummy5.jpg,6/1/2022,Guam-CNMI,GUA-2696,dummy5,2139,1100,*BGMA,Bex.Turner,2025-11-01 09:47:32+00:00
GUA-2696_IMG_2566_dummy5.jpg,6/1/2022,Guam-CNMI,GUA-2696,dummy5,2973,2897,*TURFH,Bex.Turner,2025-11-01 09:47:32+00:00
GUA-2696_IMG_2566_dummy5.jpg,6/1/2022,Guam-CNMI,GUA-2696,dummy5,4326,3186,*POEN,Bex.Turner,2025-11-01 09:47:32+00:00
GUA-2696_IMG_2566_dummy5.jpg,6/1/2022,Guam-CNMI,GUA-2696,dummy5,5001,363,*PADI,Bex.Turner,2025-11-01 09:47:31+00:00
GUA-2696_IMG_2566_dummy5.jpg,6/1/2022,Guam-CNMI,GUA-2696,dummy5,4603,2284,*TURFH,Bex.Turner,2025-11-01 09:47:31+00:00
GUA-2699_IMG_9545_dummy5.jpg,6/1/2022,Guam-CNMI,GUA-2699,dummy5,396,3054,*TURFH,Bex.Turner,2025-11-01 09:57:04+00:00
GUA-2699_IMG_9545_dummy5.jpg,6/1/2022,Guam-CNMI,GUA-2699,dummy5,31,3833,*TURFH,Bex.Turner,2025-11-01 09:57:04+00:00
GUA-2699_IMG_9545_dummy5.jpg,6/1/2022,Guam-CNMI,GUA-2699,dummy5,309,4789,*TURFH,Bex.Turner,2025-11-01 09:57:04+00:00
GUA-2699_IMG_9545_dummy5.jpg,6/1/2022,Guam-CNMI,GUA-2699,dummy5,1443,2954,*TURFH,Bex.Turner,2025-11-01 09:57:04+00:00
GUA-2699_IMG_9545_dummy5.jpg,6/1/2022,Guam-CNMI,GUA-2699,dummy5,1337,2369,*GRMA,Bex.Turner,2025-11-01 09:57:04+00:00
GUA-2699_IMG_9545_dummy5.jpg,6/1/2022,Guam-CNMI,GUA-2699,dummy5,1647,1838,*TURFH,Bex.Turner,2025-11-01 09:57:04+00:00
GUA-2699_IMG_9545_dummy5.jpg,6/1/2022,Guam-CNMI,GUA-2699,dummy5,1960,2173,*TURFH,Bex.Turner,2025-11-01 09:57:04+00:00
GUA-2699_IMG_9545_dummy5.jpg,6/1/2022,Guam-CNMI,GUA-2699,dummy5,2578,1189,*TURFH,Bex.Turner,2025-11-01 09:57:04+00:00
GUA-2699_IMG_9545_dummy5.jpg,6/1/2022,Guam-CNMI,GUA-2699,dummy5,2236,5206,*LPHY,Bex.Turner,2025-11-01 09:57:04+00:00
GUA-2699_IMG_9545_dummy5.jpg,6/1/2022,Guam-CNMI,GUA-2699,dummy5,2630,5034,*LPHY,Bex.Turner,2025-11-01 09:57:04+00:00
GUA-2699_IMG_9546_dummy5.jpg,6/1/2022,Guam-CNMI,GUA-2699,dummy5,689,521,*POMA,Bex.Turner,2025-11-01 10:09:39+00:00
GUA-2699_IMG_9546_dummy5.jpg,6/1/2022,Guam-CNMI,GUA-2699,dummy5,183,941,*POMA,Bex.Turner,2025-11-01 10:09:39+00:00
GUA-2699_IMG_9546_dummy5.jpg,6/1/2022,Guam-CNMI,GUA-2699,dummy5,864,790,*POMA,Bex.Turner,2025-11-01 10:09:39+00:00
GUA-2699_IMG_9546_dummy5.jpg,6/1/2022,Guam-CNMI,GUA-2699,dummy5,175,3129,*POMA,Bex.Turner,2025-11-01 10:09:39+00:00
GUA-2699_IMG_9546_dummy5.jpg,6/1/2022,Guam-CNMI,GUA-2699,dummy5,1866,1891,*TURFH,Bex.Turner,2025-11-01 10:09:39+00:00
GUA-2699_IMG_9546_dummy5.jpg,6/1/2022,Guam-CNMI,GUA-2699,dummy5,2598,360,*TURFH,Bex.Turner,2025-11-01 10:09:39+00:00
GUA-2699_IMG_9546_dummy5.jpg,6/1/2022,Guam-CNMI,GUA-2699,dummy5,2541,1599,*CAUL,Bex.Turner,2025-11-01 10:09:39+00:00
GUA-2699_IMG_9546_dummy5.jpg,6/1/2022,Guam-CNMI,GUA-2699,dummy5,2734,2478,*GRMA,Bex.Turner,2025-11-01 10:09:39+00:00
GUA-2699_IMG_9546_dummy5.jpg,6/1/2022,Guam-CNMI,GUA-2699,dummy5,5137,2926,*POMA,Bex.Turner,2025-11-01 10:09:38+00:00
GUA-2699_IMG_9546_dummy5.jpg,6/1/2022,Guam-CNMI,GUA-2699,dummy5,5148,2992,*POMA,Bex.Turner,2025-11-01 10:09:38+00:00
GUA-2701_IMG_0973_dummy5.jpg,6/1/2022,Guam-CNMI,GUA-2701,dummy5,617,527,*SHAD,Bex.Turner,2025-11-01 10:30:03+00:00
GUA-2701_IMG_0973_dummy5.jpg,6/1/2022,Guam-CNMI,GUA-2701,dummy5,799,1963,*PAMA,Bex.Turner,2025-11-01 10:30:03+00:00
GUA-2701_IMG_0973_dummy5.jpg,6/1/2022,Guam-CNMI,GUA-2701,dummy5,2078,2817,*MISP,Bex.Turner,2025-11-01 10:30:03+00:00
GUA-2701_IMG_0973_dummy5.jpg,6/1/2022,Guam-CNMI,GUA-2701,dummy5,2487,681,*MISP,Bex.Turner,2025-11-01 10:30:03+00:00
GUA-2701_IMG_0973_dummy5.jpg,6/1/2022,Guam-CNMI,GUA-2701,dummy5,2687,242,*MISP,Bex.Turner,2025-11-01 10:30:03+00:00
GUA-2701_IMG_0973_dummy5.jpg,6/1/2022,Guam-CNMI,GUA-2701,dummy5,3921,480,*HALI,Bex.Turner,2025-11-01 10:30:03+00:00
GUA-2701_IMG_0973_dummy5.jpg,6/1/2022,Guam-CNMI,GUA-2701,dummy5,3564,2689,*CCAH,Bex.Turner,2025-11-01 10:30:03+00:00
GUA-2701_IMG_0973_dummy5.jpg,6/1/2022,Guam-CNMI,GUA-2701,dummy5,3970,3243,*CCAH,Bex.Turner,2025-11-01 10:30:02+00:00
GUA-2701_IMG_0973_dummy5.jpg,6/1/2022,Guam-CNMI,GUA-2701,dummy5,5099,3221,*HALI,Bex.Turner,2025-11-01 10:30:02+00:00
GUA-2701_IMG_0973_dummy5.jpg,6/1/2022,Guam-CNMI,GUA-2701,dummy5,4725,3210,*CCAH,Bex.Turner,2025-11-01 10:30:02+00:00
GUA-2701_IMG_0977_dummy5.jpg,6/1/2022,Guam-CNMI,GUA-2701,dummy5,541,270,*HALI,Bex.Turner,2025-11-01 10:51:46+00:00
GUA-2701_IMG_0977_dummy5.jpg,6/1/2022,Guam-CNMI,GUA-2701,dummy5,281,229,*HALI,Bex.Turner,2025-11-01 10:51:46+00:00
GUA-2701_IMG_0977_dummy5.jpg,6/1/2022,Guam-CNMI,GUA-2701,dummy5,276,911,*TURFH,Bex.Turner,2025-11-01 10:51:46+00:00
GUA-2701_IMG_0977_dummy5.jpg,6/1/2022,Guam-CNMI,GUA-2701,dummy5,821,3391,*TURFH,Bex.Turner,2025-11-01 10:51:46+00:00
GUA-2701_IMG_0977_dummy5.jpg,6/1/2022,Guam-CNMI,GUA-2701,dummy5,1593,607,*CCAH,Bex.Turner,2025-11-01 10:51:46+00:00
GUA-2701_IMG_0977_dummy5.jpg,6/1/2022,Guam-CNMI,GUA-2701,dummy5,4082,69,*TURFH,Bex.Turner,2025-11-01 10:51:46+00:00
GUA-2701_IMG_0977_dummy5.jpg,6/1/2022,Guam-CNMI,GUA-2701,dummy5,3479,1054,*GONS,Bex.Turner,2025-11-01 10:51:46+00:00
GUA-2701_IMG_0977_dummy5.jpg,6/1/2022,Guam-CNMI,GUA-2701,dummy5,4416,1773,*GONS,Bex.Turner,2025-11-01 10:51:46+00:00
GUA-2701_IMG_0977_dummy5.jpg,6/1/2022,Guam-CNMI,GUA-2701,dummy5,5274,3144,*GASP,Bex.Turner,2025-11-01 10:51:46+00:00
GUA-2701_IMG_0977_dummy5.jpg,6/1/2022,Guam-CNMI,GUA-2701,dummy5,5188,3192,*GASP,Bex.Turner,2025-11-01 10:51:46+00:00
GUA-2716_IMG_0384_dummy5.jpg,6/1/2022,Guam-CNMI,GUA-2716,dummy5,398,5461,*CCAH,Bex.Turner,2025-11-01 11:06:12+00:00
GUA-2716_IMG_0384_dummy5.jpg,6/1/2022,Guam-CNMI,GUA-2716,dummy5,1835,704,*TURFH,Bex.Turner,2025-11-01 11:06:12+00:00
GUA-2716_IMG_0384_dummy5.jpg,6/1/2022,Guam-CNMI,GUA-2716,dummy5,1783,461,*TURFH,Bex.Turner,2025-11-01 11:06:12+00:00
GUA-2716_IMG_0384_dummy5.jpg,6/1/2022,Guam-CNMI,GUA-2716,dummy5,1761,1155,*TURFH,Bex.Turner,2025-11-01 11:06:12+00:00
GUA-2716_IMG_0384_dummy5.jpg,6/1/2022,Guam-CNMI,GUA-2716,dummy5,1539,3956,*TURFH,Bex.Turner,2025-11-01 11:06:12+00:00
GUA-2716_IMG_0384_dummy5.jpg,6/1/2022,Guam-CNMI,GUA-2716,dummy5,2082,3669,*TURFH,Bex.Turner,2025-11-01 11:06:12+00:00
GUA-2716_IMG_0384_dummy5.jpg,6/1/2022,Guam-CNMI,GUA-2716,dummy5,2614,2878,*TURFH,Bex.Turner,2025-11-01 11:06:12+00:00
GUA-2716_IMG_0384_dummy5.jpg,6/1/2022,Guam-CNMI,GUA-2716,dummy5,2402,3102,*TURFH,Bex.Turner,2025-11-01 11:06:12+00:00
GUA-2716_IMG_0384_dummy5.jpg,6/1/2022,Guam-CNMI,GUA-2716,dummy5,3235,2314,*OCTO,Bex.Turner,2025-11-01 11:06:11+00:00
GUA-2716_IMG_0384_dummy5.jpg,6/1/2022,Guam-CNMI,GUA-2716,dummy5,3272,4642,*TURFH,Bex.Turner,2025-11-01 11:06:11+00:00
GUA-2716_IMG_0398_dummy5.jpg,6/1/2022,Guam-CNMI,GUA-2716,dummy5,542,317,*PAEN,Bex.Turner,2025-11-01 11:20:29+00:00
GUA-2716_IMG_0398_dummy5.jpg,6/1/2022,Guam-CNMI,GUA-2716,dummy5,1229,2606,*SHAD,Bex.Turner,2025-11-01 11:20:29+00:00
GUA-2716_IMG_0398_dummy5.jpg,6/1/2022,Guam-CNMI,GUA-2716,dummy5,899,2361,*PAEN,Bex.Turner,2025-11-01 11:20:29+00:00
GUA-2716_IMG_0398_dummy5.jpg,6/1/2022,Guam-CNMI,GUA-2716,dummy5,1028,3829,*CCAH,Bex.Turner,2025-11-01 11:20:29+00:00
GUA-2716_IMG_0398_dummy5.jpg,6/1/2022,Guam-CNMI,GUA-2716,dummy5,838,4241,*CCAH,Bex.Turner,2025-11-01 11:20:29+00:00
GUA-2716_IMG_0398_dummy5.jpg,6/1/2022,Guam-CNMI,GUA-2716,dummy5,1512,1007,*TURFH,Bex.Turner,2025-11-01 11:20:29+00:00
GUA-2716_IMG_0398_dummy5.jpg,6/1/2022,Guam-CNMI,GUA-2716,dummy5,1608,2193,*CCAH,Bex.Turner,2025-11-01 11:20:29+00:00
GUA-2716_IMG_0398_dummy5.jpg,6/1/2022,Guam-CNMI,GUA-2716,dummy5,1545,4613,*CCAH,Bex.Turner,2025-11-01 11:20:29+00:00
GUA-2716_IMG_0398_dummy5.jpg,6/1/2022,Guam-CNMI,GUA-2716,dummy5,2702,507,*TURFH,Bex.Turner,2025-11-01 11:20:29+00:00
GUA-2716_IMG_0398_dummy5.jpg,6/1/2022,Guam-CNMI,GUA-2716,dummy5,3596,3554,*PAEN,Bex.Turner,2025-11-01 11:20:29+00:00
MAU-630_2017_A_28_dummy5.jpg,5/1/2017,Guam-CNMI,MAU-630,dummy5,226,1112,*TURFH,Bex.Turner,2025-11-01 11:25:01+00:00
MAU-630_2017_A_28_dummy5.jpg,5/1/2017,Guam-CNMI,MAU-630,dummy5,1005,1970,*TURFH,Bex.Turner,2025-11-01 11:25:01+00:00
MAU-630_2017_A_28_dummy5.jpg,5/1/2017,Guam-CNMI,MAU-630,dummy5,1336,3815,*TURFH,Bex.Turner,2025-11-01 11:25:00+00:00
MAU-630_2017_A_28_dummy5.jpg,5/1/2017,Guam-CNMI,MAU-630,dummy5,1370,4918,*POCS,Bex.Turner,2025-11-01 11:25:00+00:00
MAU-630_2017_A_28_dummy5.jpg,5/1/2017,Guam-CNMI,MAU-630,dummy5,1557,1063,*TURFH,Bex.Turner,2025-11-01 11:25:00+00:00
MAU-630_2017_A_28_dummy5.jpg,5/1/2017,Guam-CNMI,MAU-630,dummy5,1851,4979,*POCS,Bex.Turner,2025-11-01 11:25:00+00:00
MAU-630_2017_A_28_dummy5.jpg,5/1/2017,Guam-CNMI,MAU-630,dummy5,2805,304,*TURFH,Bex.Turner,2025-11-01 11:25:00+00:00
MAU-630_2017_A_28_dummy5.jpg,5/1/2017,Guam-CNMI,MAU-630,dummy5,2352,235,*TURFH,Bex.Turner,2025-11-01 11:25:00+00:00
MAU-630_2017_A_28_dummy5.jpg,5/1/2017,Guam-CNMI,MAU-630,dummy5,2270,4036,*STYS,Bex.Turner,2025-11-01 11:25:00+00:00
MAU-630_2017_A_28_dummy5.jpg,5/1/2017,Guam-CNMI,MAU-630,dummy5,2402,4520,*STYS,Bex.Turner,2025-11-01 11:25:00+00:00
MAU-640_2017_A_10_dummy5.jpg,5/1/2017,Guam-CNMI,MAU-640,dummy5,333,1859,*TURFH,Bex.Turner,2025-11-01 11:29:03+00:00
MAU-640_2017_A_10_dummy5.jpg,5/1/2017,Guam-CNMI,MAU-640,dummy5,763,3003,*SHAD,Bex.Turner,2025-11-01 11:29:03+00:00
MAU-640_2017_A_10_dummy5.jpg,5/1/2017,Guam-CNMI,MAU-640,dummy5,809,4123,*TURFH,Bex.Turner,2025-11-01 11:29:03+00:00
MAU-640_2017_A_10_dummy5.jpg,5/1/2017,Guam-CNMI,MAU-640,dummy5,935,3725,*TURFH,Bex.Turner,2025-11-01 11:29:03+00:00
MAU-640_2017_A_10_dummy5.jpg,5/1/2017,Guam-CNMI,MAU-640,dummy5,2103,1533,*CCAH,Bex.Turner,2025-11-01 11:29:03+00:00
MAU-640_2017_A_10_dummy5.jpg,5/1/2017,Guam-CNMI,MAU-640,dummy5,2454,239,*POMA,Bex.Turner,2025-11-01 11:29:03+00:00
MAU-640_2017_A_10_dummy5.jpg,5/1/2017,Guam-CNMI,MAU-640,dummy5,2560,3197,*TURFH,Bex.Turner,2025-11-01 11:29:03+00:00
MAU-640_2017_A_10_dummy5.jpg,5/1/2017,Guam-CNMI,MAU-640,dummy5,3248,1591,*PESP,Bex.Turner,2025-11-01 11:29:03+00:00
MAU-640_2017_A_10_dummy5.jpg,5/1/2017,Guam-CNMI,MAU-640,dummy5,3363,1836,*SHAD,Bex.Turner,2025-11-01 11:29:03+00:00
MAU-640_2017_A_10_dummy5.jpg,5/1/2017,Guam-CNMI,MAU-640,dummy5,3556,2274,*TURFH,Bex.Turner,2025-11-01 11:29:03+00:00
MAU-649_2017_A_14_dummy5.jpg,5/1/2017,Guam-CNMI,MAU-649,dummy5,79,1311,*TURFH,Bex.Turner,2025-11-01 11:32:02+00:00
MAU-649_2017_A_14_dummy5.jpg,5/1/2017,Guam-CNMI,MAU-649,dummy5,793,4764,*SHAD,Bex.Turner,2025-11-01 11:32:02+00:00
MAU-649_2017_A_14_dummy5.jpg,5/1/2017,Guam-CNMI,MAU-649,dummy5,770,4735,*GONS,Bex.Turner,2025-11-01 11:32:01+00:00
MAU-649_2017_A_14_dummy5.jpg,5/1/2017,Guam-CNMI,MAU-649,dummy5,1349,4448,*CCAH,Bex.Turner,2025-11-01 11:32:01+00:00
MAU-649_2017_A_14_dummy5.jpg,5/1/2017,Guam-CNMI,MAU-649,dummy5,1975,4104,*CCAH,Bex.Turner,2025-11-01 11:32:01+00:00
MAU-649_2017_A_14_dummy5.jpg,5/1/2017,Guam-CNMI,MAU-649,dummy5,2250,691,*TURFH,Bex.Turner,2025-11-01 11:32:01+00:00
MAU-649_2017_A_14_dummy5.jpg,5/1/2017,Guam-CNMI,MAU-649,dummy5,2737,275,*CCAH,Bex.Turner,2025-11-01 11:32:01+00:00
MAU-649_2017_A_14_dummy5.jpg,5/1/2017,Guam-CNMI,MAU-649,dummy5,2557,3226,*SAND,Bex.Turner,2025-11-01 11:32:01+00:00
MAU-649_2017_A_14_dummy5.jpg,5/1/2017,Guam-CNMI,MAU-649,dummy5,3014,4365,*TURFH,Bex.Turner,2025-11-01 11:32:01+00:00
MAU-649_2017_A_14_dummy5.jpg,5/1/2017,Guam-CNMI,MAU-649,dummy5,3260,4095,*CCAH,Bex.Turner,2025-11-01 11:32:01+00:00
MAU-651_2017_A_20_dummy5.jpg,5/1/2017,Guam-CNMI,MAU-651,dummy5,297,103,*POMA,Bex.Turner,2025-11-01 11:33:45+00:00
MAU-651_2017_A_20_dummy5.jpg,5/1/2017,Guam-CNMI,MAU-651,dummy5,438,2808,*TURFH,Bex.Turner,2025-11-01 11:33:45+00:00
MAU-651_2017_A_20_dummy5.jpg,5/1/2017,Guam-CNMI,MAU-651,dummy5,789,3316,*TURFH,Bex.Turner,2025-11-01 11:33:45+00:00
MAU-651_2017_A_20_dummy5.jpg,5/1/2017,Guam-CNMI,MAU-651,dummy5,655,3641,*TURFH,Bex.Turner,2025-11-01 11:33:45+00:00
MAU-651_2017_A_20_dummy5.jpg,5/1/2017,Guam-CNMI,MAU-651,dummy5,1029,3277,*TURFH,Bex.Turner,2025-11-01 11:33:45+00:00
MAU-651_2017_A_20_dummy5.jpg,5/1/2017,Guam-CNMI,MAU-651,dummy5,1207,3573,*TURFH,Bex.Turner,2025-11-01 11:33:45+00:00
MAU-651_2017_A_20_dummy5.jpg,5/1/2017,Guam-CNMI,MAU-651,dummy5,1916,316,*POMA,Bex.Turner,2025-11-01 11:33:45+00:00
MAU-651_2017_A_20_dummy5.jpg,5/1/2017,Guam-CNMI,MAU-651,dummy5,2312,1990,*TURFH,Bex.Turner,2025-11-01 11:33:45+00:00
MAU-651_2017_A_20_dummy5.jpg,5/1/2017,Guam-CNMI,MAU-651,dummy5,1946,2395,*TURFH,Bex.Turner,2025-11-01 11:33:45+00:00
MAU-651_2017_A_20_dummy5.jpg,5/1/2017,Guam-CNMI,MAU-651,dummy5,2455,143,*POMA,Bex.Turner,2025-11-01 11:33:45+00:00
MAU-679_2017_A_17_dummy5.jpg,5/1/2017,Guam-CNMI,MAU-679,dummy5,191,1285,*TURFH,Bex.Turner,2025-11-01 11:40:33+00:00
MAU-679_2017_A_17_dummy5.jpg,5/1/2017,Guam-CNMI,MAU-679,dummy5,96,2075,*TURFH,Bex.Turner,2025-11-01 11:40:33+00:00
MAU-679_2017_A_17_dummy5.jpg,5/1/2017,Guam-CNMI,MAU-679,dummy5,837,507,*SHAD,Bex.Turner,2025-11-01 11:40:33+00:00
MAU-679_2017_A_17_dummy5.jpg,5/1/2017,Guam-CNMI,MAU-679,dummy5,975,37,*TURFH,Bex.Turner,2025-11-01 11:40:33+00:00
MAU-679_2017_A_17_dummy5.jpg,5/1/2017,Guam-CNMI,MAU-679,dummy5,1150,1222,*TURFH,Bex.Turner,2025-11-01 11:40:33+00:00
MAU-679_2017_A_17_dummy5.jpg,5/1/2017,Guam-CNMI,MAU-679,dummy5,949,1945,*PAMA,Bex.Turner,2025-11-01 11:40:32+00:00
MAU-679_2017_A_17_dummy5.jpg,5/1/2017,Guam-CNMI,MAU-679,dummy5,1398,753,*CCAH,Bex.Turner,2025-11-01 11:40:32+00:00
MAU-679_2017_A_17_dummy5.jpg,5/1/2017,Guam-CNMI,MAU-679,dummy5,1327,1792,*CCAH,Bex.Turner,2025-11-01 11:40:32+00:00
MAU-679_2017_A_17_dummy5.jpg,5/1/2017,Guam-CNMI,MAU-679,dummy5,1530,1452,*TURFH,Bex.Turner,2025-11-01 11:40:32+00:00
MAU-679_2017_A_17_dummy5.jpg,5/1/2017,Guam-CNMI,MAU-679,dummy5,1320,1591,*TURFH,Bex.Turner,2025-11-01 11:40:32+00:00
MAU-686_2017_A_22_dummy5.jpg,5/1/2017,Guam-CNMI,MAU-686,dummy5,174,733,*LOBO,Bex.Turner,2025-11-01 11:42:34+00:00
MAU-686_2017_A_22_dummy5.jpg,5/1/2017,Guam-CNMI,MAU-686,dummy5,1162,1056,*LOBO,Bex.Turner,2025-11-01 11:42:34+00:00
MAU-686_2017_A_22_dummy5.jpg,5/1/2017,Guam-CNMI,MAU-686,dummy5,821,248,*LOBO,Bex.Turner,2025-11-01 11:42:34+00:00
MAU-686_2017_A_22_dummy5.jpg,5/1/2017,Guam-CNMI,MAU-686,dummy5,1445,5224,*TURFH,Bex.Turner,2025-11-01 11:42:34+00:00
MAU-686_2017_A_22_dummy5.jpg,5/1/2017,Guam-CNMI,MAU-686,dummy5,941,4505,*TURFH,Bex.Turner,2025-11-01 11:42:34+00:00
MAU-686_2017_A_22_dummy5.jpg,5/1/2017,Guam-CNMI,MAU-686,dummy5,1815,1961,*LOBO,Bex.Turner,2025-11-01 11:42:34+00:00
MAU-686_2017_A_22_dummy5.jpg,5/1/2017,Guam-CNMI,MAU-686,dummy5,1893,3848,*CCAH,Bex.Turner,2025-11-01 11:42:34+00:00
MAU-686_2017_A_22_dummy5.jpg,5/1/2017,Guam-CNMI,MAU-686,dummy5,1499,4146,*TURFH,Bex.Turner,2025-11-01 11:42:34+00:00
MAU-686_2017_A_22_dummy5.jpg,5/1/2017,Guam-CNMI,MAU-686,dummy5,2459,1013,*LOBO,Bex.Turner,2025-11-01 11:42:34+00:00
MAU-686_2017_A_22_dummy5.jpg,5/1/2017,Guam-CNMI,MAU-686,dummy5,3115,1142,*LOBO,Bex.Turner,2025-11-01 11:42:34+00:00
MAU-691_2017_A_12_dummy5.jpg,5/1/2017,Guam-CNMI,MAU-691,dummy5,682,2471,*HYSP,Bex.Turner,2025-11-01 11:46:47+00:00
MAU-691_2017_A_12_dummy5.jpg,5/1/2017,Guam-CNMI,MAU-691,dummy5,34,5339,*TURFH,Bex.Turner,2025-11-01 11:46:47+00:00
MAU-691_2017_A_12_dummy5.jpg,5/1/2017,Guam-CNMI,MAU-691,dummy5,1455,747,*HYSP,Bex.Turner,2025-11-01 11:46:47+00:00
MAU-691_2017_A_12_dummy5.jpg,5/1/2017,Guam-CNMI,MAU-691,dummy5,951,2351,*HYSP,Bex.Turner,2025-11-01 11:46:47+00:00
MAU-691_2017_A_12_dummy5.jpg,5/1/2017,Guam-CNMI,MAU-691,dummy5,1765,427,*HYSP,Bex.Turner,2025-11-01 11:46:47+00:00
MAU-691_2017_A_12_dummy5.jpg,5/1/2017,Guam-CNMI,MAU-691,dummy5,2251,1246,*TURFH,Bex.Turner,2025-11-01 11:46:47+00:00
MAU-691_2017_A_12_dummy5.jpg,5/1/2017,Guam-CNMI,MAU-691,dummy5,2237,4879,*TURFH,Bex.Turner,2025-11-01 11:46:47+00:00
MAU-691_2017_A_12_dummy5.jpg,5/1/2017,Guam-CNMI,MAU-691,dummy5,3372,1579,*TURFH,Bex.Turner,2025-11-01 11:46:47+00:00
MAU-691_2017_A_12_dummy5.jpg,5/1/2017,Guam-CNMI,MAU-691,dummy5,3361,2637,*TURFH,Bex.Turner,2025-11-01 11:46:47+00:00
MAU-691_2017_A_12_dummy5.jpg,5/1/2017,Guam-CNMI,MAU-691,dummy5,3110,5022,*PESP,Bex.Turner,2025-11-01 11:46:47+00:00
MAU-704_2017_A_09_dummy5.jpg,5/1/2017,Guam-CNMI,MAU-704,dummy5,140,735,*CCAH,Bex.Turner,2025-11-01 11:47:57+00:00
MAU-704_2017_A_09_dummy5.jpg,5/1/2017,Guam-CNMI,MAU-704,dummy5,262,3200,*CCAH,Bex.Turner,2025-11-01 11:47:57+00:00
MAU-704_2017_A_09_dummy5.jpg,5/1/2017,Guam-CNMI,MAU-704,dummy5,987,3337,*TURFH,Bex.Turner,2025-11-01 11:47:57+00:00
MAU-704_2017_A_09_dummy5.jpg,5/1/2017,Guam-CNMI,MAU-704,dummy5,1255,4307,*TURFH,Bex.Turner,2025-11-01 11:47:57+00:00
MAU-704_2017_A_09_dummy5.jpg,5/1/2017,Guam-CNMI,MAU-704,dummy5,1337,4675,*SHAD,Bex.Turner,2025-11-01 11:47:57+00:00
MAU-704_2017_A_09_dummy5.jpg,5/1/2017,Guam-CNMI,MAU-704,dummy5,2865,400,*TURFH,Bex.Turner,2025-11-01 11:47:57+00:00
MAU-704_2017_A_09_dummy5.jpg,5/1/2017,Guam-CNMI,MAU-704,dummy5,2401,658,*TURFH,Bex.Turner,2025-11-01 11:47:57+00:00
MAU-704_2017_A_09_dummy5.jpg,5/1/2017,Guam-CNMI,MAU-704,dummy5,2624,1156,*TURFH,Bex.Turner,2025-11-01 11:47:57+00:00
MAU-704_2017_A_09_dummy5.jpg,5/1/2017,Guam-CNMI,MAU-704,dummy5,2412,4540,*TURFH,Bex.Turner,2025-11-01 11:47:56+00:00
MAU-704_2017_A_09_dummy5.jpg,5/1/2017,Guam-CNMI,MAU-704,dummy5,3504,3286,*TURFH,Bex.Turner,2025-11-01 11:47:56+00:00
MAU-723_2017_A_30_dummy5.jpg,5/1/2017,Guam-CNMI,MAU-723,dummy5,342,337,*PESP,Bex.Turner,2025-11-01 11:49:03+00:00
MAU-723_2017_A_30_dummy5.jpg,5/1/2017,Guam-CNMI,MAU-723,dummy5,327,1210,*CCAH,Bex.Turner,2025-11-01 11:49:03+00:00
MAU-723_2017_A_30_dummy5.jpg,5/1/2017,Guam-CNMI,MAU-723,dummy5,484,5398,*SHAD,Bex.Turner,2025-11-01 11:49:03+00:00
MAU-723_2017_A_30_dummy5.jpg,5/1/2017,Guam-CNMI,MAU-723,dummy5,618,5398,*CCAH,Bex.Turner,2025-11-01 11:49:03+00:00
MAU-723_2017_A_30_dummy5.jpg,5/1/2017,Guam-CNMI,MAU-723,dummy5,864,2053,*SHAD,Bex.Turner,2025-11-01 11:49:03+00:00
MAU-723_2017_A_30_dummy5.jpg,5/1/2017,Guam-CNMI,MAU-723,dummy5,858,2703,*CCAH,Bex.Turner,2025-11-01 11:49:03+00:00
MAU-723_2017_A_30_dummy5.jpg,5/1/2017,Guam-CNMI,MAU-723,dummy5,2075,3039,*CCAH,Bex.Turner,2025-11-01 11:49:03+00:00
MAU-723_2017_A_30_dummy5.jpg,5/1/2017,Guam-CNMI,MAU-723,dummy5,2193,1192,*TURFH,Bex.Turner,2025-11-01 11:49:03+00:00
MAU-723_2017_A_30_dummy5.jpg,5/1/2017,Guam-CNMI,MAU-723,dummy5,3636,3694,*CCAH,Bex.Turner,2025-11-01 11:49:03+00:00
MAU-723_2017_A_30_dummy5.jpg,5/1/2017,Guam-CNMI,MAU-723,dummy5,3429,4790,*CCAH,Bex.Turner,2025-11-01 11:49:03+00:00
MAU-838_2017_B_10_dummy5.jpg,5/1/2017,Guam-CNMI,MAU-838,dummy5,345,133,*CCAH,Bex.Turner,2025-11-01 11:50:25+00:00
MAU-838_2017_B_10_dummy5.jpg,5/1/2017,Guam-CNMI,MAU-838,dummy5,365,1547,*PESP,Bex.Turner,2025-11-01 11:50:25+00:00
MAU-838_2017_B_10_dummy5.jpg,5/1/2017,Guam-CNMI,MAU-838,dummy5,296,1401,*CCAH,Bex.Turner,2025-11-01 11:50:25+00:00
MAU-838_2017_B_10_dummy5.jpg,5/1/2017,Guam-CNMI,MAU-838,dummy5,211,2136,*CCAH,Bex.Turner,2025-11-01 11:50:25+00:00
MAU-838_2017_B_10_dummy5.jpg,5/1/2017,Guam-CNMI,MAU-838,dummy5,669,938,*TURFH,Bex.Turner,2025-11-01 11:50:25+00:00
MAU-838_2017_B_10_dummy5.jpg,5/1/2017,Guam-CNMI,MAU-838,dummy5,882,896,*TURFH,Bex.Turner,2025-11-01 11:50:25+00:00
MAU-838_2017_B_10_dummy5.jpg,5/1/2017,Guam-CNMI,MAU-838,dummy5,1556,699,*CCAH,Bex.Turner,2025-11-01 11:50:25+00:00
MAU-838_2017_B_10_dummy5.jpg,5/1/2017,Guam-CNMI,MAU-838,dummy5,2511,1205,*CCAH,Bex.Turner,2025-11-01 11:50:25+00:00
MAU-838_2017_B_10_dummy5.jpg,5/1/2017,Guam-CNMI,MAU-838,dummy5,2722,1327,*CCAH,Bex.Turner,2025-11-01 11:50:25+00:00
MAU-838_2017_B_10_dummy5.jpg,5/1/2017,Guam-CNMI,MAU-838,dummy5,2663,2921,*PESP,Bex.Turner,2025-11-01 11:50:25+00:00
MAU-848_2017_B_02_dummy5.jpg,5/1/2017,Guam-CNMI,MAU-848,dummy5,205,42,*TURFH,Bex.Turner,2025-11-01 11:54:15+00:00
MAU-848_2017_B_02_dummy5.jpg,5/1/2017,Guam-CNMI,MAU-848,dummy5,634,158,*POCS,Bex.Turner,2025-11-01 11:54:15+00:00
MAU-848_2017_B_02_dummy5.jpg,5/1/2017,Guam-CNMI,MAU-848,dummy5,1083,311,*POCS,Bex.Turner,2025-11-01 11:54:15+00:00
MAU-848_2017_B_02_dummy5.jpg,5/1/2017,Guam-CNMI,MAU-848,dummy5,1302,688,*POCS,Bex.Turner,2025-11-01 11:54:15+00:00
MAU-848_2017_B_02_dummy5.jpg,5/1/2017,Guam-CNMI,MAU-848,dummy5,1835,2900,*TURFH,Bex.Turner,2025-11-01 11:54:15+00:00
MAU-848_2017_B_02_dummy5.jpg,5/1/2017,Guam-CNMI,MAU-848,dummy5,1924,2413,*CCAH,Bex.Turner,2025-11-01 11:54:15+00:00
MAU-848_2017_B_02_dummy5.jpg,5/1/2017,Guam-CNMI,MAU-848,dummy5,2455,2336,*CCAH,Bex.Turner,2025-11-01 11:54:15+00:00
MAU-848_2017_B_02_dummy5.jpg,5/1/2017,Guam-CNMI,MAU-848,dummy5,3910,1031,*SHAD,Bex.Turner,2025-11-01 11:54:14+00:00
MAU-848_2017_B_02_dummy5.jpg,5/1/2017,Guam-CNMI,MAU-848,dummy5,3699,1018,*SHAD,Bex.Turner,2025-11-01 11:54:14+00:00
MAU-848_2017_B_02_dummy5.jpg,5/1/2017,Guam-CNMI,MAU-848,dummy5,3324,2524,*CCAH,Bex.Turner,2025-11-01 11:54:14+00:00
MAU-855_2017_B_12_dummy5.jpg,5/1/2017,Guam-CNMI,MAU-855,dummy5,445,956,*PESP,Bex.Turner,2025-11-01 11:56:55+00:00
MAU-855_2017_B_12_dummy5.jpg,5/1/2017,Guam-CNMI,MAU-855,dummy5,570,2396,*TURFH,Bex.Turner,2025-11-01 11:56:55+00:00
MAU-855_2017_B_12_dummy5.jpg,5/1/2017,Guam-CNMI,MAU-855,dummy5,462,3849,*TURFH,Bex.Turner,2025-11-01 11:56:55+00:00
MAU-855_2017_B_12_dummy5.jpg,5/1/2017,Guam-CNMI,MAU-855,dummy5,512,3784,*PESP,Bex.Turner,2025-11-01 11:56:55+00:00
MAU-855_2017_B_12_dummy5.jpg,5/1/2017,Guam-CNMI,MAU-855,dummy5,737,1173,*ENC,Bex.Turner,2025-11-01 11:56:55+00:00
MAU-855_2017_B_12_dummy5.jpg,5/1/2017,Guam-CNMI,MAU-855,dummy5,1105,2170,*TURFH,Bex.Turner,2025-11-01 11:56:55+00:00
MAU-855_2017_B_12_dummy5.jpg,5/1/2017,Guam-CNMI,MAU-855,dummy5,818,2945,*TURFH,Bex.Turner,2025-11-01 11:56:55+00:00
MAU-855_2017_B_12_dummy5.jpg,5/1/2017,Guam-CNMI,MAU-855,dummy5,631,3271,*ENC,Bex.Turner,2025-11-01 11:56:55+00:00
MAU-855_2017_B_12_dummy5.jpg,5/1/2017,Guam-CNMI,MAU-855,dummy5,1725,2565,*TURFH,Bex.Turner,2025-11-01 11:56:55+00:00
MAU-855_2017_B_12_dummy5.jpg,5/1/2017,Guam-CNMI,MAU-855,dummy5,2852,2867,*CCAH,Bex.Turner,2025-11-01 11:56:55+00:00
MAU-868_2017_A_07_dummy5.jpg,5/1/2017,Guam-CNMI,MAU-868,dummy5,931,2846,*TURFH,Bex.Turner,2025-11-01 11:57:54+00:00
MAU-868_2017_A_07_dummy5.jpg,5/1/2017,Guam-CNMI,MAU-868,dummy5,716,3406,*SHAD,Bex.Turner,2025-11-01 11:57:54+00:00
MAU-868_2017_A_07_dummy5.jpg,5/1/2017,Guam-CNMI,MAU-868,dummy5,1438,762,*PESP,Bex.Turner,2025-11-01 11:57:54+00:00
MAU-868_2017_A_07_dummy5.jpg,5/1/2017,Guam-CNMI,MAU-868,dummy5,1229,2857,*TURFH,Bex.Turner,2025-11-01 11:57:54+00:00
MAU-868_2017_A_07_dummy5.jpg,5/1/2017,Guam-CNMI,MAU-868,dummy5,2328,365,*PESP,Bex.Turner,2025-11-01 11:57:54+00:00
MAU-868_2017_A_07_dummy5.jpg,5/1/2017,Guam-CNMI,MAU-868,dummy5,2023,1295,*TURFH,Bex.Turner,2025-11-01 11:57:54+00:00
MAU-868_2017_A_07_dummy5.jpg,5/1/2017,Guam-CNMI,MAU-868,dummy5,2197,2723,*CCAH,Bex.Turner,2025-11-01 11:57:54+00:00
MAU-868_2017_A_07_dummy5.jpg,5/1/2017,Guam-CNMI,MAU-868,dummy5,2067,3812,*CCAH,Bex.Turner,2025-11-01 11:57:54+00:00
MAU-868_2017_A_07_dummy5.jpg,5/1/2017,Guam-CNMI,MAU-868,dummy5,2860,482,*PESP,Bex.Turner,2025-11-01 11:57:54+00:00
MAU-868_2017_A_07_dummy5.jpg,5/1/2017,Guam-CNMI,MAU-868,dummy5,2872,1803,*TURFH,Bex.Turner,2025-11-01 11:57:54+00:00
MAU-870_2017_B_04_dummy5.jpg,5/1/2017,Guam-CNMI,MAU-870,dummy5,453,1112,*SHAD,Bex.Turner,2025-11-01 11:59:06+00:00
MAU-870_2017_B_04_dummy5.jpg,5/1/2017,Guam-CNMI,MAU-870,dummy5,620,2409,*CCAH,Bex.Turner,2025-11-01 11:59:06+00:00
MAU-870_2017_B_04_dummy5.jpg,5/1/2017,Guam-CNMI,MAU-870,dummy5,604,3383,*CCAH,Bex.Turner,2025-11-01 11:59:06+00:00
MAU-870_2017_B_04_dummy5.jpg,5/1/2017,Guam-CNMI,MAU-870,dummy5,1305,1121,*TURFH,Bex.Turner,2025-11-01 11:59:06+00:00
MAU-870_2017_B_04_dummy5.jpg,5/1/2017,Guam-CNMI,MAU-870,dummy5,1242,2172,*TURFH,Bex.Turner,2025-11-01 11:59:06+00:00
MAU-870_2017_B_04_dummy5.jpg,5/1/2017,Guam-CNMI,MAU-870,dummy5,2212,329,*SHAD,Bex.Turner,2025-11-01 11:59:06+00:00
MAU-870_2017_B_04_dummy5.jpg,5/1/2017,Guam-CNMI,MAU-870,dummy5,2732,406,*CCAH,Bex.Turner,2025-11-01 11:59:06+00:00
MAU-870_2017_B_04_dummy5.jpg,5/1/2017,Guam-CNMI,MAU-870,dummy5,2562,3620,*TURFH,Bex.Turner,2025-11-01 11:59:06+00:00
MAU-870_2017_B_04_dummy5.jpg,5/1/2017,Guam-CNMI,MAU-870,dummy5,2723,3844,*TURFH,Bex.Turner,2025-11-01 11:59:06+00:00
MAU-870_2017_B_04_dummy5.jpg,5/1/2017,Guam-CNMI,MAU-870,dummy5,2928,3382,*TURFH,Bex.Turner,2025-11-01 11:59:06+00:00
MAU-907_2017_B_04_dummy5.jpg,5/1/2017,Guam-CNMI,MAU-907,dummy5,613,539,*TURFH,Bex.Turner,2025-11-01 12:02:04+00:00
MAU-907_2017_B_04_dummy5.jpg,5/1/2017,Guam-CNMI,MAU-907,dummy5,828,164,*TURFH,Bex.Turner,2025-11-01 12:02:04+00:00
MAU-907_2017_B_04_dummy5.jpg,5/1/2017,Guam-CNMI,MAU-907,dummy5,750,2903,*TURFH,Bex.Turner,2025-11-01 12:02:04+00:00
MAU-907_2017_B_04_dummy5.jpg,5/1/2017,Guam-CNMI,MAU-907,dummy5,1182,2925,*TURFH,Bex.Turner,2025-11-01 12:02:04+00:00
MAU-907_2017_B_04_dummy5.jpg,5/1/2017,Guam-CNMI,MAU-907,dummy5,886,3325,*TURFH,Bex.Turner,2025-11-01 12:02:04+00:00
MAU-907_2017_B_04_dummy5.jpg,5/1/2017,Guam-CNMI,MAU-907,dummy5,1632,1518,*TURFH,Bex.Turner,2025-11-01 12:02:04+00:00
MAU-907_2017_B_04_dummy5.jpg,5/1/2017,Guam-CNMI,MAU-907,dummy5,1598,3651,*TURFH,Bex.Turner,2025-11-01 12:02:04+00:00
MAU-907_2017_B_04_dummy5.jpg,5/1/2017,Guam-CNMI,MAU-907,dummy5,2079,700,*TURFH,Bex.Turner,2025-11-01 12:02:04+00:00
MAU-907_2017_B_04_dummy5.jpg,5/1/2017,Guam-CNMI,MAU-907,dummy5,2054,1035,*TURFH,Bex.Turner,2025-11-01 12:02:04+00:00
MAU-907_2017_B_04_dummy5.jpg,5/1/2017,Guam-CNMI,MAU-907,dummy5,2003,1062,*TURFH,Bex.Turner,2025-11-01 12:02:04+00:00
MAU-951_2017_B_11_dummy5.jpg,5/1/2017,Guam-CNMI,MAU-951,dummy5,176,1166,*TURFH,Bex.Turner,2025-11-01 12:09:32+00:00
MAU-951_2017_B_11_dummy5.jpg,5/1/2017,Guam-CNMI,MAU-951,dummy5,255,2413,*TURFH,Bex.Turner,2025-11-01 12:09:32+00:00
MAU-951_2017_B_11_dummy5.jpg,5/1/2017,Guam-CNMI,MAU-951,dummy5,117,2856,*TURFH,Bex.Turner,2025-11-01 12:09:32+00:00
MAU-951_2017_B_11_dummy5.jpg,5/1/2017,Guam-CNMI,MAU-951,dummy5,1454,668,*SHAD,Bex.Turner,2025-11-01 12:09:32+00:00
MAU-951_2017_B_11_dummy5.jpg,5/1/2017,Guam-CNMI,MAU-951,dummy5,1253,632,*TURFH,Bex.Turner,2025-11-01 12:09:32+00:00
MAU-951_2017_B_11_dummy5.jpg,5/1/2017,Guam-CNMI,MAU-951,dummy5,1603,1815,*RDMA,Bex.Turner,2025-11-01 12:11:50+00:00
MAU-951_2017_B_11_dummy5.jpg,5/1/2017,Guam-CNMI,MAU-951,dummy5,1691,2464,*TURFH,Bex.Turner,2025-11-01 12:11:50+00:00
MAU-951_2017_B_11_dummy5.jpg,5/1/2017,Guam-CNMI,MAU-951,dummy5,1718,3695,*ENC,Bex.Turner,2025-11-01 12:11:50+00:00
MAU-951_2017_B_11_dummy5.jpg,5/1/2017,Guam-CNMI,MAU-951,dummy5,2147,2654,*TURFH,Bex.Turner,2025-11-01 12:11:50+00:00
MAU-951_2017_B_11_dummy5.jpg,5/1/2017,Guam-CNMI,MAU-951,dummy5,2538,3155,*TURFH,Bex.Turner,2025-11-01 12:11:50+00:00
MAU-953_2017_B_11_dummy5.jpg,5/1/2017,Guam-CNMI,MAU-953,dummy5,190,1394,*HARD,Bex.Turner,2025-11-03 11:14:17+00:00
MAU-953_2017_B_11_dummy5.jpg,5/1/2017,Guam-CNMI,MAU-953,dummy5,213,969,*HARD,Bex.Turner,2025-11-03 11:14:17+00:00
MAU-953_2017_B_11_dummy5.jpg,5/1/2017,Guam-CNMI,MAU-953,dummy5,160,2274,*TURFH,Bex.Turner,2025-11-03 11:14:17+00:00
MAU-953_2017_B_11_dummy5.jpg,5/1/2017,Guam-CNMI,MAU-953,dummy5,909,3884,*TURFH,Bex.Turner,2025-11-03 11:14:17+00:00
MAU-953_2017_B_11_dummy5.jpg,5/1/2017,Guam-CNMI,MAU-953,dummy5,1676,601,*TURFH,Bex.Turner,2025-11-03 11:14:17+00:00
MAU-953_2017_B_11_dummy5.jpg,5/1/2017,Guam-CNMI,MAU-953,dummy5,1732,924,*TURFH,Bex.Turner,2025-11-03 11:14:17+00:00
MAU-953_2017_B_11_dummy5.jpg,5/1/2017,Guam-CNMI,MAU-953,dummy5,2117,250,*SHAD,Bex.Turner,2025-11-03 11:14:17+00:00
MAU-953_2017_B_11_dummy5.jpg,5/1/2017,Guam-CNMI,MAU-953,dummy5,2022,3129,*TURFH,Bex.Turner,2025-11-03 11:14:17+00:00
MAU-953_2017_B_11_dummy5.jpg,5/1/2017,Guam-CNMI,MAU-953,dummy5,2711,2338,*RDMA,Bex.Turner,2025-11-03 11:14:17+00:00
MAU-953_2017_B_11_dummy5.jpg,5/1/2017,Guam-CNMI,MAU-953,dummy5,2940,3964,*POMA,Bex.Turner,2025-11-03 11:14:17+00:00
MAU-994_2017_B_06_dummy5.jpg,5/1/2017,Guam-CNMI,MAU-994,dummy5,337,961,*SHAD,Bex.Turner,2025-11-03 11:16:56+00:00
MAU-994_2017_B_06_dummy5.jpg,5/1/2017,Guam-CNMI,MAU-994,dummy5,1227,2225,*TURFH,Bex.Turner,2025-11-03 11:16:56+00:00
MAU-994_2017_B_06_dummy5.jpg,5/1/2017,Guam-CNMI,MAU-994,dummy5,1382,2402,*TURFH,Bex.Turner,2025-11-03 11:16:56+00:00
MAU-994_2017_B_06_dummy5.jpg,5/1/2017,Guam-CNMI,MAU-994,dummy5,1822,2951,*TURFH,Bex.Turner,2025-11-03 11:16:56+00:00
MAU-994_2017_B_06_dummy5.jpg,5/1/2017,Guam-CNMI,MAU-994,dummy5,1763,2943,*TURFH,Bex.Turner,2025-11-03 11:16:56+00:00
MAU-994_2017_B_06_dummy5.jpg,5/1/2017,Guam-CNMI,MAU-994,dummy5,2520,2931,*SHAD,Bex.Turner,2025-11-03 11:16:56+00:00
MAU-994_2017_B_06_dummy5.jpg,5/1/2017,Guam-CNMI,MAU-994,dummy5,2508,2876,*SHAD,Bex.Turner,2025-11-03 11:16:56+00:00
MAU-994_2017_B_06_dummy5.jpg,5/1/2017,Guam-CNMI,MAU-994,dummy5,3674,387,*SHAD,Bex.Turner,2025-11-03 11:16:56+00:00
MAU-994_2017_B_06_dummy5.jpg,5/1/2017,Guam-CNMI,MAU-994,dummy5,3375,1192,*TURFH,Bex.Turner,2025-11-03 11:16:56+00:00
MAU-994_2017_B_06_dummy5.jpg,5/1/2017,Guam-CNMI,MAU-994,dummy5,3266,2441,*EMA,Bex.Turner,2025-11-03 11:16:56+00:00
MAU-997_2017_A_01_dummy5.jpg,5/1/2017,Guam-CNMI,MAU-997,dummy5,492,965,*TURFH,Bex.Turner,2025-11-03 11:19:32+00:00
MAU-997_2017_A_01_dummy5.jpg,5/1/2017,Guam-CNMI,MAU-997,dummy5,554,1292,*TURFH,Bex.Turner,2025-11-03 11:19:32+00:00
MAU-997_2017_A_01_dummy5.jpg,5/1/2017,Guam-CNMI,MAU-997,dummy5,206,1419,*TURFH,Bex.Turner,2025-11-03 11:19:32+00:00
MAU-997_2017_A_01_dummy5.jpg,5/1/2017,Guam-CNMI,MAU-997,dummy5,1620,47,*TURFH,Bex.Turner,2025-11-03 11:19:32+00:00
MAU-997_2017_A_01_dummy5.jpg,5/1/2017,Guam-CNMI,MAU-997,dummy5,1450,1707,*TURFH,Bex.Turner,2025-11-03 11:19:32+00:00
MAU-997_2017_A_01_dummy5.jpg,5/1/2017,Guam-CNMI,MAU-997,dummy5,1308,3768,*TURFH,Bex.Turner,2025-11-03 11:19:32+00:00
MAU-997_2017_A_01_dummy5.jpg,5/1/2017,Guam-CNMI,MAU-997,dummy5,2135,858,*SHAD,Bex.Turner,2025-11-03 11:19:32+00:00
MAU-997_2017_A_01_dummy5.jpg,5/1/2017,Guam-CNMI,MAU-997,dummy5,2738,158,*TURFH,Bex.Turner,2025-11-03 11:19:32+00:00
MAU-997_2017_A_01_dummy5.jpg,5/1/2017,Guam-CNMI,MAU-997,dummy5,2590,2024,*TURFH,Bex.Turner,2025-11-03 11:19:32+00:00
MAU-997_2017_A_01_dummy5.jpg,5/1/2017,Guam-CNMI,MAU-997,dummy5,2677,2995,*TURFH,Bex.Turner,2025-11-03 11:19:32+00:00
PAG-631_2017_A_17_dummy5.jpg,5/1/2017,Guam-CNMI,PAG-631,dummy5,505,573,*TURFH,Bex.Turner,2025-11-03 11:22:00+00:00
PAG-631_2017_A_17_dummy5.jpg,5/1/2017,Guam-CNMI,PAG-631,dummy5,72,3147,*TURFH,Bex.Turner,2025-11-03 11:22:00+00:00
PAG-631_2017_A_17_dummy5.jpg,5/1/2017,Guam-CNMI,PAG-631,dummy5,878,2275,*TURFH,Bex.Turner,2025-11-03 11:22:00+00:00
PAG-631_2017_A_17_dummy5.jpg,5/1/2017,Guam-CNMI,PAG-631,dummy5,1377,4016,*TURFH,Bex.Turner,2025-11-03 11:22:00+00:00
PAG-631_2017_A_17_dummy5.jpg,5/1/2017,Guam-CNMI,PAG-631,dummy5,2786,2663,*TURFH,Bex.Turner,2025-11-03 11:22:00+00:00
PAG-631_2017_A_17_dummy5.jpg,5/1/2017,Guam-CNMI,PAG-631,dummy5,2956,852,*TURFH,Bex.Turner,2025-11-03 11:22:00+00:00
PAG-631_2017_A_17_dummy5.jpg,5/1/2017,Guam-CNMI,PAG-631,dummy5,3501,916,*TURFH,Bex.Turner,2025-11-03 11:21:59+00:00
PAG-631_2017_A_17_dummy5.jpg,5/1/2017,Guam-CNMI,PAG-631,dummy5,3158,1186,*TURFH,Bex.Turner,2025-11-03 11:21:59+00:00
PAG-631_2017_A_17_dummy5.jpg,5/1/2017,Guam-CNMI,PAG-631,dummy5,3578,3577,*TURFH,Bex.Turner,2025-11-03 11:21:59+00:00
PAG-631_2017_A_17_dummy5.jpg,5/1/2017,Guam-CNMI,PAG-631,dummy5,3214,3584,*UNK,Bex.Turner,2025-11-03 11:21:59+00:00
PAG-636_2017_A_09_dummy5.jpg,5/1/2017,Guam-CNMI,PAG-636,dummy5,382,461,*GRMA,Bex.Turner,2025-11-03 11:35:58+00:00
PAG-636_2017_A_09_dummy5.jpg,5/1/2017,Guam-CNMI,PAG-636,dummy5,128,1817,*SHAD,Bex.Turner,2025-11-03 11:35:58+00:00
PAG-636_2017_A_09_dummy5.jpg,5/1/2017,Guam-CNMI,PAG-636,dummy5,771,792,*SHAD,Bex.Turner,2025-11-03 11:35:58+00:00
PAG-636_2017_A_09_dummy5.jpg,5/1/2017,Guam-CNMI,PAG-636,dummy5,841,1051,*TURFH,Bex.Turner,2025-11-03 11:35:58+00:00
PAG-636_2017_A_09_dummy5.jpg,5/1/2017,Guam-CNMI,PAG-636,dummy5,1035,2409,*TURFH,Bex.Turner,2025-11-03 11:35:58+00:00
PAG-636_2017_A_09_dummy5.jpg,5/1/2017,Guam-CNMI,PAG-636,dummy5,1576,2199,*TURFH,Bex.Turner,2025-11-03 11:35:58+00:00
PAG-636_2017_A_09_dummy5.jpg,5/1/2017,Guam-CNMI,PAG-636,dummy5,1441,2973,*POEN,Bex.Turner,2025-11-03 11:35:58+00:00
PAG-636_2017_A_09_dummy5.jpg,5/1/2017,Guam-CNMI,PAG-636,dummy5,1398,3542,*TURFH,Bex.Turner,2025-11-03 11:35:58+00:00
PAG-636_2017_A_09_dummy5.jpg,5/1/2017,Guam-CNMI,PAG-636,dummy5,1320,3409,*TURFH,Bex.Turner,2025-11-03 11:35:57+00:00
PAG-636_2017_A_09_dummy5.jpg,5/1/2017,Guam-CNMI,PAG-636,dummy5,2390,3431,*POEN,Bex.Turner,2025-11-03 11:35:57+00:00
PAG-639_2017_A_24_dummy5.jpg,5/1/2017,Guam-CNMI,PAG-639,dummy5,1096,2205,*TURFH,Bex.Turner,2025-11-03 11:38:19+00:00
PAG-639_2017_A_24_dummy5.jpg,5/1/2017,Guam-CNMI,PAG-639,dummy5,1658,1310,*TURFH,Bex.Turner,2025-11-03 11:38:19+00:00
PAG-639_2017_A_24_dummy5.jpg,5/1/2017,Guam-CNMI,PAG-639,dummy5,1764,2774,*ENC,Bex.Turner,2025-11-03 11:38:19+00:00
PAG-639_2017_A_24_dummy5.jpg,5/1/2017,Guam-CNMI,PAG-639,dummy5,1836,560,*TURFH,Bex.Turner,2025-11-03 11:38:19+00:00
PAG-639_2017_A_24_dummy5.jpg,5/1/2017,Guam-CNMI,PAG-639,dummy5,2374,1239,*TURFH,Bex.Turner,2025-11-03 11:38:19+00:00
PAG-639_2017_A_24_dummy5.jpg,5/1/2017,Guam-CNMI,PAG-639,dummy5,2370,2270,*TURFH,Bex.Turner,2025-11-03 11:38:19+00:00
PAG-639_2017_A_24_dummy5.jpg,5/1/2017,Guam-CNMI,PAG-639,dummy5,2376,1882,*TURFH,Bex.Turner,2025-11-03 11:38:19+00:00
PAG-639_2017_A_24_dummy5.jpg,5/1/2017,Guam-CNMI,PAG-639,dummy5,2105,2551,*POMA,Bex.Turner,2025-11-03 11:38:19+00:00
PAG-639_2017_A_24_dummy5.jpg,5/1/2017,Guam-CNMI,PAG-639,dummy5,2095,3240,*TURFH,Bex.Turner,2025-11-03 11:38:19+00:00
PAG-639_2017_A_24_dummy5.jpg,5/1/2017,Guam-CNMI,PAG-639,dummy5,2550,45,*TURFH,Bex.Turner,2025-11-03 11:38:19+00:00
PAG-642_2017_A_26_dummy5.jpg,5/1/2017,Guam-CNMI,PAG-642,dummy5,614,582,*TURFH,Bex.Turner,2025-11-03 11:45:04+00:00
PAG-642_2017_A_26_dummy5.jpg,5/1/2017,Guam-CNMI,PAG-642,dummy5,278,2809,*SHAD,Bex.Turner,2025-11-03 11:45:04+00:00
PAG-642_2017_A_26_dummy5.jpg,5/1/2017,Guam-CNMI,PAG-642,dummy5,634,2911,*SHAD,Bex.Turner,2025-11-03 11:45:04+00:00
PAG-642_2017_A_26_dummy5.jpg,5/1/2017,Guam-CNMI,PAG-642,dummy5,1127,923,*TURFH,Bex.Turner,2025-11-03 11:45:04+00:00
PAG-642_2017_A_26_dummy5.jpg,5/1/2017,Guam-CNMI,PAG-642,dummy5,1931,1149,*TURFH,Bex.Turner,2025-11-03 11:45:04+00:00
PAG-642_2017_A_26_dummy5.jpg,5/1/2017,Guam-CNMI,PAG-642,dummy5,2121,2527,*POCS,Bex.Turner,2025-11-03 11:45:04+00:00
PAG-642_2017_A_26_dummy5.jpg,5/1/2017,Guam-CNMI,PAG-642,dummy5,2711,909,*POCS,Bex.Turner,2025-11-03 11:45:04+00:00
PAG-642_2017_A_26_dummy5.jpg,5/1/2017,Guam-CNMI,PAG-642,dummy5,3152,2127,*POCS,Bex.Turner,2025-11-03 11:45:04+00:00
PAG-642_2017_A_26_dummy5.jpg,5/1/2017,Guam-CNMI,PAG-642,dummy5,2494,2501,*TURFH,Bex.Turner,2025-11-03 11:45:04+00:00
PAG-642_2017_A_26_dummy5.jpg,5/1/2017,Guam-CNMI,PAG-642,dummy5,3856,868,*POCS,Bex.Turner,2025-11-03 11:45:04+00:00
PAG-655_2017_A_12_dummy5.jpg,5/1/2017,Guam-CNMI,PAG-655,dummy5,697,2708,*TURFH,Bex.Turner,2025-11-03 11:50:42+00:00
PAG-655_2017_A_12_dummy5.jpg,5/1/2017,Guam-CNMI,PAG-655,dummy5,1822,385,*TURFH,Bex.Turner,2025-11-03 11:50:42+00:00
PAG-655_2017_A_12_dummy5.jpg,5/1/2017,Guam-CNMI,PAG-655,dummy5,1877,3158,*TURFH,Bex.Turner,2025-11-03 11:50:42+00:00
PAG-655_2017_A_12_dummy5.jpg,5/1/2017,Guam-CNMI,PAG-655,dummy5,2003,3451,*TURFH,Bex.Turner,2025-11-03 11:50:42+00:00
PAG-655_2017_A_12_dummy5.jpg,5/1/2017,Guam-CNMI,PAG-655,dummy5,1948,3945,*PESP,Bex.Turner,2025-11-03 11:50:42+00:00
PAG-655_2017_A_12_dummy5.jpg,5/1/2017,Guam-CNMI,PAG-655,dummy5,2455,3153,*TURFH,Bex.Turner,2025-11-03 11:50:42+00:00
PAG-655_2017_A_12_dummy5.jpg,5/1/2017,Guam-CNMI,PAG-655,dummy5,3300,1809,*TURFH,Bex.Turner,2025-11-03 11:50:42+00:00
PAG-655_2017_A_12_dummy5.jpg,5/1/2017,Guam-CNMI,PAG-655,dummy5,3282,1581,*TURFH,Bex.Turner,2025-11-03 11:50:42+00:00
PAG-655_2017_A_12_dummy5.jpg,5/1/2017,Guam-CNMI,PAG-655,dummy5,2984,1178,*TURFH,Bex.Turner,2025-11-03 11:50:42+00:00
PAG-655_2017_A_12_dummy5.jpg,5/1/2017,Guam-CNMI,PAG-655,dummy5,3209,4927,*TURFH,Bex.Turner,2025-11-03 11:50:42+00:00
PAG-671_2017_A_27_dummy5.jpg,5/1/2017,Guam-CNMI,PAG-671,dummy5,679,630,*CCAH,Bex.Turner,2025-11-03 12:11:35+00:00
PAG-671_2017_A_27_dummy5.jpg,5/1/2017,Guam-CNMI,PAG-671,dummy5,1454,1773,*FASP,Bex.Turner,2025-11-03 12:11:35+00:00
PAG-671_2017_A_27_dummy5.jpg,5/1/2017,Guam-CNMI,PAG-671,dummy5,1498,271,*FASP,Bex.Turner,2025-11-03 12:11:35+00:00
PAG-671_2017_A_27_dummy5.jpg,5/1/2017,Guam-CNMI,PAG-671,dummy5,2011,2464,*FASP,Bex.Turner,2025-11-03 12:11:35+00:00
PAG-671_2017_A_27_dummy5.jpg,5/1/2017,Guam-CNMI,PAG-671,dummy5,1763,3547,*TURFH,Bex.Turner,2025-11-03 12:11:35+00:00
PAG-671_2017_A_27_dummy5.jpg,5/1/2017,Guam-CNMI,PAG-671,dummy5,1519,5308,*TURFH,Bex.Turner,2025-11-03 12:11:35+00:00
PAG-671_2017_A_27_dummy5.jpg,5/1/2017,Guam-CNMI,PAG-671,dummy5,2252,2373,*FASP,Bex.Turner,2025-11-03 12:11:35+00:00
PAG-671_2017_A_27_dummy5.jpg,5/1/2017,Guam-CNMI,PAG-671,dummy5,2573,2397,*FASP,Bex.Turner,2025-11-03 12:11:35+00:00
PAG-671_2017_A_27_dummy5.jpg,5/1/2017,Guam-CNMI,PAG-671,dummy5,3403,1407,*ENC,Bex.Turner,2025-11-03 12:11:35+00:00
PAG-671_2017_A_27_dummy5.jpg,5/1/2017,Guam-CNMI,PAG-671,dummy5,3508,2323,*TURFH,Bex.Turner,2025-11-03 12:11:35+00:00
PAG-693_2017_A_19_dummy5.jpg,5/1/2017,Guam-CNMI,PAG-693,dummy5,294,596,*PLSP,Bex.Turner,2025-11-03 12:31:19+00:00
PAG-693_2017_A_19_dummy5.jpg,5/1/2017,Guam-CNMI,PAG-693,dummy5,510,2748,*TURFH,Bex.Turner,2025-11-03 12:31:19+00:00
PAG-693_2017_A_19_dummy5.jpg,5/1/2017,Guam-CNMI,PAG-693,dummy5,413,3902,*TURFH,Bex.Turner,2025-11-03 12:31:19+00:00
PAG-693_2017_A_19_dummy5.jpg,5/1/2017,Guam-CNMI,PAG-693,dummy5,609,3858,*TURFH,Bex.Turner,2025-11-03 12:31:19+00:00
PAG-693_2017_A_19_dummy5.jpg,5/1/2017,Guam-CNMI,PAG-693,dummy5,1443,1280,*TURFH,Bex.Turner,2025-11-03 12:31:19+00:00
PAG-693_2017_A_19_dummy5.jpg,5/1/2017,Guam-CNMI,PAG-693,dummy5,1455,1847,*ENC,Bex.Turner,2025-11-03 12:31:18+00:00
PAG-693_2017_A_19_dummy5.jpg,5/1/2017,Guam-CNMI,PAG-693,dummy5,1219,2856,*PAMA,Bex.Turner,2025-11-03 12:31:18+00:00
PAG-693_2017_A_19_dummy5.jpg,5/1/2017,Guam-CNMI,PAG-693,dummy5,1467,2498,*PAMA,Bex.Turner,2025-11-03 12:31:18+00:00
PAG-693_2017_A_19_dummy5.jpg,5/1/2017,Guam-CNMI,PAG-693,dummy5,2978,866,*TURFH,Bex.Turner,2025-11-03 12:31:18+00:00
PAG-693_2017_A_19_dummy5.jpg,5/1/2017,Guam-CNMI,PAG-693,dummy5,2726,3735,*TURFH,Bex.Turner,2025-11-03 12:31:18+00:00
PAG-713_2017_A_05_dummy5.jpg,5/1/2017,Guam-CNMI,PAG-713,dummy5,533,608,*TAPE,Bex.Turner,2025-11-03 13:21:04+00:00
PAG-713_2017_A_05_dummy5.jpg,5/1/2017,Guam-CNMI,PAG-713,dummy5,536,1507,*TURFH,Bex.Turner,2025-11-03 13:21:04+00:00
PAG-713_2017_A_05_dummy5.jpg,5/1/2017,Guam-CNMI,PAG-713,dummy5,1615,1896,*TURFH,Bex.Turner,2025-11-03 13:21:04+00:00
PAG-713_2017_A_05_dummy5.jpg,5/1/2017,Guam-CNMI,PAG-713,dummy5,1968,2403,*TURFH,Bex.Turner,2025-11-03 13:21:04+00:00
PAG-713_2017_A_05_dummy5.jpg,5/1/2017,Guam-CNMI,PAG-713,dummy5,1869,2827,*TURFH,Bex.Turner,2025-11-03 13:21:04+00:00
PAG-713_2017_A_05_dummy5.jpg,5/1/2017,Guam-CNMI,PAG-713,dummy5,1856,2924,*TURFH,Bex.Turner,2025-11-03 13:21:04+00:00
PAG-713_2017_A_05_dummy5.jpg,5/1/2017,Guam-CNMI,PAG-713,dummy5,2345,386,*TURFH,Bex.Turner,2025-11-03 13:21:04+00:00
PAG-713_2017_A_05_dummy5.jpg,5/1/2017,Guam-CNMI,PAG-713,dummy5,3496,258,*TURFH,Bex.Turner,2025-11-03 13:21:04+00:00
PAG-713_2017_A_05_dummy5.jpg,5/1/2017,Guam-CNMI,PAG-713,dummy5,3381,1826,*TURFH,Bex.Turner,2025-11-03 13:21:04+00:00
PAG-713_2017_A_05_dummy5.jpg,5/1/2017,Guam-CNMI,PAG-713,dummy5,3281,5038,*TURFH,Bex.Turner,2025-11-03 13:21:04+00:00
PAG-732_2017_A_02_dummy5.jpg,5/1/2017,Guam-CNMI,PAG-732,dummy5,106,821,*TURFH,Bex.Turner,2025-11-03 13:24:17+00:00
PAG-732_2017_A_02_dummy5.jpg,5/1/2017,Guam-CNMI,PAG-732,dummy5,7,2588,*TURFH,Bex.Turner,2025-11-03 13:24:17+00:00
PAG-732_2017_A_02_dummy5.jpg,5/1/2017,Guam-CNMI,PAG-732,dummy5,1558,2082,*TURFH,Bex.Turner,2025-11-03 13:24:17+00:00
PAG-732_2017_A_02_dummy5.jpg,5/1/2017,Guam-CNMI,PAG-732,dummy5,1762,3191,*HALI,Bex.Turner,2025-11-03 13:24:17+00:00
PAG-732_2017_A_02_dummy5.jpg,5/1/2017,Guam-CNMI,PAG-732,dummy5,1685,2715,*SHAD,Bex.Turner,2025-11-03 13:24:17+00:00
PAG-732_2017_A_02_dummy5.jpg,5/1/2017,Guam-CNMI,PAG-732,dummy5,1745,2414,*SHAD,Bex.Turner,2025-11-03 13:24:17+00:00
PAG-732_2017_A_02_dummy5.jpg,5/1/2017,Guam-CNMI,PAG-732,dummy5,2303,17,*SHAD,Bex.Turner,2025-11-03 13:24:17+00:00
PAG-732_2017_A_02_dummy5.jpg,5/1/2017,Guam-CNMI,PAG-732,dummy5,2106,2146,*TURFH,Bex.Turner,2025-11-03 13:24:17+00:00
PAG-732_2017_A_02_dummy5.jpg,5/1/2017,Guam-CNMI,PAG-732,dummy5,2586,2697,*ASPP,Bex.Turner,2025-11-03 13:24:17+00:00
PAG-732_2017_A_02_dummy5.jpg,5/1/2017,Guam-CNMI,PAG-732,dummy5,2472,2880,*TURFH,Bex.Turner,2025-11-03 13:24:17+00:00
PAG-747_2017_A_25_dummy5.jpg,5/1/2017,Guam-CNMI,PAG-747,dummy5,588,20,*TURFH,Bex.Turner,2025-11-03 13:33:52+00:00
PAG-747_2017_A_25_dummy5.jpg,5/1/2017,Guam-CNMI,PAG-747,dummy5,693,5060,*TURFH,Bex.Turner,2025-11-03 13:33:52+00:00
PAG-747_2017_A_25_dummy5.jpg,5/1/2017,Guam-CNMI,PAG-747,dummy5,1787,996,*PAEN,Bex.Turner,2025-11-03 13:33:52+00:00
PAG-747_2017_A_25_dummy5.jpg,5/1/2017,Guam-CNMI,PAG-747,dummy5,1543,1245,*TURFH,Bex.Turner,2025-11-03 13:33:52+00:00
PAG-747_2017_A_25_dummy5.jpg,5/1/2017,Guam-CNMI,PAG-747,dummy5,1846,4951,*TURFH,Bex.Turner,2025-11-03 13:33:52+00:00
PAG-747_2017_A_25_dummy5.jpg,5/1/2017,Guam-CNMI,PAG-747,dummy5,2683,587,*POEN,Bex.Turner,2025-11-03 13:33:52+00:00
PAG-747_2017_A_25_dummy5.jpg,5/1/2017,Guam-CNMI,PAG-747,dummy5,2597,1726,*PLSP,Bex.Turner,2025-11-03 13:33:52+00:00
PAG-747_2017_A_25_dummy5.jpg,5/1/2017,Guam-CNMI,PAG-747,dummy5,2546,5157,*TURFH,Bex.Turner,2025-11-03 13:33:52+00:00
PAG-747_2017_A_25_dummy5.jpg,5/1/2017,Guam-CNMI,PAG-747,dummy5,2387,4759,*TURFH,Bex.Turner,2025-11-03 13:33:52+00:00
PAG-747_2017_A_25_dummy5.jpg,5/1/2017,Guam-CNMI,PAG-747,dummy5,3521,916,*SHAD,Bex.Turner,2025-11-03 13:33:52+00:00
PAG-836_2017_A_15_dummy5.jpg,5/1/2017,Guam-CNMI,PAG-836,dummy5,757,465,*POCS,Bex.Turner,2025-11-03 13:35:45+00:00
PAG-836_2017_A_15_dummy5.jpg,5/1/2017,Guam-CNMI,PAG-836,dummy5,104,1394,*ENC,Bex.Turner,2025-11-03 13:35:45+00:00
PAG-836_2017_A_15_dummy5.jpg,5/1/2017,Guam-CNMI,PAG-836,dummy5,1498,2567,*CCAH,Bex.Turner,2025-11-03 13:35:44+00:00
PAG-836_2017_A_15_dummy5.jpg,5/1/2017,Guam-CNMI,PAG-836,dummy5,1674,2131,*TURFH,Bex.Turner,2025-11-03 13:35:44+00:00
PAG-836_2017_A_15_dummy5.jpg,5/1/2017,Guam-CNMI,PAG-836,dummy5,2700,333,*CCAH,Bex.Turner,2025-11-03 13:35:44+00:00
PAG-836_2017_A_15_dummy5.jpg,5/1/2017,Guam-CNMI,PAG-836,dummy5,2640,1471,*TURFH,Bex.Turner,2025-11-03 13:35:44+00:00
PAG-836_2017_A_15_dummy5.jpg,5/1/2017,Guam-CNMI,PAG-836,dummy5,2492,2714,*TURFH,Bex.Turner,2025-11-03 13:35:44+00:00
PAG-836_2017_A_15_dummy5.jpg,5/1/2017,Guam-CNMI,PAG-836,dummy5,3613,336,*TURFH,Bex.Turner,2025-11-03 13:35:44+00:00
PAG-836_2017_A_15_dummy5.jpg,5/1/2017,Guam-CNMI,PAG-836,dummy5,3795,1758,*SHAD,Bex.Turner,2025-11-03 13:35:44+00:00
PAG-836_2017_A_15_dummy5.jpg,5/1/2017,Guam-CNMI,PAG-836,dummy5,3374,1490,*SHAD,Bex.Turner,2025-11-03 13:35:44+00:00
PAG-886_2017_A_13_dummy5.jpg,5/1/2017,Guam-CNMI,PAG-886,dummy5,42,612,*TURFH,Bex.Turner,2025-11-03 13:41:33+00:00
PAG-886_2017_A_13_dummy5.jpg,5/1/2017,Guam-CNMI,PAG-886,dummy5,137,954,*TURFH,Bex.Turner,2025-11-03 13:41:33+00:00
PAG-886_2017_A_13_dummy5.jpg,5/1/2017,Guam-CNMI,PAG-886,dummy5,599,1972,*PAMA,Bex.Turner,2025-11-03 13:41:33+00:00
PAG-886_2017_A_13_dummy5.jpg,5/1/2017,Guam-CNMI,PAG-886,dummy5,691,2049,*PAMA,Bex.Turner,2025-11-03 13:41:33+00:00
PAG-886_2017_A_13_dummy5.jpg,5/1/2017,Guam-CNMI,PAG-886,dummy5,1527,891,*TURFH,Bex.Turner,2025-11-03 13:41:33+00:00
PAG-886_2017_A_13_dummy5.jpg,5/1/2017,Guam-CNMI,PAG-886,dummy5,2341,155,*TURFH,Bex.Turner,2025-11-03 13:41:33+00:00
PAG-886_2017_A_13_dummy5.jpg,5/1/2017,Guam-CNMI,PAG-886,dummy5,1674,1250,*TURFH,Bex.Turner,2025-11-03 13:41:33+00:00
PAG-886_2017_A_13_dummy5.jpg,5/1/2017,Guam-CNMI,PAG-886,dummy5,1981,2303,*PAMA,Bex.Turner,2025-11-03 13:41:33+00:00
PAG-886_2017_A_13_dummy5.jpg,5/1/2017,Guam-CNMI,PAG-886,dummy5,3550,14,*HALI,Bex.Turner,2025-11-03 13:41:33+00:00
PAG-886_2017_A_13_dummy5.jpg,5/1/2017,Guam-CNMI,PAG-886,dummy5,3609,1558,*TURFH,Bex.Turner,2025-11-03 13:41:33+00:00
PAG-891_2017_B_04_dummy5.jpg,5/1/2017,Guam-CNMI,PAG-891,dummy5,14,1264,*TURFH,Bex.Turner,2025-11-03 13:43:01+00:00
PAG-891_2017_B_04_dummy5.jpg,5/1/2017,Guam-CNMI,PAG-891,dummy5,470,3109,*TURFH,Bex.Turner,2025-11-03 13:43:01+00:00
PAG-891_2017_B_04_dummy5.jpg,5/1/2017,Guam-CNMI,PAG-891,dummy5,173,3190,*TURFH,Bex.Turner,2025-11-03 13:43:01+00:00
PAG-891_2017_B_04_dummy5.jpg,5/1/2017,Guam-CNMI,PAG-891,dummy5,1730,241,*TURFH,Bex.Turner,2025-11-03 13:43:01+00:00
PAG-891_2017_B_04_dummy5.jpg,5/1/2017,Guam-CNMI,PAG-891,dummy5,1672,375,*TURFH,Bex.Turner,2025-11-03 13:43:01+00:00
PAG-891_2017_B_04_dummy5.jpg,5/1/2017,Guam-CNMI,PAG-891,dummy5,1478,510,*TURFH,Bex.Turner,2025-11-03 13:43:01+00:00
PAG-891_2017_B_04_dummy5.jpg,5/1/2017,Guam-CNMI,PAG-891,dummy5,1606,364,*TURFH,Bex.Turner,2025-11-03 13:43:01+00:00
PAG-891_2017_B_04_dummy5.jpg,5/1/2017,Guam-CNMI,PAG-891,dummy5,1584,1733,*PAEN,Bex.Turner,2025-11-03 13:43:01+00:00
PAG-891_2017_B_04_dummy5.jpg,5/1/2017,Guam-CNMI,PAG-891,dummy5,2108,3493,*TURFH,Bex.Turner,2025-11-03 13:43:01+00:00
PAG-891_2017_B_04_dummy5.jpg,5/1/2017,Guam-CNMI,PAG-891,dummy5,2826,1455,*TURFH,Bex.Turner,2025-11-03 13:43:01+00:00
PAG-899_2017_B_03_dummy5.jpg,5/1/2017,Guam-CNMI,PAG-899,dummy5,340,3006,*CCAH,Bex.Turner,2025-11-03 13:45:23+00:00
PAG-899_2017_B_03_dummy5.jpg,5/1/2017,Guam-CNMI,PAG-899,dummy5,732,61,*TURFH,Bex.Turner,2025-11-03 13:45:23+00:00
PAG-899_2017_B_03_dummy5.jpg,5/1/2017,Guam-CNMI,PAG-899,dummy5,1102,1212,*TURFH,Bex.Turner,2025-11-03 13:45:23+00:00
PAG-899_2017_B_03_dummy5.jpg,5/1/2017,Guam-CNMI,PAG-899,dummy5,2301,669,*TURFH,Bex.Turner,2025-11-03 13:45:23+00:00
PAG-899_2017_B_03_dummy5.jpg,5/1/2017,Guam-CNMI,PAG-899,dummy5,1837,69,*CCAH,Bex.Turner,2025-11-03 13:45:23+00:00
PAG-899_2017_B_03_dummy5.jpg,5/1/2017,Guam-CNMI,PAG-899,dummy5,2373,1392,*ASPP,Bex.Turner,2025-11-03 13:45:23+00:00
PAG-899_2017_B_03_dummy5.jpg,5/1/2017,Guam-CNMI,PAG-899,dummy5,1883,2380,*POEN,Bex.Turner,2025-11-03 13:45:23+00:00
PAG-899_2017_B_03_dummy5.jpg,5/1/2017,Guam-CNMI,PAG-899,dummy5,2039,2893,*CCAH,Bex.Turner,2025-11-03 13:45:23+00:00
PAG-899_2017_B_03_dummy5.jpg,5/1/2017,Guam-CNMI,PAG-899,dummy5,2733,87,*SHAD,Bex.Turner,2025-11-03 13:45:23+00:00
PAG-899_2017_B_03_dummy5.jpg,5/1/2017,Guam-CNMI,PAG-899,dummy5,2762,2871,*CCAH,Bex.Turner,2025-11-03 13:45:23+00:00
PAG-997_2017_A_04_dummy5.jpg,5/1/2017,Guam-CNMI,PAG-997,dummy5,732,1414,*CCAH,Bex.Turner,2025-11-03 13:50:47+00:00
PAG-997_2017_A_04_dummy5.jpg,5/1/2017,Guam-CNMI,PAG-997,dummy5,1287,1503,*FASP,Bex.Turner,2025-11-03 13:50:47+00:00
PAG-997_2017_A_04_dummy5.jpg,5/1/2017,Guam-CNMI,PAG-997,dummy5,1022,2771,*TURFH,Bex.Turner,2025-11-03 13:50:46+00:00
PAG-997_2017_A_04_dummy5.jpg,5/1/2017,Guam-CNMI,PAG-997,dummy5,1201,2825,*TURFH,Bex.Turner,2025-11-03 13:50:46+00:00
PAG-997_2017_A_04_dummy5.jpg,5/1/2017,Guam-CNMI,PAG-997,dummy5,1678,921,*TURFH,Bex.Turner,2025-11-03 13:50:46+00:00
PAG-997_2017_A_04_dummy5.jpg,5/1/2017,Guam-CNMI,PAG-997,dummy5,2845,1379,*SHAD,Bex.Turner,2025-11-03 13:50:46+00:00
PAG-997_2017_A_04_dummy5.jpg,5/1/2017,Guam-CNMI,PAG-997,dummy5,2944,1960,*CCAH,Bex.Turner,2025-11-03 13:50:46+00:00
PAG-997_2017_A_04_dummy5.jpg,5/1/2017,Guam-CNMI,PAG-997,dummy5,3656,77,*CCAH,Bex.Turner,2025-11-03 13:50:46+00:00
PAG-997_2017_A_04_dummy5.jpg,5/1/2017,Guam-CNMI,PAG-997,dummy5,3774,1893,*TURFH,Bex.Turner,2025-11-03 13:50:46+00:00
PAG-997_2017_A_04_dummy5.jpg,5/1/2017,Guam-CNMI,PAG-997,dummy5,3327,2318,*CCAH,Bex.Turner,2025-11-03 13:50:46+00:00
ROT-830_IMG_1861_dummy5.jpg,6/1/2022,Guam-CNMI,ROT-830,dummy5,829,410,*PESP,Bex.Turner,2025-11-03 13:54:07+00:00
ROT-830_IMG_1861_dummy5.jpg,6/1/2022,Guam-CNMI,ROT-830,dummy5,2093,651,*EMA,Bex.Turner,2025-11-03 13:54:07+00:00
ROT-830_IMG_1861_dummy5.jpg,6/1/2022,Guam-CNMI,ROT-830,dummy5,2114,2782,*GONS,Bex.Turner,2025-11-03 13:54:07+00:00
ROT-830_IMG_1861_dummy5.jpg,6/1/2022,Guam-CNMI,ROT-830,dummy5,2554,131,*TURFH,Bex.Turner,2025-11-03 13:54:07+00:00
ROT-830_IMG_1861_dummy5.jpg,6/1/2022,Guam-CNMI,ROT-830,dummy5,2675,728,*HALI,Bex.Turner,2025-11-03 13:54:06+00:00
ROT-830_IMG_1861_dummy5.jpg,6/1/2022,Guam-CNMI,ROT-830,dummy5,2223,760,*CCAH,Bex.Turner,2025-11-03 13:54:06+00:00
ROT-830_IMG_1861_dummy5.jpg,6/1/2022,Guam-CNMI,ROT-830,dummy5,2933,2313,*GONS,Bex.Turner,2025-11-03 13:54:06+00:00
ROT-830_IMG_1861_dummy5.jpg,6/1/2022,Guam-CNMI,ROT-830,dummy5,2868,3499,*EMA,Bex.Turner,2025-11-03 13:54:06+00:00
ROT-830_IMG_1861_dummy5.jpg,6/1/2022,Guam-CNMI,ROT-830,dummy5,3600,1240,*GONS,Bex.Turner,2025-11-03 13:54:06+00:00
ROT-830_IMG_1861_dummy5.jpg,6/1/2022,Guam-CNMI,ROT-830,dummy5,3521,2632,*SHAD,Bex.Turner,2025-11-03 13:54:06+00:00
ROT-840_IMG_1799_dummy5.jpg,6/1/2022,Guam-CNMI,ROT-840,dummy5,476,335,*CCAH,Bex.Turner,2025-11-03 13:55:23+00:00
ROT-840_IMG_1799_dummy5.jpg,6/1/2022,Guam-CNMI,ROT-840,dummy5,568,2866,*PESP,Bex.Turner,2025-11-03 13:55:23+00:00
ROT-840_IMG_1799_dummy5.jpg,6/1/2022,Guam-CNMI,ROT-840,dummy5,1271,1936,*CCAH,Bex.Turner,2025-11-03 13:55:23+00:00
ROT-840_IMG_1799_dummy5.jpg,6/1/2022,Guam-CNMI,ROT-840,dummy5,1797,2690,*PESP,Bex.Turner,2025-11-03 13:55:23+00:00
ROT-840_IMG_1799_dummy5.jpg,6/1/2022,Guam-CNMI,ROT-840,dummy5,2165,4835,*CCAH,Bex.Turner,2025-11-03 13:55:23+00:00
ROT-840_IMG_1799_dummy5.jpg,6/1/2022,Guam-CNMI,ROT-840,dummy5,1585,4512,*TURFH,Bex.Turner,2025-11-03 13:55:23+00:00
ROT-840_IMG_1799_dummy5.jpg,6/1/2022,Guam-CNMI,ROT-840,dummy5,2214,1602,*CCAH,Bex.Turner,2025-11-03 13:55:23+00:00
ROT-840_IMG_1799_dummy5.jpg,6/1/2022,Guam-CNMI,ROT-840,dummy5,2731,2024,*CCAH,Bex.Turner,2025-11-03 13:55:22+00:00
ROT-840_IMG_1799_dummy5.jpg,6/1/2022,Guam-CNMI,ROT-840,dummy5,2328,2289,*CCAH,Bex.Turner,2025-11-03 13:55:22+00:00
ROT-840_IMG_1799_dummy5.jpg,6/1/2022,Guam-CNMI,ROT-840,dummy5,2503,5397,*CCAH,Bex.Turner,2025-11-03 13:55:22+00:00
ROT-845_IMG_1917_dummy5.jpg,6/1/2022,Guam-CNMI,ROT-845,dummy5,574,1757,*TURFH,Bex.Turner,2025-11-03 13:55:56+00:00
ROT-845_IMG_1917_dummy5.jpg,6/1/2022,Guam-CNMI,ROT-845,dummy5,591,2854,*TURFH,Bex.Turner,2025-11-03 13:55:56+00:00
ROT-845_IMG_1917_dummy5.jpg,6/1/2022,Guam-CNMI,ROT-845,dummy5,1125,1304,*TURFH,Bex.Turner,2025-11-03 13:55:56+00:00
ROT-845_IMG_1917_dummy5.jpg,6/1/2022,Guam-CNMI,ROT-845,dummy5,1501,530,*TURFH,Bex.Turner,2025-11-03 13:55:56+00:00
ROT-845_IMG_1917_dummy5.jpg,6/1/2022,Guam-CNMI,ROT-845,dummy5,1868,1120,*TURFH,Bex.Turner,2025-11-03 13:55:56+00:00
ROT-845_IMG_1917_dummy5.jpg,6/1/2022,Guam-CNMI,ROT-845,dummy5,1855,3211,*TURFH,Bex.Turner,2025-11-03 13:55:56+00:00
ROT-845_IMG_1917_dummy5.jpg,6/1/2022,Guam-CNMI,ROT-845,dummy5,2632,3751,*TURFH,Bex.Turner,2025-11-03 13:55:56+00:00
ROT-845_IMG_1917_dummy5.jpg,6/1/2022,Guam-CNMI,ROT-845,dummy5,2332,4412,*TURFH,Bex.Turner,2025-11-03 13:55:56+00:00
ROT-845_IMG_1917_dummy5.jpg,6/1/2022,Guam-CNMI,ROT-845,dummy5,3048,3681,*TURFH,Bex.Turner,2025-11-03 13:55:56+00:00
ROT-845_IMG_1917_dummy5.jpg,6/1/2022,Guam-CNMI,ROT-845,dummy5,3465,3555,*TURFH,Bex.Turner,2025-11-03 13:55:56+00:00
ROT-845_IMG_1926_dummy5.jpg,6/1/2022,Guam-CNMI,ROT-845,dummy5,338,150,*PESP,Bex.Turner,2025-11-03 13:57:57+00:00
ROT-845_IMG_1926_dummy5.jpg,6/1/2022,Guam-CNMI,ROT-845,dummy5,116,1086,*TURFH,Bex.Turner,2025-11-03 13:57:56+00:00
ROT-845_IMG_1926_dummy5.jpg,6/1/2022,Guam-CNMI,ROT-845,dummy5,137,3094,*HALI,Bex.Turner,2025-11-03 13:57:56+00:00
ROT-845_IMG_1926_dummy5.jpg,6/1/2022,Guam-CNMI,ROT-845,dummy5,252,3406,*TURFH,Bex.Turner,2025-11-03 13:57:56+00:00
ROT-845_IMG_1926_dummy5.jpg,6/1/2022,Guam-CNMI,ROT-845,dummy5,1187,371,*HALI,Bex.Turner,2025-11-03 13:57:56+00:00
ROT-845_IMG_1926_dummy5.jpg,6/1/2022,Guam-CNMI,ROT-845,dummy5,1985,635,*TURFH,Bex.Turner,2025-11-03 13:57:56+00:00
ROT-845_IMG_1926_dummy5.jpg,6/1/2022,Guam-CNMI,ROT-845,dummy5,1941,3942,*HALI,Bex.Turner,2025-11-03 13:57:56+00:00
ROT-845_IMG_1926_dummy5.jpg,6/1/2022,Guam-CNMI,ROT-845,dummy5,2691,1704,*TURFH,Bex.Turner,2025-11-03 13:57:56+00:00
ROT-845_IMG_1926_dummy5.jpg,6/1/2022,Guam-CNMI,ROT-845,dummy5,2907,3877,*TURFH,Bex.Turner,2025-11-03 13:57:56+00:00
ROT-845_IMG_1926_dummy5.jpg,6/1/2022,Guam-CNMI,ROT-845,dummy5,3281,3544,*HALI,Bex.Turner,2025-11-03 13:57:56+00:00
ROT-848_IMG_0902_dummy5.jpg,6/1/2022,Guam-CNMI,ROT-848,dummy5,295,927,*TURFH,Bex.Turner,2025-11-03 14:03:40+00:00
ROT-848_IMG_0902_dummy5.jpg,6/1/2022,Guam-CNMI,ROT-848,dummy5,715,1771,*HALI,Bex.Turner,2025-11-03 14:03:40+00:00
ROT-848_IMG_0902_dummy5.jpg,6/1/2022,Guam-CNMI,ROT-848,dummy5,10,1478,*SHAD,Bex.Turner,2025-11-03 14:03:40+00:00
ROT-848_IMG_0902_dummy5.jpg,6/1/2022,Guam-CNMI,ROT-848,dummy5,1073,3470,*CCAH,Bex.Turner,2025-11-03 14:03:40+00:00
ROT-848_IMG_0902_dummy5.jpg,6/1/2022,Guam-CNMI,ROT-848,dummy5,1560,850,*GRMA,Bex.Turner,2025-11-03 14:03:40+00:00
ROT-848_IMG_0902_dummy5.jpg,6/1/2022,Guam-CNMI,ROT-848,dummy5,1529,2077,*CCAH,Bex.Turner,2025-11-03 14:03:40+00:00
ROT-848_IMG_0902_dummy5.jpg,6/1/2022,Guam-CNMI,ROT-848,dummy5,1323,2002,*CCAH,Bex.Turner,2025-11-03 14:03:40+00:00
ROT-848_IMG_0902_dummy5.jpg,6/1/2022,Guam-CNMI,ROT-848,dummy5,2114,2573,*TURFH,Bex.Turner,2025-11-03 14:03:40+00:00
ROT-848_IMG_0902_dummy5.jpg,6/1/2022,Guam-CNMI,ROT-848,dummy5,4187,2079,*CCAH,Bex.Turner,2025-11-03 14:03:40+00:00
ROT-848_IMG_0902_dummy5.jpg,6/1/2022,Guam-CNMI,ROT-848,dummy5,4591,2421,*TURFH,Bex.Turner,2025-11-03 14:03:40+00:00
ROT-848_IMG_0903_dummy5.jpg,6/1/2022,Guam-CNMI,ROT-848,dummy5,597,1003,*TURFH,Bex.Turner,2025-11-03 14:04:32+00:00
ROT-848_IMG_0903_dummy5.jpg,6/1/2022,Guam-CNMI,ROT-848,dummy5,1028,1283,*TURFH,Bex.Turner,2025-11-03 14:04:32+00:00
ROT-848_IMG_0903_dummy5.jpg,6/1/2022,Guam-CNMI,ROT-848,dummy5,1745,2675,*TURFH,Bex.Turner,2025-11-03 14:04:32+00:00
ROT-848_IMG_0903_dummy5.jpg,6/1/2022,Guam-CNMI,ROT-848,dummy5,1671,2347,*CCAH,Bex.Turner,2025-11-03 14:04:32+00:00
ROT-848_IMG_0903_dummy5.jpg,6/1/2022,Guam-CNMI,ROT-848,dummy5,2809,83,*CCAH,Bex.Turner,2025-11-03 14:04:32+00:00
ROT-848_IMG_0903_dummy5.jpg,6/1/2022,Guam-CNMI,ROT-848,dummy5,3522,1855,*TURFH,Bex.Turner,2025-11-03 14:04:32+00:00
ROT-848_IMG_0903_dummy5.jpg,6/1/2022,Guam-CNMI,ROT-848,dummy5,3290,3200,*CCAH,Bex.Turner,2025-11-03 14:04:32+00:00
ROT-848_IMG_0903_dummy5.jpg,6/1/2022,Guam-CNMI,ROT-848,dummy5,3383,3211,*TURFH,Bex.Turner,2025-11-03 14:04:32+00:00
ROT-848_IMG_0903_dummy5.jpg,6/1/2022,Guam-CNMI,ROT-848,dummy5,4890,71,*CCAH,Bex.Turner,2025-11-03 14:04:32+00:00
ROT-848_IMG_0903_dummy5.jpg,6/1/2022,Guam-CNMI,ROT-848,dummy5,4841,3579,*TURFH,Bex.Turner,2025-11-03 14:04:32+00:00
ROT-866_IMG_2363_dummy5.jpg,6/1/2022,Guam-CNMI,ROT-866,dummy5,459,2214,*SHAD,Bex.Turner,2025-11-03 14:05:29+00:00
ROT-866_IMG_2363_dummy5.jpg,6/1/2022,Guam-CNMI,ROT-866,dummy5,2117,38,*TURFH,Bex.Turner,2025-11-03 14:05:29+00:00
ROT-866_IMG_2363_dummy5.jpg,6/1/2022,Guam-CNMI,ROT-866,dummy5,1587,1608,*TURFH,Bex.Turner,2025-11-03 14:05:29+00:00
ROT-866_IMG_2363_dummy5.jpg,6/1/2022,Guam-CNMI,ROT-866,dummy5,1189,2721,*TURFH,Bex.Turner,2025-11-03 14:05:29+00:00
ROT-866_IMG_2363_dummy5.jpg,6/1/2022,Guam-CNMI,ROT-866,dummy5,2431,137,*SAND,Bex.Turner,2025-11-03 14:05:29+00:00
ROT-866_IMG_2363_dummy5.jpg,6/1/2022,Guam-CNMI,ROT-866,dummy5,2293,1095,*TURFH,Bex.Turner,2025-11-03 14:05:29+00:00
ROT-866_IMG_2363_dummy5.jpg,6/1/2022,Guam-CNMI,ROT-866,dummy5,2382,3641,*TURFH,Bex.Turner,2025-11-03 14:05:29+00:00
ROT-866_IMG_2363_dummy5.jpg,6/1/2022,Guam-CNMI,ROT-866,dummy5,4167,1567,*TURFH,Bex.Turner,2025-11-03 14:05:29+00:00
ROT-866_IMG_2363_dummy5.jpg,6/1/2022,Guam-CNMI,ROT-866,dummy5,3365,3479,*TURFH,Bex.Turner,2025-11-03 14:05:29+00:00
ROT-866_IMG_2363_dummy5.jpg,6/1/2022,Guam-CNMI,ROT-866,dummy5,4798,2205,*TURFH,Bex.Turner,2025-11-03 14:05:29+00:00
ROT-UNK_IMG_5773_dummy5.JPG,6/1/2022,Guam-CNMI,ROT-UNK,dummy5,87,5412,*GRMA,Bex.Turner,2025-11-03 14:06:23+00:00
ROT-UNK_IMG_5773_dummy5.JPG,6/1/2022,Guam-CNMI,ROT-UNK,dummy5,1060,2567,*TURFH,Bex.Turner,2025-11-03 14:06:23+00:00
ROT-UNK_IMG_5773_dummy5.JPG,6/1/2022,Guam-CNMI,ROT-UNK,dummy5,1016,2548,*TURFH,Bex.Turner,2025-11-03 14:06:23+00:00
ROT-UNK_IMG_5773_dummy5.JPG,6/1/2022,Guam-CNMI,ROT-UNK,dummy5,1356,3912,*CCAH,Bex.Turner,2025-11-03 14:06:22+00:00
ROT-UNK_IMG_5773_dummy5.JPG,6/1/2022,Guam-CNMI,ROT-UNK,dummy5,1540,557,*TURFH,Bex.Turner,2025-11-03 14:06:22+00:00
ROT-UNK_IMG_5773_dummy5.JPG,6/1/2022,Guam-CNMI,ROT-UNK,dummy5,2489,36,*TURFH,Bex.Turner,2025-11-03 14:06:22+00:00
ROT-UNK_IMG_5773_dummy5.JPG,6/1/2022,Guam-CNMI,ROT-UNK,dummy5,2864,1429,*TURFH,Bex.Turner,2025-11-03 14:06:22+00:00
ROT-UNK_IMG_5773_dummy5.JPG,6/1/2022,Guam-CNMI,ROT-UNK,dummy5,2768,1631,*TURFH,Bex.Turner,2025-11-03 14:06:22+00:00
ROT-UNK_IMG_5773_dummy5.JPG,6/1/2022,Guam-CNMI,ROT-UNK,dummy5,2735,3499,*PESP,Bex.Turner,2025-11-03 14:06:22+00:00
ROT-UNK_IMG_5773_dummy5.JPG,6/1/2022,Guam-CNMI,ROT-UNK,dummy5,2951,1061,*CCAH,Bex.Turner,2025-11-03 14:06:22+00:00
SAI-1820_IMG_0893_dummy5.jpg,6/1/2022,Guam-CNMI,SAI-1820,dummy5,289,2420,*TURFH,Bex.Turner,2025-11-03 14:08:27+00:00
SAI-1820_IMG_0893_dummy5.jpg,6/1/2022,Guam-CNMI,SAI-1820,dummy5,1643,1506,*TURFH,Bex.Turner,2025-11-03 14:08:27+00:00
SAI-1820_IMG_0893_dummy5.jpg,6/1/2022,Guam-CNMI,SAI-1820,dummy5,2592,379,*TURFH,Bex.Turner,2025-11-03 14:08:27+00:00
SAI-1820_IMG_0893_dummy5.jpg,6/1/2022,Guam-CNMI,SAI-1820,dummy5,3840,1146,*TURFH,Bex.Turner,2025-11-03 14:08:27+00:00
SAI-1820_IMG_0893_dummy5.jpg,6/1/2022,Guam-CNMI,SAI-1820,dummy5,3842,1891,*TURFH,Bex.Turner,2025-11-03 14:08:27+00:00
SAI-1820_IMG_0893_dummy5.jpg,6/1/2022,Guam-CNMI,SAI-1820,dummy5,3815,2692,*HARD,Bex.Turner,2025-11-03 14:08:27+00:00
SAI-1820_IMG_0893_dummy5.jpg,6/1/2022,Guam-CNMI,SAI-1820,dummy5,3831,2611,*ENC,Bex.Turner,2025-11-03 14:08:27+00:00
SAI-1820_IMG_0893_dummy5.jpg,6/1/2022,Guam-CNMI,SAI-1820,dummy5,4462,1936,*HARD,Bex.Turner,2025-11-03 14:08:27+00:00
SAI-1820_IMG_0893_dummy5.jpg,6/1/2022,Guam-CNMI,SAI-1820,dummy5,4753,2537,*TURFH,Bex.Turner,2025-11-03 14:08:27+00:00
SAI-1820_IMG_0893_dummy5.jpg,6/1/2022,Guam-CNMI,SAI-1820,dummy5,5013,2348,*TURFH,Bex.Turner,2025-11-03 14:08:27+00:00
SAI-1822_IMG_2077_dummy5.jpg,6/1/2022,Guam-CNMI,SAI-1822,dummy5,303,877,*TURFH,Bex.Turner,2025-11-03 14:11:11+00:00
SAI-1822_IMG_2077_dummy5.jpg,6/1/2022,Guam-CNMI,SAI-1822,dummy5,61,2238,*TURFH,Bex.Turner,2025-11-03 14:11:11+00:00
SAI-1822_IMG_2077_dummy5.jpg,6/1/2022,Guam-CNMI,SAI-1822,dummy5,1296,4887,*TURFH,Bex.Turner,2025-11-03 14:11:11+00:00
SAI-1822_IMG_2077_dummy5.jpg,6/1/2022,Guam-CNMI,SAI-1822,dummy5,1688,42,*TURFH,Bex.Turner,2025-11-03 14:11:11+00:00
SAI-1822_IMG_2077_dummy5.jpg,6/1/2022,Guam-CNMI,SAI-1822,dummy5,2073,2636,*CCAH,Bex.Turner,2025-11-03 14:11:11+00:00
SAI-1822_IMG_2077_dummy5.jpg,6/1/2022,Guam-CNMI,SAI-1822,dummy5,2693,1447,*CCAH,Bex.Turner,2025-11-03 14:11:11+00:00
SAI-1822_IMG_2077_dummy5.jpg,6/1/2022,Guam-CNMI,SAI-1822,dummy5,2809,4992,*POEN,Bex.Turner,2025-11-03 14:11:11+00:00
SAI-1822_IMG_2077_dummy5.jpg,6/1/2022,Guam-CNMI,SAI-1822,dummy5,3042,2844,*TURFH,Bex.Turner,2025-11-03 14:11:11+00:00
SAI-1822_IMG_2077_dummy5.jpg,6/1/2022,Guam-CNMI,SAI-1822,dummy5,3605,3033,*POEN,Bex.Turner,2025-11-03 14:11:11+00:00
SAI-1822_IMG_2077_dummy5.jpg,6/1/2022,Guam-CNMI,SAI-1822,dummy5,2988,2637,*CCAH,Bex.Turner,2025-11-03 14:11:11+00:00
SAI-1822_IMG_2102_dummy5.jpg,6/1/2022,Guam-CNMI,SAI-1822,dummy5,289,3026,*CCAH,Bex.Turner,2025-11-03 14:12:44+00:00
SAI-1822_IMG_2102_dummy5.jpg,6/1/2022,Guam-CNMI,SAI-1822,dummy5,579,3114,*TURFH,Bex.Turner,2025-11-03 14:12:44+00:00
SAI-1822_IMG_2102_dummy5.jpg,6/1/2022,Guam-CNMI,SAI-1822,dummy5,73,2966,*CCAH,Bex.Turner,2025-11-03 14:12:44+00:00
SAI-1822_IMG_2102_dummy5.jpg,6/1/2022,Guam-CNMI,SAI-1822,dummy5,2070,51,*SHAD,Bex.Turner,2025-11-03 14:12:44+00:00
SAI-1822_IMG_2102_dummy5.jpg,6/1/2022,Guam-CNMI,SAI-1822,dummy5,1655,1043,*TURFH,Bex.Turner,2025-11-03 14:12:44+00:00
SAI-1822_IMG_2102_dummy5.jpg,6/1/2022,Guam-CNMI,SAI-1822,dummy5,3961,1700,*CCAH,Bex.Turner,2025-11-03 14:12:44+00:00
SAI-1822_IMG_2102_dummy5.jpg,6/1/2022,Guam-CNMI,SAI-1822,dummy5,3965,3395,*POCS,Bex.Turner,2025-11-03 14:12:44+00:00
SAI-1822_IMG_2102_dummy5.jpg,6/1/2022,Guam-CNMI,SAI-1822,dummy5,4614,1048,*TURFH,Bex.Turner,2025-11-03 14:12:44+00:00
SAI-1822_IMG_2102_dummy5.jpg,6/1/2022,Guam-CNMI,SAI-1822,dummy5,4945,1656,*CCAH,Bex.Turner,2025-11-03 14:12:44+00:00
SAI-1822_IMG_2102_dummy5.jpg,6/1/2022,Guam-CNMI,SAI-1822,dummy5,4446,2163,*TURFH,Bex.Turner,2025-11-03 14:12:44+00:00
SAI-1838_IMG_0564_dummy5.jpg,6/1/2022,Guam-CNMI,SAI-1838,dummy5,976,866,*TURFH,Bex.Turner,2025-11-03 14:15:13+00:00
SAI-1838_IMG_0564_dummy5.jpg,6/1/2022,Guam-CNMI,SAI-1838,dummy5,2029,519,*TURFH,Bex.Turner,2025-11-03 14:15:13+00:00
SAI-1838_IMG_0564_dummy5.jpg,6/1/2022,Guam-CNMI,SAI-1838,dummy5,1766,448,*TURFH,Bex.Turner,2025-11-03 14:15:13+00:00
SAI-1838_IMG_0564_dummy5.jpg,6/1/2022,Guam-CNMI,SAI-1838,dummy5,1976,437,*TURFH,Bex.Turner,2025-11-03 14:15:13+00:00
SAI-1838_IMG_0564_dummy5.jpg,6/1/2022,Guam-CNMI,SAI-1838,dummy5,2091,4016,*TURFH,Bex.Turner,2025-11-03 14:15:13+00:00
SAI-1838_IMG_0564_dummy5.jpg,6/1/2022,Guam-CNMI,SAI-1838,dummy5,2045,4703,*TURFH,Bex.Turner,2025-11-03 14:15:13+00:00
SAI-1838_IMG_0564_dummy5.jpg,6/1/2022,Guam-CNMI,SAI-1838,dummy5,2388,947,*PAMA,Bex.Turner,2025-11-03 14:15:13+00:00
SAI-1838_IMG_0564_dummy5.jpg,6/1/2022,Guam-CNMI,SAI-1838,dummy5,2894,2890,*CCAH,Bex.Turner,2025-11-03 14:15:13+00:00
SAI-1838_IMG_0564_dummy5.jpg,6/1/2022,Guam-CNMI,SAI-1838,dummy5,2304,4309,*TURFH,Bex.Turner,2025-11-03 14:15:13+00:00
SAI-1838_IMG_0564_dummy5.jpg,6/1/2022,Guam-CNMI,SAI-1838,dummy5,3602,1083,*TURFH,Bex.Turner,2025-11-03 14:15:13+00:00
SAI-1852_IMG_1774_dummy5.jpg,6/1/2022,Guam-CNMI,SAI-1852,dummy5,147,5089,*SAND,Bex.Turner,2025-11-03 14:17:03+00:00
SAI-1852_IMG_1774_dummy5.jpg,6/1/2022,Guam-CNMI,SAI-1852,dummy5,601,4930,*SAND,Bex.Turner,2025-11-03 14:17:03+00:00
SAI-1852_IMG_1774_dummy5.jpg,6/1/2022,Guam-CNMI,SAI-1852,dummy5,976,738,*TURFH,Bex.Turner,2025-11-03 14:17:03+00:00
SAI-1852_IMG_1774_dummy5.jpg,6/1/2022,Guam-CNMI,SAI-1852,dummy5,782,575,*SAND,Bex.Turner,2025-11-03 14:17:02+00:00
SAI-1852_IMG_1774_dummy5.jpg,6/1/2022,Guam-CNMI,SAI-1852,dummy5,2003,358,*SAND,Bex.Turner,2025-11-03 14:17:02+00:00
SAI-1852_IMG_1774_dummy5.jpg,6/1/2022,Guam-CNMI,SAI-1852,dummy5,1560,2483,*CCAR,Bex.Turner,2025-11-03 14:17:02+00:00
SAI-1852_IMG_1774_dummy5.jpg,6/1/2022,Guam-CNMI,SAI-1852,dummy5,2030,3594,*SAND,Bex.Turner,2025-11-03 14:17:02+00:00
SAI-1852_IMG_1774_dummy5.jpg,6/1/2022,Guam-CNMI,SAI-1852,dummy5,1601,4028,*ENC,Bex.Turner,2025-11-03 14:17:02+00:00
SAI-1852_IMG_1774_dummy5.jpg,6/1/2022,Guam-CNMI,SAI-1852,dummy5,3384,2724,*SAND,Bex.Turner,2025-11-03 14:17:02+00:00
SAI-1852_IMG_1774_dummy5.jpg,6/1/2022,Guam-CNMI,SAI-1852,dummy5,3067,4098,*TURFH,Bex.Turner,2025-11-03 14:17:02+00:00
SAI-1854_IMG_0691_dummy5.jpg,6/1/2022,Guam-CNMI,SAI-1854,dummy5,723,1384,*TURFH,Bex.Turner,2025-11-03 14:22:47+00:00
SAI-1854_IMG_0691_dummy5.jpg,6/1/2022,Guam-CNMI,SAI-1854,dummy5,1686,1710,*PESP,Bex.Turner,2025-11-03 14:22:46+00:00
SAI-1854_IMG_0691_dummy5.jpg,6/1/2022,Guam-CNMI,SAI-1854,dummy5,1822,2476,*ASTS,Bex.Turner,2025-11-03 14:22:46+00:00
SAI-1854_IMG_0691_dummy5.jpg,6/1/2022,Guam-CNMI,SAI-1854,dummy5,1189,2698,*ASTS,Bex.Turner,2025-11-03 14:22:46+00:00
SAI-1854_IMG_0691_dummy5.jpg,6/1/2022,Guam-CNMI,SAI-1854,dummy5,1996,2909,*TURFH,Bex.Turner,2025-11-03 14:22:46+00:00
SAI-1854_IMG_0691_dummy5.jpg,6/1/2022,Guam-CNMI,SAI-1854,dummy5,2475,415,*PHSP,Bex.Turner,2025-11-03 14:22:46+00:00
SAI-1854_IMG_0691_dummy5.jpg,6/1/2022,Guam-CNMI,SAI-1854,dummy5,2634,758,*POEN,Bex.Turner,2025-11-03 14:22:46+00:00
SAI-1854_IMG_0691_dummy5.jpg,6/1/2022,Guam-CNMI,SAI-1854,dummy5,3682,3274,*TURFH,Bex.Turner,2025-11-03 14:22:46+00:00
SAI-1854_IMG_0691_dummy5.jpg,6/1/2022,Guam-CNMI,SAI-1854,dummy5,4421,514,*ENC,Bex.Turner,2025-11-03 14:22:46+00:00
SAI-1854_IMG_0691_dummy5.jpg,6/1/2022,Guam-CNMI,SAI-1854,dummy5,4854,3384,*TURFH,Bex.Turner,2025-11-03 14:22:46+00:00
SAI-1857_IMG_1868_dummy5.jpg,6/1/2022,Guam-CNMI,SAI-1857,dummy5,264,1132,*ASSP,Bex.Turner,2025-11-03 14:42:05+00:00
SAI-1857_IMG_1868_dummy5.jpg,6/1/2022,Guam-CNMI,SAI-1857,dummy5,393,1780,*EMA,Bex.Turner,2025-11-03 14:42:05+00:00
SAI-1857_IMG_1868_dummy5.jpg,6/1/2022,Guam-CNMI,SAI-1857,dummy5,1094,285,*ASSP,Bex.Turner,2025-11-03 14:42:05+00:00
SAI-1857_IMG_1868_dummy5.jpg,6/1/2022,Guam-CNMI,SAI-1857,dummy5,1789,2681,*TURFH,Bex.Turner,2025-11-03 14:42:05+00:00
SAI-1857_IMG_1868_dummy5.jpg,6/1/2022,Guam-CNMI,SAI-1857,dummy5,2155,4010,*ASSP,Bex.Turner,2025-11-03 14:42:05+00:00
SAI-1857_IMG_1868_dummy5.jpg,6/1/2022,Guam-CNMI,SAI-1857,dummy5,2380,1985,*TURFH,Bex.Turner,2025-11-03 14:42:05+00:00
SAI-1857_IMG_1868_dummy5.jpg,6/1/2022,Guam-CNMI,SAI-1857,dummy5,2629,2941,*TURFH,Bex.Turner,2025-11-03 14:42:05+00:00
SAI-1857_IMG_1868_dummy5.jpg,6/1/2022,Guam-CNMI,SAI-1857,dummy5,3272,495,*TURFH,Bex.Turner,2025-11-03 14:42:05+00:00
SAI-1857_IMG_1868_dummy5.jpg,6/1/2022,Guam-CNMI,SAI-1857,dummy5,3561,1262,*CCAH,Bex.Turner,2025-11-03 14:42:05+00:00
SAI-1857_IMG_1868_dummy5.jpg,6/1/2022,Guam-CNMI,SAI-1857,dummy5,3016,5056,*LPHY,Bex.Turner,2025-11-03 14:42:05+00:00
SAI-1858_IMG_1828_dummy5.jpg,6/1/2022,Guam-CNMI,SAI-1858,dummy5,6,551,*SAND,Bex.Turner,2025-11-03 14:44:00+00:00
SAI-1858_IMG_1828_dummy5.jpg,6/1/2022,Guam-CNMI,SAI-1858,dummy5,1220,1201,*TURFH,Bex.Turner,2025-11-03 14:44:00+00:00
SAI-1858_IMG_1828_dummy5.jpg,6/1/2022,Guam-CNMI,SAI-1858,dummy5,2398,1326,*PESP,Bex.Turner,2025-11-03 14:44:00+00:00
SAI-1858_IMG_1828_dummy5.jpg,6/1/2022,Guam-CNMI,SAI-1858,dummy5,2464,1375,*PESP,Bex.Turner,2025-11-03 14:44:00+00:00
SAI-1858_IMG_1828_dummy5.jpg,6/1/2022,Guam-CNMI,SAI-1858,dummy5,2695,3401,*GONS,Bex.Turner,2025-11-03 14:44:00+00:00
SAI-1858_IMG_1828_dummy5.jpg,6/1/2022,Guam-CNMI,SAI-1858,dummy5,4231,2809,*TURFH,Bex.Turner,2025-11-03 14:44:00+00:00
SAI-1858_IMG_1828_dummy5.jpg,6/1/2022,Guam-CNMI,SAI-1858,dummy5,5055,727,*UNK,Bex.Turner,2025-11-03 14:44:00+00:00
SAI-1858_IMG_1828_dummy5.jpg,6/1/2022,Guam-CNMI,SAI-1858,dummy5,4844,1238,*TURFH,Bex.Turner,2025-11-03 14:44:00+00:00
SAI-1858_IMG_1828_dummy5.jpg,6/1/2022,Guam-CNMI,SAI-1858,dummy5,5227,2638,*HALI,Bex.Turner,2025-11-03 14:44:00+00:00
SAI-1858_IMG_1828_dummy5.jpg,6/1/2022,Guam-CNMI,SAI-1858,dummy5,4740,3181,*PADI,Bex.Turner,2025-11-03 14:44:00+00:00
SAI-1888_IMG_9809_dummy5.jpg,6/1/2022,Guam-CNMI,SAI-1888,dummy5,1435,1391,*TURFH,Bex.Turner,2025-11-03 14:45:06+00:00
SAI-1888_IMG_9809_dummy5.jpg,6/1/2022,Guam-CNMI,SAI-1888,dummy5,2084,3486,*TURFH,Bex.Turner,2025-11-03 14:45:06+00:00
SAI-1888_IMG_9809_dummy5.jpg,6/1/2022,Guam-CNMI,SAI-1888,dummy5,1336,3306,*TURFH,Bex.Turner,2025-11-03 14:45:06+00:00
SAI-1888_IMG_9809_dummy5.jpg,6/1/2022,Guam-CNMI,SAI-1888,dummy5,2265,2274,*RUB,Bex.Turner,2025-11-03 14:45:06+00:00
SAI-1888_IMG_9809_dummy5.jpg,6/1/2022,Guam-CNMI,SAI-1888,dummy5,2692,3073,*TURFH,Bex.Turner,2025-11-03 14:45:06+00:00
SAI-1888_IMG_9809_dummy5.jpg,6/1/2022,Guam-CNMI,SAI-1888,dummy5,4081,2578,*TURFH,Bex.Turner,2025-11-03 14:45:06+00:00
SAI-1888_IMG_9809_dummy5.jpg,6/1/2022,Guam-CNMI,SAI-1888,dummy5,4505,1249,*TURFH,Bex.Turner,2025-11-03 14:45:06+00:00
SAI-1888_IMG_9809_dummy5.jpg,6/1/2022,Guam-CNMI,SAI-1888,dummy5,5038,1490,*TURFH,Bex.Turner,2025-11-03 14:45:06+00:00
SAI-1888_IMG_9809_dummy5.jpg,6/1/2022,Guam-CNMI,SAI-1888,dummy5,5048,3397,*SHAD,Bex.Turner,2025-11-03 14:45:06+00:00
SAI-1888_IMG_9809_dummy5.jpg,6/1/2022,Guam-CNMI,SAI-1888,dummy5,4466,3626,*TURFH,Bex.Turner,2025-11-03 14:45:06+00:00
SAI-1909_IMG_0714_dummy5.jpg,6/1/2022,Guam-CNMI,SAI-1909,dummy5,431,2582,*TURFH,Bex.Turner,2025-11-03 15:00:26+00:00
SAI-1909_IMG_0714_dummy5.jpg,6/1/2022,Guam-CNMI,SAI-1909,dummy5,911,38,*CCAH,Bex.Turner,2025-11-03 15:00:26+00:00
SAI-1909_IMG_0714_dummy5.jpg,6/1/2022,Guam-CNMI,SAI-1909,dummy5,760,4683,*CCAH,Bex.Turner,2025-11-03 15:00:26+00:00
SAI-1909_IMG_0714_dummy5.jpg,6/1/2022,Guam-CNMI,SAI-1909,dummy5,2328,67,*STYS,Bex.Turner,2025-11-03 15:00:26+00:00
SAI-1909_IMG_0714_dummy5.jpg,6/1/2022,Guam-CNMI,SAI-1909,dummy5,2794,3576,*CCAH,Bex.Turner,2025-11-03 15:00:26+00:00
SAI-1909_IMG_0714_dummy5.jpg,6/1/2022,Guam-CNMI,SAI-1909,dummy5,2859,4596,*CCAH,Bex.Turner,2025-11-03 15:00:26+00:00
SAI-1909_IMG_0714_dummy5.jpg,6/1/2022,Guam-CNMI,SAI-1909,dummy5,3450,1850,*TURFH,Bex.Turner,2025-11-03 15:00:26+00:00
SAI-1909_IMG_0714_dummy5.jpg,6/1/2022,Guam-CNMI,SAI-1909,dummy5,3251,1506,*TURFH,Bex.Turner,2025-11-03 15:00:26+00:00
SAI-1909_IMG_0714_dummy5.jpg,6/1/2022,Guam-CNMI,SAI-1909,dummy5,3543,2485,*POCS,Bex.Turner,2025-11-03 15:00:26+00:00
SAI-1909_IMG_0714_dummy5.jpg,6/1/2022,Guam-CNMI,SAI-1909,dummy5,3214,3363,*SHAD,Bex.Turner,2025-11-03 15:00:26+00:00
SAI-1909_IMG_0735_dummy5.jpg,6/1/2022,Guam-CNMI,SAI-1909,dummy5,854,1364,*CCAH,Bex.Turner,2025-11-03 15:02:07+00:00
SAI-1909_IMG_0735_dummy5.jpg,6/1/2022,Guam-CNMI,SAI-1909,dummy5,452,979,*SAND,Bex.Turner,2025-11-03 15:02:07+00:00
SAI-1909_IMG_0735_dummy5.jpg,6/1/2022,Guam-CNMI,SAI-1909,dummy5,564,915,*TURFH,Bex.Turner,2025-11-03 15:02:07+00:00
SAI-1909_IMG_0735_dummy5.jpg,6/1/2022,Guam-CNMI,SAI-1909,dummy5,590,2682,*TURFH,Bex.Turner,2025-11-03 15:02:07+00:00
SAI-1909_IMG_0735_dummy5.jpg,6/1/2022,Guam-CNMI,SAI-1909,dummy5,3005,244,*TURFH,Bex.Turner,2025-11-03 15:02:07+00:00
SAI-1909_IMG_0735_dummy5.jpg,6/1/2022,Guam-CNMI,SAI-1909,dummy5,2927,10,*CCAH,Bex.Turner,2025-11-03 15:02:07+00:00
SAI-1909_IMG_0735_dummy5.jpg,6/1/2022,Guam-CNMI,SAI-1909,dummy5,3084,1240,*SP,Bex.Turner,2025-11-03 15:02:07+00:00
SAI-1909_IMG_0735_dummy5.jpg,6/1/2022,Guam-CNMI,SAI-1909,dummy5,2937,2457,*TURFH,Bex.Turner,2025-11-03 15:02:07+00:00
SAI-1909_IMG_0735_dummy5.jpg,6/1/2022,Guam-CNMI,SAI-1909,dummy5,3652,5,*SHAD,Bex.Turner,2025-11-03 15:02:07+00:00
SAI-1909_IMG_0735_dummy5.jpg,6/1/2022,Guam-CNMI,SAI-1909,dummy5,4928,3304,*CCAH,Bex.Turner,2025-11-03 15:02:06+00:00
SAI-1915_IMG_9876_dummy5.jpg,6/1/2022,Guam-CNMI,SAI-1915,dummy5,477,4284,*PESP,Bex.Turner,2025-11-03 15:04:42+00:00
SAI-1915_IMG_9876_dummy5.jpg,6/1/2022,Guam-CNMI,SAI-1915,dummy5,1127,2557,*TURFH,Bex.Turner,2025-11-03 15:04:42+00:00
SAI-1915_IMG_9876_dummy5.jpg,6/1/2022,Guam-CNMI,SAI-1915,dummy5,1636,862,*PESP,Bex.Turner,2025-11-03 15:04:42+00:00
SAI-1915_IMG_9876_dummy5.jpg,6/1/2022,Guam-CNMI,SAI-1915,dummy5,1873,2399,*CCAH,Bex.Turner,2025-11-03 15:04:42+00:00
SAI-1915_IMG_9876_dummy5.jpg,6/1/2022,Guam-CNMI,SAI-1915,dummy5,3124,1974,*GASP,Bex.Turner,2025-11-03 15:04:42+00:00
SAI-1915_IMG_9876_dummy5.jpg,6/1/2022,Guam-CNMI,SAI-1915,dummy5,3355,2080,*GASP,Bex.Turner,2025-11-03 15:04:42+00:00
SAI-1915_IMG_9876_dummy5.jpg,6/1/2022,Guam-CNMI,SAI-1915,dummy5,3522,1191,*GASP,Bex.Turner,2025-11-03 15:04:42+00:00
SAI-1915_IMG_9876_dummy5.jpg,6/1/2022,Guam-CNMI,SAI-1915,dummy5,2974,1381,*TURFH,Bex.Turner,2025-11-03 15:04:42+00:00
SAI-1915_IMG_9876_dummy5.jpg,6/1/2022,Guam-CNMI,SAI-1915,dummy5,3287,2591,*ASSP,Bex.Turner,2025-11-03 15:04:42+00:00
SAI-1915_IMG_9876_dummy5.jpg,6/1/2022,Guam-CNMI,SAI-1915,dummy5,3607,4671,*ENC,Bex.Turner,2025-11-03 15:04:42+00:00
SAI-1916_IMG_0506_dummy5.jpg,6/1/2022,Guam-CNMI,SAI-1916,dummy5,546,1086,*TURFH,Bex.Turner,2025-11-03 15:10:31+00:00
SAI-1916_IMG_0506_dummy5.jpg,6/1/2022,Guam-CNMI,SAI-1916,dummy5,259,2592,*SHAD,Bex.Turner,2025-11-03 15:10:31+00:00
SAI-1916_IMG_0506_dummy5.jpg,6/1/2022,Guam-CNMI,SAI-1916,dummy5,1128,1239,*CCAH,Bex.Turner,2025-11-03 15:10:31+00:00
SAI-1916_IMG_0506_dummy5.jpg,6/1/2022,Guam-CNMI,SAI-1916,dummy5,1128,2886,*CCAH,Bex.Turner,2025-11-03 15:10:31+00:00
SAI-1916_IMG_0506_dummy5.jpg,6/1/2022,Guam-CNMI,SAI-1916,dummy5,1632,3515,*LOBO,Bex.Turner,2025-11-03 15:10:31+00:00
SAI-1916_IMG_0506_dummy5.jpg,6/1/2022,Guam-CNMI,SAI-1916,dummy5,2698,867,*CCAH,Bex.Turner,2025-11-03 15:10:31+00:00
SAI-1916_IMG_0506_dummy5.jpg,6/1/2022,Guam-CNMI,SAI-1916,dummy5,2217,1707,*TURFH,Bex.Turner,2025-11-03 15:10:31+00:00
SAI-1916_IMG_0506_dummy5.jpg,6/1/2022,Guam-CNMI,SAI-1916,dummy5,2859,2905,*CCAH,Bex.Turner,2025-11-03 15:10:31+00:00
SAI-1916_IMG_0506_dummy5.jpg,6/1/2022,Guam-CNMI,SAI-1916,dummy5,4346,1571,*HALI,Bex.Turner,2025-11-03 15:10:31+00:00
SAI-1916_IMG_0506_dummy5.jpg,6/1/2022,Guam-CNMI,SAI-1916,dummy5,4327,3010,*CCAH,Bex.Turner,2025-11-03 15:10:31+00:00
SAI-1916_IMG_0510_dummy5.jpg,6/1/2022,Guam-CNMI,SAI-1916,dummy5,1601,860,*RDMA,Bex.Turner,2025-11-03 15:13:42+00:00
SAI-1916_IMG_0510_dummy5.jpg,6/1/2022,Guam-CNMI,SAI-1916,dummy5,1758,4061,*CCAH,Bex.Turner,2025-11-03 15:13:42+00:00
SAI-1916_IMG_0510_dummy5.jpg,6/1/2022,Guam-CNMI,SAI-1916,dummy5,2909,249,*CCAH,Bex.Turner,2025-11-03 15:13:42+00:00
SAI-1916_IMG_0510_dummy5.jpg,6/1/2022,Guam-CNMI,SAI-1916,dummy5,2918,397,*CCAH,Bex.Turner,2025-11-03 15:13:42+00:00
SAI-1916_IMG_0510_dummy5.jpg,6/1/2022,Guam-CNMI,SAI-1916,dummy5,2819,260,*CCAH,Bex.Turner,2025-11-03 15:13:42+00:00
SAI-1916_IMG_0510_dummy5.jpg,6/1/2022,Guam-CNMI,SAI-1916,dummy5,2325,1856,*TURFH,Bex.Turner,2025-11-03 15:13:42+00:00
SAI-1916_IMG_0510_dummy5.jpg,6/1/2022,Guam-CNMI,SAI-1916,dummy5,2517,1112,*CCAH,Bex.Turner,2025-11-03 15:13:42+00:00
SAI-1916_IMG_0510_dummy5.jpg,6/1/2022,Guam-CNMI,SAI-1916,dummy5,2840,4680,*POEN,Bex.Turner,2025-11-03 15:13:42+00:00
SAI-1916_IMG_0510_dummy5.jpg,6/1/2022,Guam-CNMI,SAI-1916,dummy5,3583,4,*UNK,Bex.Turner,2025-11-03 15:13:42+00:00
SAI-1916_IMG_0510_dummy5.jpg,6/1/2022,Guam-CNMI,SAI-1916,dummy5,3559,189,*UNK,Bex.Turner,2025-11-03 15:13:42+00:00
SAI-1918_IMG_0604_dummy5.jpg,6/1/2022,Guam-CNMI,SAI-1918,dummy5,108,2439,*CCAH,Bex.Turner,2025-11-03 15:14:37+00:00
SAI-1918_IMG_0604_dummy5.jpg,6/1/2022,Guam-CNMI,SAI-1918,dummy5,1868,105,*PESP,Bex.Turner,2025-11-03 15:14:37+00:00
SAI-1918_IMG_0604_dummy5.jpg,6/1/2022,Guam-CNMI,SAI-1918,dummy5,1907,909,*CCAH,Bex.Turner,2025-11-03 15:14:37+00:00
SAI-1918_IMG_0604_dummy5.jpg,6/1/2022,Guam-CNMI,SAI-1918,dummy5,1687,1723,*CCAH,Bex.Turner,2025-11-03 15:14:37+00:00
SAI-1918_IMG_0604_dummy5.jpg,6/1/2022,Guam-CNMI,SAI-1918,dummy5,2551,437,*CCAH,Bex.Turner,2025-11-03 15:14:37+00:00
SAI-1918_IMG_0604_dummy5.jpg,6/1/2022,Guam-CNMI,SAI-1918,dummy5,2449,2691,*PESP,Bex.Turner,2025-11-03 15:14:37+00:00
SAI-1918_IMG_0604_dummy5.jpg,6/1/2022,Guam-CNMI,SAI-1918,dummy5,2348,3184,*CCAH,Bex.Turner,2025-11-03 15:14:37+00:00
SAI-1918_IMG_0604_dummy5.jpg,6/1/2022,Guam-CNMI,SAI-1918,dummy5,3411,453,*CCAH,Bex.Turner,2025-11-03 15:14:37+00:00
SAI-1918_IMG_0604_dummy5.jpg,6/1/2022,Guam-CNMI,SAI-1918,dummy5,3408,3634,*CCAH,Bex.Turner,2025-11-03 15:14:37+00:00
SAI-1918_IMG_0604_dummy5.jpg,6/1/2022,Guam-CNMI,SAI-1918,dummy5,4737,804,*SP,Bex.Turner,2025-11-03 15:14:37+00:00
SAI-1921_IMG_0550_dummy5.jpg,6/1/2022,Guam-CNMI,SAI-1921,dummy5,880,1015,*TURFH,Bex.Turner,2025-11-03 15:15:40+00:00
SAI-1921_IMG_0550_dummy5.jpg,6/1/2022,Guam-CNMI,SAI-1921,dummy5,1353,2866,*CCAH,Bex.Turner,2025-11-03 15:15:39+00:00
SAI-1921_IMG_0550_dummy5.jpg,6/1/2022,Guam-CNMI,SAI-1921,dummy5,1716,2585,*TURFH,Bex.Turner,2025-11-03 15:15:39+00:00
SAI-1921_IMG_0550_dummy5.jpg,6/1/2022,Guam-CNMI,SAI-1921,dummy5,2188,5103,*CCAH,Bex.Turner,2025-11-03 15:15:39+00:00
SAI-1921_IMG_0550_dummy5.jpg,6/1/2022,Guam-CNMI,SAI-1921,dummy5,1564,5393,*TURFH,Bex.Turner,2025-11-03 15:15:39+00:00
SAI-1921_IMG_0550_dummy5.jpg,6/1/2022,Guam-CNMI,SAI-1921,dummy5,2195,2058,*TURFH,Bex.Turner,2025-11-03 15:15:39+00:00
SAI-1921_IMG_0550_dummy5.jpg,6/1/2022,Guam-CNMI,SAI-1921,dummy5,2411,1869,*TURFH,Bex.Turner,2025-11-03 15:15:39+00:00
SAI-1921_IMG_0550_dummy5.jpg,6/1/2022,Guam-CNMI,SAI-1921,dummy5,2839,2935,*HALI,Bex.Turner,2025-11-03 15:15:39+00:00
SAI-1921_IMG_0550_dummy5.jpg,6/1/2022,Guam-CNMI,SAI-1921,dummy5,2295,2759,*TURFH,Bex.Turner,2025-11-03 15:15:39+00:00
SAI-1921_IMG_0550_dummy5.jpg,6/1/2022,Guam-CNMI,SAI-1921,dummy5,3273,4193,*TURFH,Bex.Turner,2025-11-03 15:15:39+00:00
SAI-1921_IMG_0552_dummy5.jpg,6/1/2022,Guam-CNMI,SAI-1921,dummy5,275,3725,*PESP,Bex.Turner,2025-11-03 15:17:14+00:00
SAI-1921_IMG_0552_dummy5.jpg,6/1/2022,Guam-CNMI,SAI-1921,dummy5,1523,1541,*GASP,Bex.Turner,2025-11-03 15:17:14+00:00
SAI-1921_IMG_0552_dummy5.jpg,6/1/2022,Guam-CNMI,SAI-1921,dummy5,1901,5235,*HALI,Bex.Turner,2025-11-03 15:17:14+00:00
SAI-1921_IMG_0552_dummy5.jpg,6/1/2022,Guam-CNMI,SAI-1921,dummy5,2536,555,*POMA,Bex.Turner,2025-11-03 15:17:14+00:00
SAI-1921_IMG_0552_dummy5.jpg,6/1/2022,Guam-CNMI,SAI-1921,dummy5,2606,102,*POMA,Bex.Turner,2025-11-03 15:17:14+00:00
SAI-1921_IMG_0552_dummy5.jpg,6/1/2022,Guam-CNMI,SAI-1921,dummy5,2846,1180,*POMA,Bex.Turner,2025-11-03 15:17:14+00:00
SAI-1921_IMG_0552_dummy5.jpg,6/1/2022,Guam-CNMI,SAI-1921,dummy5,2555,3084,*CCAH,Bex.Turner,2025-11-03 15:17:14+00:00
SAI-1921_IMG_0552_dummy5.jpg,6/1/2022,Guam-CNMI,SAI-1921,dummy5,2433,3180,*HALI,Bex.Turner,2025-11-03 15:17:14+00:00
SAI-1921_IMG_0552_dummy5.jpg,6/1/2022,Guam-CNMI,SAI-1921,dummy5,2791,3305,*ENC,Bex.Turner,2025-11-03 15:17:14+00:00
SAI-1921_IMG_0552_dummy5.jpg,6/1/2022,Guam-CNMI,SAI-1921,dummy5,2920,1551,*HALI,Bex.Turner,2025-11-03 15:17:14+00:00
TIN-838_IMG_1104_dummy5.jpg,6/1/2022,Guam-CNMI,TIN-838,dummy5,10,1290,*TURFH,Bex.Turner,2025-11-03 15:17:56+00:00
TIN-838_IMG_1104_dummy5.jpg,6/1/2022,Guam-CNMI,TIN-838,dummy5,346,2930,*TURFH,Bex.Turner,2025-11-03 15:17:56+00:00
TIN-838_IMG_1104_dummy5.jpg,6/1/2022,Guam-CNMI,TIN-838,dummy5,1865,941,*TURFH,Bex.Turner,2025-11-03 15:17:56+00:00
TIN-838_IMG_1104_dummy5.jpg,6/1/2022,Guam-CNMI,TIN-838,dummy5,1607,1792,*TURFH,Bex.Turner,2025-11-03 15:17:56+00:00
TIN-838_IMG_1104_dummy5.jpg,6/1/2022,Guam-CNMI,TIN-838,dummy5,2112,2911,*TURFH,Bex.Turner,2025-11-03 15:17:56+00:00
TIN-838_IMG_1104_dummy5.jpg,6/1/2022,Guam-CNMI,TIN-838,dummy5,1653,2554,*SHAD,Bex.Turner,2025-11-03 15:17:56+00:00
TIN-838_IMG_1104_dummy5.jpg,6/1/2022,Guam-CNMI,TIN-838,dummy5,2692,50,*TURFH,Bex.Turner,2025-11-03 15:17:56+00:00
TIN-838_IMG_1104_dummy5.jpg,6/1/2022,Guam-CNMI,TIN-838,dummy5,2971,1815,*PESP,Bex.Turner,2025-11-03 15:17:56+00:00
TIN-838_IMG_1104_dummy5.jpg,6/1/2022,Guam-CNMI,TIN-838,dummy5,3618,1974,*CCAH,Bex.Turner,2025-11-03 15:17:56+00:00
TIN-838_IMG_1104_dummy5.jpg,6/1/2022,Guam-CNMI,TIN-838,dummy5,4854,2096,*CCAH,Bex.Turner,2025-11-03 15:17:56+00:00
TIN-855_IMG_9718_dummy5.jpg,6/1/2022,Guam-CNMI,TIN-855,dummy5,780,1137,*POCS,Bex.Turner,2025-11-03 15:19:14+00:00
TIN-855_IMG_9718_dummy5.jpg,6/1/2022,Guam-CNMI,TIN-855,dummy5,1568,127,*TURFH,Bex.Turner,2025-11-03 15:19:14+00:00
TIN-855_IMG_9718_dummy5.jpg,6/1/2022,Guam-CNMI,TIN-855,dummy5,2066,2349,*FINE,Bex.Turner,2025-11-03 15:19:14+00:00
TIN-855_IMG_9718_dummy5.jpg,6/1/2022,Guam-CNMI,TIN-855,dummy5,2931,482,*TURFH,Bex.Turner,2025-11-03 15:19:14+00:00
TIN-855_IMG_9718_dummy5.jpg,6/1/2022,Guam-CNMI,TIN-855,dummy5,2952,1726,*TURFH,Bex.Turner,2025-11-03 15:19:14+00:00
TIN-855_IMG_9718_dummy5.jpg,6/1/2022,Guam-CNMI,TIN-855,dummy5,3167,2867,*SHAD,Bex.Turner,2025-11-03 15:19:14+00:00
TIN-855_IMG_9718_dummy5.jpg,6/1/2022,Guam-CNMI,TIN-855,dummy5,3604,284,*TURFH,Bex.Turner,2025-11-03 15:19:14+00:00
TIN-855_IMG_9718_dummy5.jpg,6/1/2022,Guam-CNMI,TIN-855,dummy5,4223,1445,*PAEN,Bex.Turner,2025-11-03 15:19:14+00:00
TIN-855_IMG_9718_dummy5.jpg,6/1/2022,Guam-CNMI,TIN-855,dummy5,4833,252,*HALI,Bex.Turner,2025-11-03 15:19:14+00:00
TIN-855_IMG_9718_dummy5.jpg,6/1/2022,Guam-CNMI,TIN-855,dummy5,5093,2456,*HALI,Bex.Turner,2025-11-03 15:19:14+00:00
TIN-855_IMG_9723_dummy5.jpg,6/1/2022,Guam-CNMI,TIN-855,dummy5,486,997,*PESP,Bex.Turner,2025-11-03 15:20:21+00:00
TIN-855_IMG_9723_dummy5.jpg,6/1/2022,Guam-CNMI,TIN-855,dummy5,397,1190,*CCAH,Bex.Turner,2025-11-03 15:20:21+00:00
TIN-855_IMG_9723_dummy5.jpg,6/1/2022,Guam-CNMI,TIN-855,dummy5,829,1621,*SHAD,Bex.Turner,2025-11-03 15:20:21+00:00
TIN-855_IMG_9723_dummy5.jpg,6/1/2022,Guam-CNMI,TIN-855,dummy5,757,1569,*HALI,Bex.Turner,2025-11-03 15:20:21+00:00
TIN-855_IMG_9723_dummy5.jpg,6/1/2022,Guam-CNMI,TIN-855,dummy5,483,2033,*TURFH,Bex.Turner,2025-11-03 15:20:21+00:00
TIN-855_IMG_9723_dummy5.jpg,6/1/2022,Guam-CNMI,TIN-855,dummy5,1256,2474,*CCAH,Bex.Turner,2025-11-03 15:20:21+00:00
TIN-855_IMG_9723_dummy5.jpg,6/1/2022,Guam-CNMI,TIN-855,dummy5,3465,139,*POMA,Bex.Turner,2025-11-03 15:20:21+00:00
TIN-855_IMG_9723_dummy5.jpg,6/1/2022,Guam-CNMI,TIN-855,dummy5,3758,2963,*TURFH,Bex.Turner,2025-11-03 15:20:21+00:00
TIN-855_IMG_9723_dummy5.jpg,6/1/2022,Guam-CNMI,TIN-855,dummy5,5170,344,*HALI,Bex.Turner,2025-11-03 15:20:21+00:00
TIN-855_IMG_9723_dummy5.jpg,6/1/2022,Guam-CNMI,TIN-855,dummy5,5149,2683,*HALI,Bex.Turner,2025-11-03 15:20:21+00:00
TIN-855_IMG_9725_dummy5.jpg,6/1/2022,Guam-CNMI,TIN-855,dummy5,830,1118,*LPHY,Bex.Turner,2025-11-03 15:21:23+00:00
TIN-855_IMG_9725_dummy5.jpg,6/1/2022,Guam-CNMI,TIN-855,dummy5,1768,73,*HALI,Bex.Turner,2025-11-03 15:21:23+00:00
TIN-855_IMG_9725_dummy5.jpg,6/1/2022,Guam-CNMI,TIN-855,dummy5,1806,465,*HALI,Bex.Turner,2025-11-03 15:21:23+00:00
TIN-855_IMG_9725_dummy5.jpg,6/1/2022,Guam-CNMI,TIN-855,dummy5,1518,766,*TURFH,Bex.Turner,2025-11-03 15:21:23+00:00
TIN-855_IMG_9725_dummy5.jpg,6/1/2022,Guam-CNMI,TIN-855,dummy5,2523,150,*CCAH,Bex.Turner,2025-11-03 15:21:23+00:00
TIN-855_IMG_9725_dummy5.jpg,6/1/2022,Guam-CNMI,TIN-855,dummy5,2813,2538,*TURFH,Bex.Turner,2025-11-03 15:21:23+00:00
TIN-855_IMG_9725_dummy5.jpg,6/1/2022,Guam-CNMI,TIN-855,dummy5,3627,2694,*PESP,Bex.Turner,2025-11-03 15:21:23+00:00
TIN-855_IMG_9725_dummy5.jpg,6/1/2022,Guam-CNMI,TIN-855,dummy5,4600,769,*SHAD,Bex.Turner,2025-11-03 15:21:23+00:00
TIN-855_IMG_9725_dummy5.jpg,6/1/2022,Guam-CNMI,TIN-855,dummy5,5294,1378,*CCAH,Bex.Turner,2025-11-03 15:21:23+00:00
TIN-855_IMG_9725_dummy5.jpg,6/1/2022,Guam-CNMI,TIN-855,dummy5,5264,1413,*CCAH,Bex.Turner,2025-11-03 15:21:23+00:00
TIN-868_IMG_1956_dummy5.jpg,6/1/2022,Guam-CNMI,TIN-868,dummy5,192,4593,*POEN,Bex.Turner,2025-11-03 15:22:43+00:00
TIN-868_IMG_1956_dummy5.jpg,6/1/2022,Guam-CNMI,TIN-868,dummy5,135,5332,*POEN,Bex.Turner,2025-11-03 15:22:43+00:00
TIN-868_IMG_1956_dummy5.jpg,6/1/2022,Guam-CNMI,TIN-868,dummy5,1402,4777,*TURFH,Bex.Turner,2025-11-03 15:22:43+00:00
TIN-868_IMG_1956_dummy5.jpg,6/1/2022,Guam-CNMI,TIN-868,dummy5,1735,1545,*POMA,Bex.Turner,2025-11-03 15:22:43+00:00
TIN-868_IMG_1956_dummy5.jpg,6/1/2022,Guam-CNMI,TIN-868,dummy5,1862,2250,*POMA,Bex.Turner,2025-11-03 15:22:43+00:00
TIN-868_IMG_1956_dummy5.jpg,6/1/2022,Guam-CNMI,TIN-868,dummy5,1920,4776,*CCAH,Bex.Turner,2025-11-03 15:22:43+00:00
TIN-868_IMG_1956_dummy5.jpg,6/1/2022,Guam-CNMI,TIN-868,dummy5,2287,3316,*CCAH,Bex.Turner,2025-11-03 15:22:43+00:00
TIN-868_IMG_1956_dummy5.jpg,6/1/2022,Guam-CNMI,TIN-868,dummy5,3098,2112,*CCAH,Bex.Turner,2025-11-03 15:22:43+00:00
TIN-868_IMG_1956_dummy5.jpg,6/1/2022,Guam-CNMI,TIN-868,dummy5,3364,5402,*CCAH,Bex.Turner,2025-11-03 15:22:43+00:00
TIN-868_IMG_1956_dummy5.jpg,6/1/2022,Guam-CNMI,TIN-868,dummy5,3334,5226,*CCAH,Bex.Turner,2025-11-03 15:22:43+00:00
TIN-885_IMG_0741_dummy5.jpg,6/1/2022,Guam-CNMI,TIN-885,dummy5,1157,2358,*ASSP,Bex.Turner,2025-11-03 15:24:17+00:00
TIN-885_IMG_0741_dummy5.jpg,6/1/2022,Guam-CNMI,TIN-885,dummy5,1570,4,*GRMA,Bex.Turner,2025-11-03 15:24:17+00:00
TIN-885_IMG_0741_dummy5.jpg,6/1/2022,Guam-CNMI,TIN-885,dummy5,1523,4137,*TURFH,Bex.Turner,2025-11-03 15:24:17+00:00
TIN-885_IMG_0741_dummy5.jpg,6/1/2022,Guam-CNMI,TIN-885,dummy5,1917,3978,*TURFH,Bex.Turner,2025-11-03 15:24:17+00:00
TIN-885_IMG_0741_dummy5.jpg,6/1/2022,Guam-CNMI,TIN-885,dummy5,2895,1438,*TURFH,Bex.Turner,2025-11-03 15:24:17+00:00
TIN-885_IMG_0741_dummy5.jpg,6/1/2022,Guam-CNMI,TIN-885,dummy5,3007,441,*TURFH,Bex.Turner,2025-11-03 15:24:17+00:00
TIN-885_IMG_0741_dummy5.jpg,6/1/2022,Guam-CNMI,TIN-885,dummy5,3534,1107,*HALI,Bex.Turner,2025-11-03 15:24:17+00:00
TIN-885_IMG_0741_dummy5.jpg,6/1/2022,Guam-CNMI,TIN-885,dummy5,3133,3238,*TURFH,Bex.Turner,2025-11-03 15:24:17+00:00
TIN-885_IMG_0741_dummy5.jpg,6/1/2022,Guam-CNMI,TIN-885,dummy5,3496,2884,*TURFH,Bex.Turner,2025-11-03 15:24:17+00:00
TIN-885_IMG_0741_dummy5.jpg,6/1/2022,Guam-CNMI,TIN-885,dummy5,3504,2639,*TURFH,Bex.Turner,2025-11-03 15:24:17+00:00
TIN-896_IMG_9790_dummy5.jpg,6/1/2022,Guam-CNMI,TIN-896,dummy5,117,2438,*CCAH,Bex.Turner,2025-11-03 15:25:02+00:00
TIN-896_IMG_9790_dummy5.jpg,6/1/2022,Guam-CNMI,TIN-896,dummy5,460,3964,*PESP,Bex.Turner,2025-11-03 15:25:02+00:00
TIN-896_IMG_9790_dummy5.jpg,6/1/2022,Guam-CNMI,TIN-896,dummy5,730,1038,*TURFH,Bex.Turner,2025-11-03 15:25:01+00:00
TIN-896_IMG_9790_dummy5.jpg,6/1/2022,Guam-CNMI,TIN-896,dummy5,930,1796,*PESP,Bex.Turner,2025-11-03 15:25:01+00:00
TIN-896_IMG_9790_dummy5.jpg,6/1/2022,Guam-CNMI,TIN-896,dummy5,1211,2587,*TURFH,Bex.Turner,2025-11-03 15:25:01+00:00
TIN-896_IMG_9790_dummy5.jpg,6/1/2022,Guam-CNMI,TIN-896,dummy5,1120,5447,*TURFH,Bex.Turner,2025-11-03 15:25:01+00:00
TIN-896_IMG_9790_dummy5.jpg,6/1/2022,Guam-CNMI,TIN-896,dummy5,1387,4489,*CCAH,Bex.Turner,2025-11-03 15:25:01+00:00
TIN-896_IMG_9790_dummy5.jpg,6/1/2022,Guam-CNMI,TIN-896,dummy5,2794,1803,*TURFH,Bex.Turner,2025-11-03 15:25:01+00:00
TIN-896_IMG_9790_dummy5.jpg,6/1/2022,Guam-CNMI,TIN-896,dummy5,2753,1213,*SHAD,Bex.Turner,2025-11-03 15:25:01+00:00
TIN-896_IMG_9790_dummy5.jpg,6/1/2022,Guam-CNMI,TIN-896,dummy5,2854,5153,*CCAH,Bex.Turner,2025-11-03 15:25:01+00:00
AGU-532_IMG_9142_dummy4.jpg,6/1/2022,Guam-CNMI,AGU-532,dummy4,34,69,*TURFH,ed0ard0sena,2025-10-03 01:28:59+00:00
AGU-532_IMG_9142_dummy4.jpg,6/1/2022,Guam-CNMI,AGU-532,dummy4,580,4878,*MOBF,ed0ard0sena,2025-10-17 00:19:29+00:00
AGU-532_IMG_9142_dummy4.jpg,6/1/2022,Guam-CNMI,AGU-532,dummy4,1068,831,*HALI,ed0ard0sena,2025-07-30 23:57:14+00:00
AGU-532_IMG_9142_dummy4.jpg,6/1/2022,Guam-CNMI,AGU-532,dummy4,1336,1895,*SHAD,ed0ard0sena,2025-07-30 23:57:14+00:00
AGU-532_IMG_9142_dummy4.jpg,6/1/2022,Guam-CNMI,AGU-532,dummy4,1622,3187,*TURFH,ed0ard0sena,2025-07-30 23:57:14+00:00
AGU-532_IMG_9142_dummy4.jpg,6/1/2022,Guam-CNMI,AGU-532,dummy4,2522,2561,*HALI,ed0ard0sena,2025-07-30 23:57:14+00:00
AGU-532_IMG_9142_dummy4.jpg,6/1/2022,Guam-CNMI,AGU-532,dummy4,2367,2388,*EMA,ed0ard0sena,2025-10-17 00:20:49+00:00
AGU-532_IMG_9142_dummy4.jpg,6/1/2022,Guam-CNMI,AGU-532,dummy4,2766,2694,*TURFH,ed0ard0sena,2025-07-30 23:57:14+00:00
AGU-532_IMG_9142_dummy4.jpg,6/1/2022,Guam-CNMI,AGU-532,dummy4,2749,4682,*PAMA,ed0ard0sena,2025-07-30 23:57:14+00:00
AGU-532_IMG_9142_dummy4.jpg,6/1/2022,Guam-CNMI,AGU-532,dummy4,3389,1870,*PAEN,ed0ard0sena,2025-07-30 23:57:14+00:00
AGU-541_IMG_9632_dummy4.jpg,6/1/2022,Guam-CNMI,AGU-541,dummy4,613,2472,*HALI,ed0ard0sena,2025-07-31 00:27:16+00:00
AGU-541_IMG_9632_dummy4.jpg,6/1/2022,Guam-CNMI,AGU-541,dummy4,1621,1987,*GONS,ed0ard0sena,2025-07-31 00:27:16+00:00
AGU-541_IMG_9632_dummy4.jpg,6/1/2022,Guam-CNMI,AGU-541,dummy4,1452,2790,*TURFH,ed0ard0sena,2025-07-31 00:27:16+00:00
AGU-541_IMG_9632_dummy4.jpg,6/1/2022,Guam-CNMI,AGU-541,dummy4,3512,731,*POMA,ed0ard0sena,2025-07-31 00:27:16+00:00
AGU-541_IMG_9632_dummy4.jpg,6/1/2022,Guam-CNMI,AGU-541,dummy4,3309,2557,*CCAH,ed0ard0sena,2025-07-31 00:27:16+00:00
AGU-541_IMG_9632_dummy4.jpg,6/1/2022,Guam-CNMI,AGU-541,dummy4,3987,2577,*ASSP,ed0ard0sena,2025-07-31 00:27:16+00:00
AGU-541_IMG_9632_dummy4.jpg,6/1/2022,Guam-CNMI,AGU-541,dummy4,3829,3586,*EMA,ed0ard0sena,2025-10-17 00:31:16+00:00
AGU-541_IMG_9632_dummy4.jpg,6/1/2022,Guam-CNMI,AGU-541,dummy4,4906,1931,*POMA,ed0ard0sena,2025-07-31 00:27:16+00:00
AGU-541_IMG_9632_dummy4.jpg,6/1/2022,Guam-CNMI,AGU-541,dummy4,5295,3162,*POEN,ed0ard0sena,2025-07-31 00:27:16+00:00
AGU-541_IMG_9632_dummy4.jpg,6/1/2022,Guam-CNMI,AGU-541,dummy4,5307,3047,*CCAH,ed0ard0sena,2025-07-31 00:27:16+00:00
AGU-543_IMG_9673_dummy4.jpg,6/1/2022,Guam-CNMI,AGU-543,dummy4,583,3931,*TURFH,ed0ard0sena,2025-07-31 00:31:13+00:00
AGU-543_IMG_9673_dummy4.jpg,6/1/2022,Guam-CNMI,AGU-543,dummy4,125,5046,*TURFH,ed0ard0sena,2025-07-31 00:31:13+00:00
AGU-543_IMG_9673_dummy4.jpg,6/1/2022,Guam-CNMI,AGU-543,dummy4,1111,1623,*EMA,ed0ard0sena,2025-10-17 00:32:29+00:00
AGU-543_IMG_9673_dummy4.jpg,6/1/2022,Guam-CNMI,AGU-543,dummy4,1065,1249,*CCAH,ed0ard0sena,2025-07-31 00:31:13+00:00
AGU-543_IMG_9673_dummy4.jpg,6/1/2022,Guam-CNMI,AGU-543,dummy4,1246,2216,*EMA,ed0ard0sena,2025-07-31 00:31:13+00:00
AGU-543_IMG_9673_dummy4.jpg,6/1/2022,Guam-CNMI,AGU-543,dummy4,1044,3989,*CCAH,ed0ard0sena,2025-07-31 00:31:13+00:00
AGU-543_IMG_9673_dummy4.jpg,6/1/2022,Guam-CNMI,AGU-543,dummy4,2040,1153,*TURFH,ed0ard0sena,2025-07-31 00:31:13+00:00
AGU-543_IMG_9673_dummy4.jpg,6/1/2022,Guam-CNMI,AGU-543,dummy4,3388,1742,*TURFH,ed0ard0sena,2025-07-31 00:31:13+00:00
AGU-543_IMG_9673_dummy4.jpg,6/1/2022,Guam-CNMI,AGU-543,dummy4,3447,1329,*CCAH,ed0ard0sena,2025-07-31 00:31:13+00:00
AGU-543_IMG_9673_dummy4.jpg,6/1/2022,Guam-CNMI,AGU-543,dummy4,3322,3156,*TURFH,ed0ard0sena,2025-10-17 00:32:29+00:00
AGU-548_IMG_1423_dummy4.jpg,6/1/2022,Guam-CNMI,AGU-548,dummy4,499,3547,*TURFH,ed0ard0sena,2025-07-31 00:47:09+00:00
AGU-548_IMG_1423_dummy4.jpg,6/1/2022,Guam-CNMI,AGU-548,dummy4,487,3851,*HALI,ed0ard0sena,2025-07-31 00:47:09+00:00
AGU-548_IMG_1423_dummy4.jpg,6/1/2022,Guam-CNMI,AGU-548,dummy4,203,4002,*TURFH,ed0ard0sena,2025-07-31 00:47:09+00:00
AGU-548_IMG_1423_dummy4.jpg,6/1/2022,Guam-CNMI,AGU-548,dummy4,1420,2403,*FAVS,ed0ard0sena,2025-10-17 00:42:03+00:00
AGU-548_IMG_1423_dummy4.jpg,6/1/2022,Guam-CNMI,AGU-548,dummy4,891,4029,*TURFH,ed0ard0sena,2025-07-31 00:47:09+00:00
AGU-548_IMG_1423_dummy4.jpg,6/1/2022,Guam-CNMI,AGU-548,dummy4,2019,1533,*TURFH,ed0ard0sena,2025-07-31 00:47:09+00:00
AGU-548_IMG_1423_dummy4.jpg,6/1/2022,Guam-CNMI,AGU-548,dummy4,1893,2193,*TURFH,ed0ard0sena,2025-07-31 00:47:09+00:00
AGU-548_IMG_1423_dummy4.jpg,6/1/2022,Guam-CNMI,AGU-548,dummy4,1646,5213,*ASSP,ed0ard0sena,2025-10-17 00:42:03+00:00
AGU-548_IMG_1423_dummy4.jpg,6/1/2022,Guam-CNMI,AGU-548,dummy4,3177,1521,*TURFH,ed0ard0sena,2025-07-31 00:47:09+00:00
AGU-548_IMG_1423_dummy4.jpg,6/1/2022,Guam-CNMI,AGU-548,dummy4,3263,2923,*TURFH,ed0ard0sena,2025-07-31 00:47:09+00:00
AGU-558_IMG_9708_dummy4.jpg,6/1/2022,Guam-CNMI,AGU-558,dummy4,360,297,*EMA,ed0ard0sena,2025-07-31 00:57:45+00:00
AGU-558_IMG_9708_dummy4.jpg,6/1/2022,Guam-CNMI,AGU-558,dummy4,434,1844,*TURFH,ed0ard0sena,2025-07-31 00:57:45+00:00
AGU-558_IMG_9708_dummy4.jpg,6/1/2022,Guam-CNMI,AGU-558,dummy4,862,2336,*POCS,ed0ard0sena,2025-07-31 00:57:45+00:00
AGU-558_IMG_9708_dummy4.jpg,6/1/2022,Guam-CNMI,AGU-558,dummy4,1079,3518,*EMA,ed0ard0sena,2025-07-31 00:57:44+00:00
AGU-558_IMG_9708_dummy4.jpg,6/1/2022,Guam-CNMI,AGU-558,dummy4,1806,1722,*PAEN,ed0ard0sena,2025-10-03 21:09:31+00:00
AGU-558_IMG_9708_dummy4.jpg,6/1/2022,Guam-CNMI,AGU-558,dummy4,1761,3218,*TURFH,ed0ard0sena,2025-07-31 00:57:44+00:00
AGU-558_IMG_9708_dummy4.jpg,6/1/2022,Guam-CNMI,AGU-558,dummy4,2190,1853,*ENC,ed0ard0sena,2025-07-31 00:57:44+00:00
AGU-558_IMG_9708_dummy4.jpg,6/1/2022,Guam-CNMI,AGU-558,dummy4,3482,2739,*EMA,ed0ard0sena,2025-10-17 00:44:48+00:00
AGU-558_IMG_9708_dummy4.jpg,6/1/2022,Guam-CNMI,AGU-558,dummy4,3151,3221,*ENC,ed0ard0sena,2025-07-31 00:57:44+00:00
AGU-558_IMG_9708_dummy4.jpg,6/1/2022,Guam-CNMI,AGU-558,dummy4,2966,3277,*BGMA,ed0ard0sena,2025-10-17 00:44:48+00:00
AGU-558_IMG_9713_dummy4.jpg,6/1/2022,Guam-CNMI,AGU-558,dummy4,1438,3687,*TURFH,ed0ard0sena,2025-07-31 01:07:07+00:00
AGU-558_IMG_9713_dummy4.jpg,6/1/2022,Guam-CNMI,AGU-558,dummy4,1618,847,*TURFH,ed0ard0sena,2025-07-31 01:07:07+00:00
AGU-558_IMG_9713_dummy4.jpg,6/1/2022,Guam-CNMI,AGU-558,dummy4,1576,3645,*TURFH,ed0ard0sena,2025-07-31 01:07:07+00:00
AGU-558_IMG_9713_dummy4.jpg,6/1/2022,Guam-CNMI,AGU-558,dummy4,1713,5293,*SHAD,ed0ard0sena,2025-07-31 01:07:07+00:00
AGU-558_IMG_9713_dummy4.jpg,6/1/2022,Guam-CNMI,AGU-558,dummy4,2312,2882,*TURFH,ed0ard0sena,2025-07-31 01:07:07+00:00
AGU-558_IMG_9713_dummy4.jpg,6/1/2022,Guam-CNMI,AGU-558,dummy4,2542,4803,*TURFH,ed0ard0sena,2025-07-31 01:07:06+00:00
AGU-558_IMG_9713_dummy4.jpg,6/1/2022,Guam-CNMI,AGU-558,dummy4,2400,4438,*TURFH,ed0ard0sena,2025-07-31 01:07:06+00:00
AGU-558_IMG_9713_dummy4.jpg,6/1/2022,Guam-CNMI,AGU-558,dummy4,2466,5277,*TURFH,ed0ard0sena,2025-07-31 01:07:06+00:00
AGU-558_IMG_9713_dummy4.jpg,6/1/2022,Guam-CNMI,AGU-558,dummy4,3460,2082,*TURFH,ed0ard0sena,2025-07-31 01:07:06+00:00
AGU-558_IMG_9713_dummy4.jpg,6/1/2022,Guam-CNMI,AGU-558,dummy4,2996,4034,*ENC,ed0ard0sena,2025-10-03 21:25:40+00:00
AGU-558_IMG_9720_dummy4.jpg,6/1/2022,Guam-CNMI,AGU-558,dummy4,241,1650,*TURFH,ed0ard0sena,2025-07-31 01:12:21+00:00
AGU-558_IMG_9720_dummy4.jpg,6/1/2022,Guam-CNMI,AGU-558,dummy4,145,2933,*HALI,ed0ard0sena,2025-07-31 01:12:21+00:00
AGU-558_IMG_9720_dummy4.jpg,6/1/2022,Guam-CNMI,AGU-558,dummy4,1202,1086,*CCAH,ed0ard0sena,2025-07-31 01:12:21+00:00
AGU-558_IMG_9720_dummy4.jpg,6/1/2022,Guam-CNMI,AGU-558,dummy4,2182,708,*TURFH,ed0ard0sena,2025-07-31 01:12:21+00:00
AGU-558_IMG_9720_dummy4.jpg,6/1/2022,Guam-CNMI,AGU-558,dummy4,2067,672,*PESP,ed0ard0sena,2025-07-31 01:12:21+00:00
AGU-558_IMG_9720_dummy4.jpg,6/1/2022,Guam-CNMI,AGU-558,dummy4,1881,4150,*TURFH,ed0ard0sena,2025-07-31 01:12:21+00:00
AGU-558_IMG_9720_dummy4.jpg,6/1/2022,Guam-CNMI,AGU-558,dummy4,1977,4158,*PESP,ed0ard0sena,2025-10-03 21:26:30+00:00
AGU-558_IMG_9720_dummy4.jpg,6/1/2022,Guam-CNMI,AGU-558,dummy4,3287,2091,*HALI,ed0ard0sena,2025-07-31 01:12:21+00:00
AGU-558_IMG_9720_dummy4.jpg,6/1/2022,Guam-CNMI,AGU-558,dummy4,3357,5382,*TURFH,ed0ard0sena,2025-07-31 01:12:21+00:00
AGU-558_IMG_9720_dummy4.jpg,6/1/2022,Guam-CNMI,AGU-558,dummy4,2994,5238,*BGMA,ed0ard0sena,2025-07-31 01:12:21+00:00
ASC-366_2017_A_11_dummy4.jpg,5/1/2017,Guam-CNMI,ASC-366,dummy4,485,2277,*TURFH,ed0ard0sena,2025-07-31 01:22:09+00:00
ASC-366_2017_A_11_dummy4.jpg,5/1/2017,Guam-CNMI,ASC-366,dummy4,441,3110,*TURFH,ed0ard0sena,2025-07-31 01:22:09+00:00
ASC-366_2017_A_11_dummy4.jpg,5/1/2017,Guam-CNMI,ASC-366,dummy4,440,3944,*CYPS,ed0ard0sena,2025-07-31 01:22:09+00:00
ASC-366_2017_A_11_dummy4.jpg,5/1/2017,Guam-CNMI,ASC-366,dummy4,1125,609,*TURFH,ed0ard0sena,2025-07-31 01:22:09+00:00
ASC-366_2017_A_11_dummy4.jpg,5/1/2017,Guam-CNMI,ASC-366,dummy4,990,787,*TURFH,ed0ard0sena,2025-07-31 01:22:09+00:00
ASC-366_2017_A_11_dummy4.jpg,5/1/2017,Guam-CNMI,ASC-366,dummy4,1723,35,*CCAH,ed0ard0sena,2025-07-31 01:22:09+00:00
ASC-366_2017_A_11_dummy4.jpg,5/1/2017,Guam-CNMI,ASC-366,dummy4,1233,1339,*TURFH,ed0ard0sena,2025-07-31 01:22:09+00:00
ASC-366_2017_A_11_dummy4.jpg,5/1/2017,Guam-CNMI,ASC-366,dummy4,1720,1274,*TURFH,ed0ard0sena,2025-07-31 01:22:09+00:00
ASC-366_2017_A_11_dummy4.jpg,5/1/2017,Guam-CNMI,ASC-366,dummy4,2270,1726,*EMA,ed0ard0sena,2025-10-17 01:03:53+00:00
ASC-366_2017_A_11_dummy4.jpg,5/1/2017,Guam-CNMI,ASC-366,dummy4,2987,2997,*CYPS,ed0ard0sena,2025-10-03 21:37:21+00:00
ASC-369_2017_A_26_dummy4.jpg,5/1/2017,Guam-CNMI,ASC-369,dummy4,412,1343,*TURFH,ed0ard0sena,2025-07-31 01:27:36+00:00
ASC-369_2017_A_26_dummy4.jpg,5/1/2017,Guam-CNMI,ASC-369,dummy4,245,4081,*SHAD,ed0ard0sena,2025-07-31 01:27:36+00:00
ASC-369_2017_A_26_dummy4.jpg,5/1/2017,Guam-CNMI,ASC-369,dummy4,483,4774,*ASSP,ed0ard0sena,2025-07-31 01:27:36+00:00
ASC-369_2017_A_26_dummy4.jpg,5/1/2017,Guam-CNMI,ASC-369,dummy4,218,5175,*ASSP,ed0ard0sena,2025-07-31 01:27:36+00:00
ASC-369_2017_A_26_dummy4.jpg,5/1/2017,Guam-CNMI,ASC-369,dummy4,369,4943,*ASSP,ed0ard0sena,2025-07-31 01:27:36+00:00
ASC-369_2017_A_26_dummy4.jpg,5/1/2017,Guam-CNMI,ASC-369,dummy4,1011,197,*TURFH,ed0ard0sena,2025-07-31 01:27:36+00:00
ASC-369_2017_A_26_dummy4.jpg,5/1/2017,Guam-CNMI,ASC-369,dummy4,1820,3404,*PESP,ed0ard0sena,2025-07-31 01:27:36+00:00
ASC-369_2017_A_26_dummy4.jpg,5/1/2017,Guam-CNMI,ASC-369,dummy4,2203,663,*TURFH,ed0ard0sena,2025-07-31 01:27:36+00:00
ASC-369_2017_A_26_dummy4.jpg,5/1/2017,Guam-CNMI,ASC-369,dummy4,2413,3604,*PESP,ed0ard0sena,2025-07-31 01:27:36+00:00
ASC-369_2017_A_26_dummy4.jpg,5/1/2017,Guam-CNMI,ASC-369,dummy4,2739,5357,*CCAH,ed0ard0sena,2025-10-03 21:39:34+00:00
ASC-372_2017_A_10_dummy4.jpg,5/1/2017,Guam-CNMI,ASC-372,dummy4,1404,2031,*CCAH,ed0ard0sena,2025-07-31 01:38:30+00:00
ASC-372_2017_A_10_dummy4.jpg,5/1/2017,Guam-CNMI,ASC-372,dummy4,2132,698,*GOAL,ed0ard0sena,2025-10-03 21:41:01+00:00
ASC-372_2017_A_10_dummy4.jpg,5/1/2017,Guam-CNMI,ASC-372,dummy4,1904,2612,*TURFH,ed0ard0sena,2025-07-31 01:38:30+00:00
ASC-372_2017_A_10_dummy4.jpg,5/1/2017,Guam-CNMI,ASC-372,dummy4,2739,275,*GOAL,ed0ard0sena,2025-10-03 21:41:01+00:00
ASC-372_2017_A_10_dummy4.jpg,5/1/2017,Guam-CNMI,ASC-372,dummy4,2489,2586,*TURFH,ed0ard0sena,2025-07-31 01:38:30+00:00
ASC-372_2017_A_10_dummy4.jpg,5/1/2017,Guam-CNMI,ASC-372,dummy4,2344,3953,*CCAH,ed0ard0sena,2025-07-31 01:38:30+00:00
ASC-372_2017_A_10_dummy4.jpg,5/1/2017,Guam-CNMI,ASC-372,dummy4,2715,5060,*TURFH,ed0ard0sena,2025-07-31 01:38:30+00:00
ASC-372_2017_A_10_dummy4.jpg,5/1/2017,Guam-CNMI,ASC-372,dummy4,3182,1377,*CCAH,ed0ard0sena,2025-07-31 01:38:30+00:00
ASC-372_2017_A_10_dummy4.jpg,5/1/2017,Guam-CNMI,ASC-372,dummy4,3165,4018,*TURFH,ed0ard0sena,2025-07-31 01:38:30+00:00
ASC-372_2017_A_10_dummy4.jpg,5/1/2017,Guam-CNMI,ASC-372,dummy4,3224,5125,*EMA,ed0ard0sena,2025-10-29 23:09:14+00:00
ASC-373_2017_A_29_dummy4.jpg,5/1/2017,Guam-CNMI,ASC-373,dummy4,44,1084,*EMA,ed0ard0sena,2025-10-29 23:10:53+00:00
ASC-373_2017_A_29_dummy4.jpg,5/1/2017,Guam-CNMI,ASC-373,dummy4,762,855,*PESP,ed0ard0sena,2025-07-31 01:42:45+00:00
ASC-373_2017_A_29_dummy4.jpg,5/1/2017,Guam-CNMI,ASC-373,dummy4,779,1028,*TURFH,ed0ard0sena,2025-07-31 01:42:45+00:00
ASC-373_2017_A_29_dummy4.jpg,5/1/2017,Guam-CNMI,ASC-373,dummy4,753,1084,*TURFH,ed0ard0sena,2025-10-03 21:44:13+00:00
ASC-373_2017_A_29_dummy4.jpg,5/1/2017,Guam-CNMI,ASC-373,dummy4,691,1421,*TURFH,ed0ard0sena,2025-08-01 01:35:28+00:00
ASC-373_2017_A_29_dummy4.jpg,5/1/2017,Guam-CNMI,ASC-373,dummy4,1090,410,*TURFH,ed0ard0sena,2025-08-01 01:35:28+00:00
ASC-373_2017_A_29_dummy4.jpg,5/1/2017,Guam-CNMI,ASC-373,dummy4,989,1747,*POMA,ed0ard0sena,2025-08-01 01:35:28+00:00
ASC-373_2017_A_29_dummy4.jpg,5/1/2017,Guam-CNMI,ASC-373,dummy4,1262,341,*TURFH,ed0ard0sena,2025-08-01 01:35:28+00:00
ASC-373_2017_A_29_dummy4.jpg,5/1/2017,Guam-CNMI,ASC-373,dummy4,1506,828,*TURFH,ed0ard0sena,2025-08-01 01:35:28+00:00
ASC-373_2017_A_29_dummy4.jpg,5/1/2017,Guam-CNMI,ASC-373,dummy4,1490,465,*TURFH,ed0ard0sena,2025-08-01 01:35:28+00:00
ASC-377_2017_A_27_dummy4.jpg,5/1/2017,Guam-CNMI,ASC-377,dummy4,216,814,*PESP,ed0ard0sena,2025-07-31 01:44:45+00:00
ASC-377_2017_A_27_dummy4.jpg,5/1/2017,Guam-CNMI,ASC-377,dummy4,931,310,*TURFH,ed0ard0sena,2025-07-31 01:44:45+00:00
ASC-377_2017_A_27_dummy4.jpg,5/1/2017,Guam-CNMI,ASC-377,dummy4,1150,2534,*CCAH,ed0ard0sena,2025-07-31 01:44:45+00:00
ASC-377_2017_A_27_dummy4.jpg,5/1/2017,Guam-CNMI,ASC-377,dummy4,732,2683,*TURFH,ed0ard0sena,2025-07-31 01:44:44+00:00
ASC-377_2017_A_27_dummy4.jpg,5/1/2017,Guam-CNMI,ASC-377,dummy4,1776,405,*CCAH,ed0ard0sena,2025-07-31 01:44:44+00:00
ASC-377_2017_A_27_dummy4.jpg,5/1/2017,Guam-CNMI,ASC-377,dummy4,2017,417,*TURFH,ed0ard0sena,2025-07-31 01:44:44+00:00
ASC-377_2017_A_27_dummy4.jpg,5/1/2017,Guam-CNMI,ASC-377,dummy4,2071,1441,*HALI,ed0ard0sena,2025-07-31 01:44:44+00:00
ASC-377_2017_A_27_dummy4.jpg,5/1/2017,Guam-CNMI,ASC-377,dummy4,1907,4770,*TURFH,ed0ard0sena,2025-07-31 01:44:44+00:00
ASC-377_2017_A_27_dummy4.jpg,5/1/2017,Guam-CNMI,ASC-377,dummy4,2675,1639,*TURFH,ed0ard0sena,2025-07-31 01:44:44+00:00
ASC-377_2017_A_27_dummy4.jpg,5/1/2017,Guam-CNMI,ASC-377,dummy4,3050,1120,*TURFH,ed0ard0sena,2025-07-31 01:44:44+00:00
ASC-379_2017_A_04_dummy4.jpg,5/1/2017,Guam-CNMI,ASC-379,dummy4,193,701,*PAEN,ed0ard0sena,2025-10-03 22:04:47+00:00
ASC-379_2017_A_04_dummy4.jpg,5/1/2017,Guam-CNMI,ASC-379,dummy4,441,4624,*FASP,ed0ard0sena,2025-10-29 23:20:32+00:00
ASC-379_2017_A_04_dummy4.jpg,5/1/2017,Guam-CNMI,ASC-379,dummy4,1104,3769,*ACBR,ed0ard0sena,2025-07-31 02:02:46+00:00
ASC-379_2017_A_04_dummy4.jpg,5/1/2017,Guam-CNMI,ASC-379,dummy4,833,5110,*TURFH,ed0ard0sena,2025-07-31 02:02:46+00:00
ASC-379_2017_A_04_dummy4.jpg,5/1/2017,Guam-CNMI,ASC-379,dummy4,2425,2656,*EMA,ed0ard0sena,2025-07-31 02:02:46+00:00
ASC-379_2017_A_04_dummy4.jpg,5/1/2017,Guam-CNMI,ASC-379,dummy4,2654,4006,*TURFH,ed0ard0sena,2025-07-31 02:02:46+00:00
ASC-379_2017_A_04_dummy4.jpg,5/1/2017,Guam-CNMI,ASC-379,dummy4,2199,5403,*TURFH,ed0ard0sena,2025-07-31 02:02:46+00:00
ASC-379_2017_A_04_dummy4.jpg,5/1/2017,Guam-CNMI,ASC-379,dummy4,3076,2841,*PAEN,ed0ard0sena,2025-07-31 02:02:46+00:00
ASC-379_2017_A_04_dummy4.jpg,5/1/2017,Guam-CNMI,ASC-379,dummy4,3069,2961,*PAEN,ed0ard0sena,2025-07-31 02:02:46+00:00
ASC-379_2017_A_04_dummy4.jpg,5/1/2017,Guam-CNMI,ASC-379,dummy4,3033,3589,*TURFH,ed0ard0sena,2025-07-31 02:02:46+00:00
ASC-380_2017_A_02_dummy4.jpg,5/1/2017,Guam-CNMI,ASC-380,dummy4,23,417,*POEN,ed0ard0sena,2025-07-31 02:06:09+00:00
ASC-380_2017_A_02_dummy4.jpg,5/1/2017,Guam-CNMI,ASC-380,dummy4,101,522,*POEN,ed0ard0sena,2025-07-31 02:06:09+00:00
ASC-380_2017_A_02_dummy4.jpg,5/1/2017,Guam-CNMI,ASC-380,dummy4,461,643,*TURFH,ed0ard0sena,2025-07-31 02:06:09+00:00
ASC-380_2017_A_02_dummy4.jpg,5/1/2017,Guam-CNMI,ASC-380,dummy4,731,1211,*EMA,ed0ard0sena,2025-08-01 01:36:22+00:00
ASC-380_2017_A_02_dummy4.jpg,5/1/2017,Guam-CNMI,ASC-380,dummy4,857,1551,*OCTO,ed0ard0sena,2025-08-01 01:36:22+00:00
ASC-380_2017_A_02_dummy4.jpg,5/1/2017,Guam-CNMI,ASC-380,dummy4,692,1428,*TURFH,ed0ard0sena,2025-08-01 01:36:22+00:00
ASC-380_2017_A_02_dummy4.jpg,5/1/2017,Guam-CNMI,ASC-380,dummy4,1094,765,*TURFH,ed0ard0sena,2025-08-01 01:36:22+00:00
ASC-380_2017_A_02_dummy4.jpg,5/1/2017,Guam-CNMI,ASC-380,dummy4,1134,620,*TURFH,ed0ard0sena,2025-08-01 01:36:22+00:00
ASC-380_2017_A_02_dummy4.jpg,5/1/2017,Guam-CNMI,ASC-380,dummy4,1389,725,*TURFH,ed0ard0sena,2025-08-01 01:36:22+00:00
ASC-380_2017_A_02_dummy4.jpg,5/1/2017,Guam-CNMI,ASC-380,dummy4,1330,1491,*TURFH,ed0ard0sena,2025-08-01 01:36:22+00:00
ASC-385_2017_A_12_dummy4.jpg,5/1/2017,Guam-CNMI,ASC-385,dummy4,656,745,*TURFH,ed0ard0sena,2025-07-31 02:07:50+00:00
ASC-385_2017_A_12_dummy4.jpg,5/1/2017,Guam-CNMI,ASC-385,dummy4,147,4869,*BGMA,ed0ard0sena,2025-07-31 02:07:50+00:00
ASC-385_2017_A_12_dummy4.jpg,5/1/2017,Guam-CNMI,ASC-385,dummy4,1279,344,*SHAD,ed0ard0sena,2025-07-31 02:07:50+00:00
ASC-385_2017_A_12_dummy4.jpg,5/1/2017,Guam-CNMI,ASC-385,dummy4,1792,1977,*TURFH,ed0ard0sena,2025-07-31 02:07:50+00:00
ASC-385_2017_A_12_dummy4.jpg,5/1/2017,Guam-CNMI,ASC-385,dummy4,1905,3229,*CCAH,ed0ard0sena,2025-10-03 22:09:44+00:00
ASC-385_2017_A_12_dummy4.jpg,5/1/2017,Guam-CNMI,ASC-385,dummy4,2841,3959,*TURFH,ed0ard0sena,2025-07-31 02:07:50+00:00
ASC-385_2017_A_12_dummy4.jpg,5/1/2017,Guam-CNMI,ASC-385,dummy4,2485,5067,*BGMA,ed0ard0sena,2025-07-31 02:07:50+00:00
ASC-385_2017_A_12_dummy4.jpg,5/1/2017,Guam-CNMI,ASC-385,dummy4,2784,4438,*BGMA,ed0ard0sena,2025-07-31 02:07:50+00:00
ASC-385_2017_A_12_dummy4.jpg,5/1/2017,Guam-CNMI,ASC-385,dummy4,3031,925,*BGMA,ed0ard0sena,2025-07-31 02:07:50+00:00
ASC-385_2017_A_12_dummy4.jpg,5/1/2017,Guam-CNMI,ASC-385,dummy4,3256,4943,*BGMA,ed0ard0sena,2025-07-31 02:07:49+00:00
ASC-386_2017_A_25_dummy4.jpg,5/1/2017,Guam-CNMI,ASC-386,dummy4,366,3220,*POMA,ed0ard0sena,2025-07-31 02:18:11+00:00
ASC-386_2017_A_25_dummy4.jpg,5/1/2017,Guam-CNMI,ASC-386,dummy4,206,4957,*HCOE,ed0ard0sena,2025-07-31 02:18:10+00:00
ASC-386_2017_A_25_dummy4.jpg,5/1/2017,Guam-CNMI,ASC-386,dummy4,784,2443,*POMA,ed0ard0sena,2025-07-31 02:18:10+00:00
ASC-386_2017_A_25_dummy4.jpg,5/1/2017,Guam-CNMI,ASC-386,dummy4,1317,2831,*POMA,ed0ard0sena,2025-07-31 02:18:10+00:00
ASC-386_2017_A_25_dummy4.jpg,5/1/2017,Guam-CNMI,ASC-386,dummy4,1046,4724,*TURFH,ed0ard0sena,2025-07-31 02:18:10+00:00
ASC-386_2017_A_25_dummy4.jpg,5/1/2017,Guam-CNMI,ASC-386,dummy4,859,5247,*TURFH,ed0ard0sena,2025-07-31 02:18:10+00:00
ASC-386_2017_A_25_dummy4.jpg,5/1/2017,Guam-CNMI,ASC-386,dummy4,774,4545,*SHAD,ed0ard0sena,2025-07-31 02:18:10+00:00
ASC-386_2017_A_25_dummy4.jpg,5/1/2017,Guam-CNMI,ASC-386,dummy4,2110,1164,*FASP,ed0ard0sena,2025-10-03 22:16:55+00:00
ASC-386_2017_A_25_dummy4.jpg,5/1/2017,Guam-CNMI,ASC-386,dummy4,1886,3402,*HCOE,ed0ard0sena,2025-07-31 02:18:10+00:00
ASC-386_2017_A_25_dummy4.jpg,5/1/2017,Guam-CNMI,ASC-386,dummy4,3220,2577,*POEN,ed0ard0sena,2025-07-31 02:18:10+00:00
ASC-388_2017_A_01_dummy4.jpg,5/1/2017,Guam-CNMI,ASC-388,dummy4,651,488,*ASSP,ed0ard0sena,2025-07-31 02:24:59+00:00
ASC-388_2017_A_01_dummy4.jpg,5/1/2017,Guam-CNMI,ASC-388,dummy4,903,2281,*LEPT,ed0ard0sena,2025-07-31 02:24:59+00:00
ASC-388_2017_A_01_dummy4.jpg,5/1/2017,Guam-CNMI,ASC-388,dummy4,1608,4728,*TURFH,ed0ard0sena,2025-07-31 02:24:59+00:00
ASC-388_2017_A_01_dummy4.jpg,5/1/2017,Guam-CNMI,ASC-388,dummy4,1873,4924,*TURFH,ed0ard0sena,2025-07-31 02:24:59+00:00
ASC-388_2017_A_01_dummy4.jpg,5/1/2017,Guam-CNMI,ASC-388,dummy4,2561,338,*PAEN,ed0ard0sena,2025-07-31 02:24:59+00:00
ASC-388_2017_A_01_dummy4.jpg,5/1/2017,Guam-CNMI,ASC-388,dummy4,2480,2667,*BGMA,ed0ard0sena,2025-07-31 02:24:59+00:00
ASC-388_2017_A_01_dummy4.jpg,5/1/2017,Guam-CNMI,ASC-388,dummy4,2886,4241,*TURFH,ed0ard0sena,2025-07-31 02:24:59+00:00
ASC-388_2017_A_01_dummy4.jpg,5/1/2017,Guam-CNMI,ASC-388,dummy4,2638,3303,*BGMA,ed0ard0sena,2025-07-31 02:24:59+00:00
ASC-388_2017_A_01_dummy4.jpg,5/1/2017,Guam-CNMI,ASC-388,dummy4,3467,310,*TURFH,ed0ard0sena,2025-07-31 02:24:59+00:00
ASC-388_2017_A_01_dummy4.jpg,5/1/2017,Guam-CNMI,ASC-388,dummy4,3057,871,*HALI,ed0ard0sena,2025-07-31 02:24:59+00:00
ASC-392_2017_A_21_dummy4.jpg,5/1/2017,Guam-CNMI,ASC-392,dummy4,116,319,*SHAD,ed0ard0sena,2025-07-31 02:29:23+00:00
ASC-392_2017_A_21_dummy4.jpg,5/1/2017,Guam-CNMI,ASC-392,dummy4,32,1549,*TURFH,ed0ard0sena,2025-10-17 01:30:03+00:00
ASC-392_2017_A_21_dummy4.jpg,5/1/2017,Guam-CNMI,ASC-392,dummy4,423,840,*TURFH,ed0ard0sena,2025-07-31 02:29:23+00:00
ASC-392_2017_A_21_dummy4.jpg,5/1/2017,Guam-CNMI,ASC-392,dummy4,804,438,*STYS,ed0ard0sena,2025-07-31 02:29:23+00:00
ASC-392_2017_A_21_dummy4.jpg,5/1/2017,Guam-CNMI,ASC-392,dummy4,906,1354,*TURFH,ed0ard0sena,2025-07-31 02:29:23+00:00
ASC-392_2017_A_21_dummy4.jpg,5/1/2017,Guam-CNMI,ASC-392,dummy4,740,2080,*HARD,ed0ard0sena,2025-10-29 23:24:52+00:00
ASC-392_2017_A_21_dummy4.jpg,5/1/2017,Guam-CNMI,ASC-392,dummy4,1007,1647,*TURFH,ed0ard0sena,2025-07-31 02:29:23+00:00
ASC-392_2017_A_21_dummy4.jpg,5/1/2017,Guam-CNMI,ASC-392,dummy4,1101,1447,*TURFH,ed0ard0sena,2025-07-31 02:29:23+00:00
ASC-392_2017_A_21_dummy4.jpg,5/1/2017,Guam-CNMI,ASC-392,dummy4,1346,273,*TURFH,ed0ard0sena,2025-07-31 02:29:23+00:00
ASC-392_2017_A_21_dummy4.jpg,5/1/2017,Guam-CNMI,ASC-392,dummy4,1508,2128,*SHAD,ed0ard0sena,2025-07-31 02:29:23+00:00
ASC-394_2017_A_27_dummy4.jpg,5/1/2017,Guam-CNMI,ASC-394,dummy4,393,672,*TURFH,ed0ard0sena,2025-07-31 17:52:36+00:00
ASC-394_2017_A_27_dummy4.jpg,5/1/2017,Guam-CNMI,ASC-394,dummy4,505,2778,*TURFH,ed0ard0sena,2025-07-31 17:52:36+00:00
ASC-394_2017_A_27_dummy4.jpg,5/1/2017,Guam-CNMI,ASC-394,dummy4,1174,3194,*SHAD,ed0ard0sena,2025-07-31 17:52:36+00:00
ASC-394_2017_A_27_dummy4.jpg,5/1/2017,Guam-CNMI,ASC-394,dummy4,1214,3319,*PESP,ed0ard0sena,2025-07-31 17:52:36+00:00
ASC-394_2017_A_27_dummy4.jpg,5/1/2017,Guam-CNMI,ASC-394,dummy4,1388,3877,*PESP,ed0ard0sena,2025-07-31 17:52:36+00:00
ASC-394_2017_A_27_dummy4.jpg,5/1/2017,Guam-CNMI,ASC-394,dummy4,2035,352,*TURFH,ed0ard0sena,2025-07-31 17:52:36+00:00
ASC-394_2017_A_27_dummy4.jpg,5/1/2017,Guam-CNMI,ASC-394,dummy4,1868,2205,*TURFH,ed0ard0sena,2025-07-31 17:52:36+00:00
ASC-394_2017_A_27_dummy4.jpg,5/1/2017,Guam-CNMI,ASC-394,dummy4,1482,2526,*TURFH,ed0ard0sena,2025-07-31 17:52:36+00:00
ASC-394_2017_A_27_dummy4.jpg,5/1/2017,Guam-CNMI,ASC-394,dummy4,2565,2215,*TURFH,ed0ard0sena,2025-07-31 17:52:36+00:00
ASC-394_2017_A_27_dummy4.jpg,5/1/2017,Guam-CNMI,ASC-394,dummy4,3590,4664,*POMA,ed0ard0sena,2025-07-31 17:52:36+00:00
ASC-401_2017_A_15_dummy4.jpg,5/1/2017,Guam-CNMI,ASC-401,dummy4,24,2384,*EMA,ed0ard0sena,2025-10-17 01:31:03+00:00
ASC-401_2017_A_15_dummy4.jpg,5/1/2017,Guam-CNMI,ASC-401,dummy4,345,2517,*POCS,ed0ard0sena,2025-07-31 17:55:55+00:00
ASC-401_2017_A_15_dummy4.jpg,5/1/2017,Guam-CNMI,ASC-401,dummy4,312,3516,*TURFH,ed0ard0sena,2025-07-31 17:55:54+00:00
ASC-401_2017_A_15_dummy4.jpg,5/1/2017,Guam-CNMI,ASC-401,dummy4,882,3138,*SAND,ed0ard0sena,2025-10-17 01:31:03+00:00
ASC-401_2017_A_15_dummy4.jpg,5/1/2017,Guam-CNMI,ASC-401,dummy4,1407,1466,*CCAH,ed0ard0sena,2025-10-03 22:48:54+00:00
ASC-401_2017_A_15_dummy4.jpg,5/1/2017,Guam-CNMI,ASC-401,dummy4,1385,3093,*PAMA,ed0ard0sena,2025-07-31 17:55:54+00:00
ASC-401_2017_A_15_dummy4.jpg,5/1/2017,Guam-CNMI,ASC-401,dummy4,1489,3239,*PAMA,ed0ard0sena,2025-07-31 17:55:54+00:00
ASC-401_2017_A_15_dummy4.jpg,5/1/2017,Guam-CNMI,ASC-401,dummy4,1828,2818,*GONS,ed0ard0sena,2025-07-31 17:55:54+00:00
ASC-401_2017_A_15_dummy4.jpg,5/1/2017,Guam-CNMI,ASC-401,dummy4,2238,3952,*TURFH,ed0ard0sena,2025-07-31 17:55:54+00:00
ASC-401_2017_A_15_dummy4.jpg,5/1/2017,Guam-CNMI,ASC-401,dummy4,2179,3396,*SAND,ed0ard0sena,2025-10-17 01:31:06+00:00
FDP-251_2017_A_24_dummy4.jpg,5/1/2017,Guam-CNMI,FDP-251,dummy4,504,2180,*TURFH,ed0ard0sena,2025-07-31 17:56:51+00:00
FDP-251_2017_A_24_dummy4.jpg,5/1/2017,Guam-CNMI,FDP-251,dummy4,965,851,*TURFH,ed0ard0sena,2025-07-31 17:56:51+00:00
FDP-251_2017_A_24_dummy4.jpg,5/1/2017,Guam-CNMI,FDP-251,dummy4,1370,1483,*TURFH,ed0ard0sena,2025-10-03 22:51:24+00:00
FDP-251_2017_A_24_dummy4.jpg,5/1/2017,Guam-CNMI,FDP-251,dummy4,1626,1715,*TURFH,ed0ard0sena,2025-10-03 22:51:24+00:00
FDP-251_2017_A_24_dummy4.jpg,5/1/2017,Guam-CNMI,FDP-251,dummy4,1256,2992,*POCS,ed0ard0sena,2025-07-31 17:56:51+00:00
FDP-251_2017_A_24_dummy4.jpg,5/1/2017,Guam-CNMI,FDP-251,dummy4,1229,3120,*TURFR,ed0ard0sena,2025-10-29 23:27:29+00:00
FDP-251_2017_A_24_dummy4.jpg,5/1/2017,Guam-CNMI,FDP-251,dummy4,1241,3920,*TURFH,ed0ard0sena,2025-07-31 17:56:51+00:00
FDP-251_2017_A_24_dummy4.jpg,5/1/2017,Guam-CNMI,FDP-251,dummy4,2033,4,*POCS,ed0ard0sena,2025-07-31 17:56:51+00:00
FDP-251_2017_A_24_dummy4.jpg,5/1/2017,Guam-CNMI,FDP-251,dummy4,2325,3306,*POCS,ed0ard0sena,2025-07-31 17:56:51+00:00
FDP-251_2017_A_24_dummy4.jpg,5/1/2017,Guam-CNMI,FDP-251,dummy4,2345,3848,*TURFH,ed0ard0sena,2025-07-31 17:56:51+00:00
FDP-254_2017_A_16_dummy4.jpg,5/1/2017,Guam-CNMI,FDP-254,dummy4,249,917,*TURFH,ed0ard0sena,2025-07-31 18:01:47+00:00
FDP-254_2017_A_16_dummy4.jpg,5/1/2017,Guam-CNMI,FDP-254,dummy4,480,2142,*CCAH,ed0ard0sena,2025-07-31 18:01:47+00:00
FDP-254_2017_A_16_dummy4.jpg,5/1/2017,Guam-CNMI,FDP-254,dummy4,486,4978,*POCS,ed0ard0sena,2025-07-31 18:01:47+00:00
FDP-254_2017_A_16_dummy4.jpg,5/1/2017,Guam-CNMI,FDP-254,dummy4,1099,488,*TURFH,ed0ard0sena,2025-07-31 18:01:47+00:00
FDP-254_2017_A_16_dummy4.jpg,5/1/2017,Guam-CNMI,FDP-254,dummy4,788,2832,*TURFH,ed0ard0sena,2025-07-31 18:01:47+00:00
FDP-254_2017_A_16_dummy4.jpg,5/1/2017,Guam-CNMI,FDP-254,dummy4,1346,4127,*EMA,ed0ard0sena,2025-07-31 18:01:47+00:00
FDP-254_2017_A_16_dummy4.jpg,5/1/2017,Guam-CNMI,FDP-254,dummy4,1836,4319,*CCAH,ed0ard0sena,2025-07-31 18:01:47+00:00
FDP-254_2017_A_16_dummy4.jpg,5/1/2017,Guam-CNMI,FDP-254,dummy4,2508,759,*POCS,ed0ard0sena,2025-07-31 18:01:47+00:00
FDP-254_2017_A_16_dummy4.jpg,5/1/2017,Guam-CNMI,FDP-254,dummy4,2388,3037,*SP,ed0ard0sena,2025-07-31 18:01:47+00:00
FDP-254_2017_A_16_dummy4.jpg,5/1/2017,Guam-CNMI,FDP-254,dummy4,3411,3678,*CCAH,ed0ard0sena,2025-10-29 23:28:17+00:00
FDP-282_2017_A_16_dummy4.jpg,5/1/2017,Guam-CNMI,FDP-282,dummy4,218,1710,*TURFH,ed0ard0sena,2025-07-31 18:02:44+00:00
FDP-282_2017_A_16_dummy4.jpg,5/1/2017,Guam-CNMI,FDP-282,dummy4,728,1598,*TURFH,ed0ard0sena,2025-07-31 18:02:44+00:00
FDP-282_2017_A_16_dummy4.jpg,5/1/2017,Guam-CNMI,FDP-282,dummy4,1092,3619,*TURFH,ed0ard0sena,2025-07-31 18:02:44+00:00
FDP-282_2017_A_16_dummy4.jpg,5/1/2017,Guam-CNMI,FDP-282,dummy4,1704,2257,*TURFH,ed0ard0sena,2025-07-31 18:02:44+00:00
FDP-282_2017_A_16_dummy4.jpg,5/1/2017,Guam-CNMI,FDP-282,dummy4,1238,3385,*TURFH,ed0ard0sena,2025-07-31 18:02:44+00:00
FDP-282_2017_A_16_dummy4.jpg,5/1/2017,Guam-CNMI,FDP-282,dummy4,2064,1369,*TURFH,ed0ard0sena,2025-07-31 18:02:44+00:00
FDP-282_2017_A_16_dummy4.jpg,5/1/2017,Guam-CNMI,FDP-282,dummy4,2154,1379,*TURFH,ed0ard0sena,2025-07-31 18:02:44+00:00
FDP-282_2017_A_16_dummy4.jpg,5/1/2017,Guam-CNMI,FDP-282,dummy4,1938,2985,*TURFH,ed0ard0sena,2025-07-31 18:02:44+00:00
FDP-282_2017_A_16_dummy4.jpg,5/1/2017,Guam-CNMI,FDP-282,dummy4,2563,1782,*TURFH,ed0ard0sena,2025-07-31 18:02:44+00:00
FDP-282_2017_A_16_dummy4.jpg,5/1/2017,Guam-CNMI,FDP-282,dummy4,2829,2732,*TURFH,ed0ard0sena,2025-07-31 18:02:44+00:00
GUA-2662_IMG_2505_dummy4.jpg,6/1/2022,Guam-CNMI,GUA-2662,dummy4,137,1112,*TURFH,ed0ard0sena,2025-07-31 18:04:29+00:00
GUA-2662_IMG_2505_dummy4.jpg,6/1/2022,Guam-CNMI,GUA-2662,dummy4,1464,2151,*TURFH,ed0ard0sena,2025-07-31 18:04:29+00:00
GUA-2662_IMG_2505_dummy4.jpg,6/1/2022,Guam-CNMI,GUA-2662,dummy4,1312,2497,*TURFH,ed0ard0sena,2025-07-31 18:04:29+00:00
GUA-2662_IMG_2505_dummy4.jpg,6/1/2022,Guam-CNMI,GUA-2662,dummy4,1752,3539,*CCAH,ed0ard0sena,2025-07-31 18:04:29+00:00
GUA-2662_IMG_2505_dummy4.jpg,6/1/2022,Guam-CNMI,GUA-2662,dummy4,3071,1402,*ASTS,ed0ard0sena,2025-07-31 18:04:29+00:00
GUA-2662_IMG_2505_dummy4.jpg,6/1/2022,Guam-CNMI,GUA-2662,dummy4,3276,1686,*TURFH,ed0ard0sena,2025-07-31 18:04:29+00:00
GUA-2662_IMG_2505_dummy4.jpg,6/1/2022,Guam-CNMI,GUA-2662,dummy4,4292,360,*TURFH,ed0ard0sena,2025-07-31 18:04:29+00:00
GUA-2662_IMG_2505_dummy4.jpg,6/1/2022,Guam-CNMI,GUA-2662,dummy4,4163,3080,*TURFH,ed0ard0sena,2025-07-31 18:04:29+00:00
GUA-2662_IMG_2505_dummy4.jpg,6/1/2022,Guam-CNMI,GUA-2662,dummy4,4921,604,*HALI,ed0ard0sena,2025-07-31 18:04:28+00:00
GUA-2662_IMG_2505_dummy4.jpg,6/1/2022,Guam-CNMI,GUA-2662,dummy4,4523,3072,*TURFH,ed0ard0sena,2025-07-31 18:04:28+00:00
GUA-2662_IMG_2515_dummy4.jpg,6/1/2022,Guam-CNMI,GUA-2662,dummy4,736,1031,*POCS,ed0ard0sena,2025-07-31 18:06:59+00:00
GUA-2662_IMG_2515_dummy4.jpg,6/1/2022,Guam-CNMI,GUA-2662,dummy4,131,2078,*HALI,ed0ard0sena,2025-07-31 18:06:59+00:00
GUA-2662_IMG_2515_dummy4.jpg,6/1/2022,Guam-CNMI,GUA-2662,dummy4,152,1625,*TURFH,ed0ard0sena,2025-07-31 18:06:59+00:00
GUA-2662_IMG_2515_dummy4.jpg,6/1/2022,Guam-CNMI,GUA-2662,dummy4,3261,1453,*TURFH,ed0ard0sena,2025-07-31 18:06:59+00:00
GUA-2662_IMG_2515_dummy4.jpg,6/1/2022,Guam-CNMI,GUA-2662,dummy4,3274,3133,*TURFH,ed0ard0sena,2025-07-31 18:06:59+00:00
GUA-2662_IMG_2515_dummy4.jpg,6/1/2022,Guam-CNMI,GUA-2662,dummy4,3335,369,*POEN,ed0ard0sena,2025-07-31 18:06:59+00:00
GUA-2662_IMG_2515_dummy4.jpg,6/1/2022,Guam-CNMI,GUA-2662,dummy4,4262,3366,*TURFH,ed0ard0sena,2025-07-31 18:06:59+00:00
GUA-2662_IMG_2515_dummy4.jpg,6/1/2022,Guam-CNMI,GUA-2662,dummy4,3634,3195,*TURFH,ed0ard0sena,2025-07-31 18:06:59+00:00
GUA-2662_IMG_2515_dummy4.jpg,6/1/2022,Guam-CNMI,GUA-2662,dummy4,4266,3502,*TURFH,ed0ard0sena,2025-07-31 18:06:59+00:00
GUA-2662_IMG_2515_dummy4.jpg,6/1/2022,Guam-CNMI,GUA-2662,dummy4,4739,1843,*TURFH,ed0ard0sena,2025-07-31 18:06:59+00:00
GUA-2677_IMG_9574_dummy4.jpg,6/1/2022,Guam-CNMI,GUA-2677,dummy4,543,108,*TURFH,ed0ard0sena,2025-07-31 18:24:59+00:00
GUA-2677_IMG_9574_dummy4.jpg,6/1/2022,Guam-CNMI,GUA-2677,dummy4,108,859,*ASTS,ed0ard0sena,2025-07-31 18:24:59+00:00
GUA-2677_IMG_9574_dummy4.jpg,6/1/2022,Guam-CNMI,GUA-2677,dummy4,623,3297,*TURFH,ed0ard0sena,2025-07-31 18:24:59+00:00
GUA-2677_IMG_9574_dummy4.jpg,6/1/2022,Guam-CNMI,GUA-2677,dummy4,451,3637,*TURFH,ed0ard0sena,2025-07-31 18:24:59+00:00
GUA-2677_IMG_9574_dummy4.jpg,6/1/2022,Guam-CNMI,GUA-2677,dummy4,1404,3641,*TURFH,ed0ard0sena,2025-07-31 18:24:59+00:00
GUA-2677_IMG_9574_dummy4.jpg,6/1/2022,Guam-CNMI,GUA-2677,dummy4,2732,548,*TURFH,ed0ard0sena,2025-07-31 18:24:59+00:00
GUA-2677_IMG_9574_dummy4.jpg,6/1/2022,Guam-CNMI,GUA-2677,dummy4,2692,1139,*TURFH,ed0ard0sena,2025-07-31 18:24:59+00:00
GUA-2677_IMG_9574_dummy4.jpg,6/1/2022,Guam-CNMI,GUA-2677,dummy4,2800,2327,*TURFH,ed0ard0sena,2025-07-31 18:24:59+00:00
GUA-2677_IMG_9574_dummy4.jpg,6/1/2022,Guam-CNMI,GUA-2677,dummy4,2411,2487,*TURFH,ed0ard0sena,2025-10-29 23:31:45+00:00
GUA-2677_IMG_9574_dummy4.jpg,6/1/2022,Guam-CNMI,GUA-2677,dummy4,4162,2654,*TURFH,ed0ard0sena,2025-07-31 18:24:59+00:00
GUA-2684_IMG_0688_dummy4.jpg,6/1/2022,Guam-CNMI,GUA-2684,dummy4,468,1380,*PAMA,ed0ard0sena,2025-07-31 18:31:59+00:00
GUA-2684_IMG_0688_dummy4.jpg,6/1/2022,Guam-CNMI,GUA-2684,dummy4,9,4335,*CCAH,ed0ard0sena,2025-07-31 18:31:59+00:00
GUA-2684_IMG_0688_dummy4.jpg,6/1/2022,Guam-CNMI,GUA-2684,dummy4,1368,95,*TURFH,ed0ard0sena,2025-07-31 18:31:59+00:00
GUA-2684_IMG_0688_dummy4.jpg,6/1/2022,Guam-CNMI,GUA-2684,dummy4,1225,486,*CCAH,ed0ard0sena,2025-07-31 18:31:59+00:00
GUA-2684_IMG_0688_dummy4.jpg,6/1/2022,Guam-CNMI,GUA-2684,dummy4,2235,1391,*ENC,ed0ard0sena,2025-07-31 18:31:59+00:00
GUA-2684_IMG_0688_dummy4.jpg,6/1/2022,Guam-CNMI,GUA-2684,dummy4,2410,1201,*SHAD,ed0ard0sena,2025-07-31 18:31:59+00:00
GUA-2684_IMG_0688_dummy4.jpg,6/1/2022,Guam-CNMI,GUA-2684,dummy4,2459,1499,*RUB,ed0ard0sena,2025-07-31 18:31:59+00:00
GUA-2684_IMG_0688_dummy4.jpg,6/1/2022,Guam-CNMI,GUA-2684,dummy4,3596,744,*TURFH,ed0ard0sena,2025-07-31 18:31:59+00:00
GUA-2684_IMG_0688_dummy4.jpg,6/1/2022,Guam-CNMI,GUA-2684,dummy4,3452,1963,*CCAH,ed0ard0sena,2025-07-31 18:31:59+00:00
GUA-2684_IMG_0688_dummy4.jpg,6/1/2022,Guam-CNMI,GUA-2684,dummy4,3134,1516,*CCAH,ed0ard0sena,2025-07-31 18:31:59+00:00
GUA-2696_IMG_2566_dummy4.jpg,6/1/2022,Guam-CNMI,GUA-2696,dummy4,43,222,*TURFH,ed0ard0sena,2025-07-31 18:34:50+00:00
GUA-2696_IMG_2566_dummy4.jpg,6/1/2022,Guam-CNMI,GUA-2696,dummy4,87,802,*TURFH,ed0ard0sena,2025-07-31 18:34:50+00:00
GUA-2696_IMG_2566_dummy4.jpg,6/1/2022,Guam-CNMI,GUA-2696,dummy4,25,2244,*TURFH,ed0ard0sena,2025-07-31 18:34:50+00:00
GUA-2696_IMG_2566_dummy4.jpg,6/1/2022,Guam-CNMI,GUA-2696,dummy4,1794,1339,*TURFH,ed0ard0sena,2025-07-31 18:34:50+00:00
GUA-2696_IMG_2566_dummy4.jpg,6/1/2022,Guam-CNMI,GUA-2696,dummy4,1391,1141,*TURFH,ed0ard0sena,2025-07-31 18:34:50+00:00
GUA-2696_IMG_2566_dummy4.jpg,6/1/2022,Guam-CNMI,GUA-2696,dummy4,2139,1100,*TURFH,ed0ard0sena,2025-07-31 18:34:50+00:00
GUA-2696_IMG_2566_dummy4.jpg,6/1/2022,Guam-CNMI,GUA-2696,dummy4,2973,2897,*TURFH,ed0ard0sena,2025-07-31 18:34:50+00:00
GUA-2696_IMG_2566_dummy4.jpg,6/1/2022,Guam-CNMI,GUA-2696,dummy4,4326,3186,*POMA,ed0ard0sena,2025-07-31 18:34:50+00:00
GUA-2696_IMG_2566_dummy4.jpg,6/1/2022,Guam-CNMI,GUA-2696,dummy4,5001,363,*PADI,ed0ard0sena,2025-07-31 18:34:50+00:00
GUA-2696_IMG_2566_dummy4.jpg,6/1/2022,Guam-CNMI,GUA-2696,dummy4,4603,2284,*TURFH,ed0ard0sena,2025-07-31 18:34:50+00:00
GUA-2699_IMG_9545_dummy4.jpg,6/1/2022,Guam-CNMI,GUA-2699,dummy4,396,3054,*TURFH,ed0ard0sena,2025-07-31 18:44:31+00:00
GUA-2699_IMG_9545_dummy4.jpg,6/1/2022,Guam-CNMI,GUA-2699,dummy4,31,3833,*SAND,ed0ard0sena,2025-10-03 23:29:56+00:00
GUA-2699_IMG_9545_dummy4.jpg,6/1/2022,Guam-CNMI,GUA-2699,dummy4,309,4789,*TURFH,ed0ard0sena,2025-07-31 18:44:31+00:00
GUA-2699_IMG_9545_dummy4.jpg,6/1/2022,Guam-CNMI,GUA-2699,dummy4,1443,2954,*TURFH,ed0ard0sena,2025-07-31 18:44:31+00:00
GUA-2699_IMG_9545_dummy4.jpg,6/1/2022,Guam-CNMI,GUA-2699,dummy4,1337,2369,*TURFH,ed0ard0sena,2025-07-31 18:44:31+00:00
GUA-2699_IMG_9545_dummy4.jpg,6/1/2022,Guam-CNMI,GUA-2699,dummy4,1647,1838,*TURFH,ed0ard0sena,2025-07-31 18:44:31+00:00
GUA-2699_IMG_9545_dummy4.jpg,6/1/2022,Guam-CNMI,GUA-2699,dummy4,1960,2173,*TURFH,ed0ard0sena,2025-07-31 18:44:31+00:00
GUA-2699_IMG_9545_dummy4.jpg,6/1/2022,Guam-CNMI,GUA-2699,dummy4,2578,1189,*TURFH,ed0ard0sena,2025-07-31 18:44:31+00:00
GUA-2699_IMG_9545_dummy4.jpg,6/1/2022,Guam-CNMI,GUA-2699,dummy4,2236,5206,*MASS,ed0ard0sena,2025-10-29 23:36:31+00:00
GUA-2699_IMG_9545_dummy4.jpg,6/1/2022,Guam-CNMI,GUA-2699,dummy4,2630,5034,*MASS,ed0ard0sena,2025-10-29 23:36:31+00:00
GUA-2699_IMG_9546_dummy4.jpg,6/1/2022,Guam-CNMI,GUA-2699,dummy4,689,521,*POMA,ed0ard0sena,2025-07-31 18:45:56+00:00
GUA-2699_IMG_9546_dummy4.jpg,6/1/2022,Guam-CNMI,GUA-2699,dummy4,183,941,*POMA,ed0ard0sena,2025-07-31 18:45:56+00:00
GUA-2699_IMG_9546_dummy4.jpg,6/1/2022,Guam-CNMI,GUA-2699,dummy4,864,790,*POMA,ed0ard0sena,2025-07-31 18:45:56+00:00
GUA-2699_IMG_9546_dummy4.jpg,6/1/2022,Guam-CNMI,GUA-2699,dummy4,175,3129,*POMA,ed0ard0sena,2025-07-31 18:45:56+00:00
GUA-2699_IMG_9546_dummy4.jpg,6/1/2022,Guam-CNMI,GUA-2699,dummy4,1866,1891,*TURFH,ed0ard0sena,2025-07-31 18:45:56+00:00
GUA-2699_IMG_9546_dummy4.jpg,6/1/2022,Guam-CNMI,GUA-2699,dummy4,2598,360,*TURFH,ed0ard0sena,2025-07-31 18:45:56+00:00
GUA-2699_IMG_9546_dummy4.jpg,6/1/2022,Guam-CNMI,GUA-2699,dummy4,2541,1599,*CAUL,ed0ard0sena,2025-07-31 18:45:56+00:00
GUA-2699_IMG_9546_dummy4.jpg,6/1/2022,Guam-CNMI,GUA-2699,dummy4,2734,2478,*SHAD,ed0ard0sena,2025-07-31 18:45:56+00:00
GUA-2699_IMG_9546_dummy4.jpg,6/1/2022,Guam-CNMI,GUA-2699,dummy4,5137,2926,*POMA,ed0ard0sena,2025-07-31 18:45:56+00:00
GUA-2699_IMG_9546_dummy4.jpg,6/1/2022,Guam-CNMI,GUA-2699,dummy4,5148,2992,*POMA,ed0ard0sena,2025-07-31 18:45:56+00:00
GUA-2701_IMG_0973_dummy4.jpg,6/1/2022,Guam-CNMI,GUA-2701,dummy4,617,527,*SHAD,ed0ard0sena,2025-10-29 23:38:10+00:00
GUA-2701_IMG_0973_dummy4.jpg,6/1/2022,Guam-CNMI,GUA-2701,dummy4,799,1963,*POMA,ed0ard0sena,2025-07-31 18:50:32+00:00
GUA-2701_IMG_0973_dummy4.jpg,6/1/2022,Guam-CNMI,GUA-2701,dummy4,2078,2817,*PAMA,ed0ard0sena,2025-07-31 18:50:32+00:00
GUA-2701_IMG_0973_dummy4.jpg,6/1/2022,Guam-CNMI,GUA-2701,dummy4,2487,681,*SHAD,ed0ard0sena,2025-10-03 23:40:26+00:00
GUA-2701_IMG_0973_dummy4.jpg,6/1/2022,Guam-CNMI,GUA-2701,dummy4,2687,242,*PAMA,ed0ard0sena,2025-07-31 18:50:32+00:00
GUA-2701_IMG_0973_dummy4.jpg,6/1/2022,Guam-CNMI,GUA-2701,dummy4,3921,480,*HALI,ed0ard0sena,2025-07-31 18:50:32+00:00
GUA-2701_IMG_0973_dummy4.jpg,6/1/2022,Guam-CNMI,GUA-2701,dummy4,3564,2689,*CCAH,ed0ard0sena,2025-07-31 18:50:32+00:00
GUA-2701_IMG_0973_dummy4.jpg,6/1/2022,Guam-CNMI,GUA-2701,dummy4,3970,3243,*CCAH,ed0ard0sena,2025-07-31 18:50:32+00:00
GUA-2701_IMG_0973_dummy4.jpg,6/1/2022,Guam-CNMI,GUA-2701,dummy4,5099,3221,*HALI,ed0ard0sena,2025-07-31 18:50:32+00:00
GUA-2701_IMG_0973_dummy4.jpg,6/1/2022,Guam-CNMI,GUA-2701,dummy4,4725,3210,*CCAH,ed0ard0sena,2025-07-31 18:50:32+00:00
GUA-2701_IMG_0977_dummy4.jpg,6/1/2022,Guam-CNMI,GUA-2701,dummy4,541,270,*HALI,ed0ard0sena,2025-07-31 18:56:50+00:00
GUA-2701_IMG_0977_dummy4.jpg,6/1/2022,Guam-CNMI,GUA-2701,dummy4,281,229,*HALI,ed0ard0sena,2025-07-31 18:56:50+00:00
GUA-2701_IMG_0977_dummy4.jpg,6/1/2022,Guam-CNMI,GUA-2701,dummy4,276,911,*TURFH,ed0ard0sena,2025-07-31 18:56:50+00:00
GUA-2701_IMG_0977_dummy4.jpg,6/1/2022,Guam-CNMI,GUA-2701,dummy4,821,3391,*GASP,ed0ard0sena,2025-07-31 18:56:50+00:00
GUA-2701_IMG_0977_dummy4.jpg,6/1/2022,Guam-CNMI,GUA-2701,dummy4,1593,607,*TURFH,ed0ard0sena,2025-07-31 18:56:50+00:00
GUA-2701_IMG_0977_dummy4.jpg,6/1/2022,Guam-CNMI,GUA-2701,dummy4,4082,69,*TURFH,ed0ard0sena,2025-07-31 18:56:50+00:00
GUA-2701_IMG_0977_dummy4.jpg,6/1/2022,Guam-CNMI,GUA-2701,dummy4,3479,1054,*GONS,ed0ard0sena,2025-07-31 18:56:50+00:00
GUA-2701_IMG_0977_dummy4.jpg,6/1/2022,Guam-CNMI,GUA-2701,dummy4,4416,1773,*GONS,ed0ard0sena,2025-07-31 18:56:50+00:00
GUA-2701_IMG_0977_dummy4.jpg,6/1/2022,Guam-CNMI,GUA-2701,dummy4,5274,3144,*GASP,ed0ard0sena,2025-07-31 18:56:50+00:00
GUA-2701_IMG_0977_dummy4.jpg,6/1/2022,Guam-CNMI,GUA-2701,dummy4,5188,3192,*GASP,ed0ard0sena,2025-07-31 18:56:50+00:00
GUA-2716_IMG_0384_dummy4.jpg,6/1/2022,Guam-CNMI,GUA-2716,dummy4,398,5461,*TURFH,ed0ard0sena,2025-07-31 19:01:21+00:00
GUA-2716_IMG_0384_dummy4.jpg,6/1/2022,Guam-CNMI,GUA-2716,dummy4,1835,704,*RDMA,ed0ard0sena,2025-07-31 19:01:21+00:00
GUA-2716_IMG_0384_dummy4.jpg,6/1/2022,Guam-CNMI,GUA-2716,dummy4,1783,461,*TURFH,ed0ard0sena,2025-07-31 19:01:21+00:00
GUA-2716_IMG_0384_dummy4.jpg,6/1/2022,Guam-CNMI,GUA-2716,dummy4,1761,1155,*RDMA,ed0ard0sena,2025-07-31 19:01:21+00:00
GUA-2716_IMG_0384_dummy4.jpg,6/1/2022,Guam-CNMI,GUA-2716,dummy4,1539,3956,*TURFH,ed0ard0sena,2025-07-31 19:01:21+00:00
GUA-2716_IMG_0384_dummy4.jpg,6/1/2022,Guam-CNMI,GUA-2716,dummy4,2082,3669,*TURFH,ed0ard0sena,2025-07-31 19:01:20+00:00
GUA-2716_IMG_0384_dummy4.jpg,6/1/2022,Guam-CNMI,GUA-2716,dummy4,2614,2878,*TURFH,ed0ard0sena,2025-07-31 19:01:20+00:00
GUA-2716_IMG_0384_dummy4.jpg,6/1/2022,Guam-CNMI,GUA-2716,dummy4,2402,3102,*EMA,ed0ard0sena,2025-07-31 19:01:20+00:00
GUA-2716_IMG_0384_dummy4.jpg,6/1/2022,Guam-CNMI,GUA-2716,dummy4,3235,2314,*SHAD,ed0ard0sena,2025-07-31 19:01:20+00:00
GUA-2716_IMG_0384_dummy4.jpg,6/1/2022,Guam-CNMI,GUA-2716,dummy4,3272,4642,*MASS,ed0ard0sena,2025-10-29 23:41:41+00:00
GUA-2716_IMG_0398_dummy4.jpg,6/1/2022,Guam-CNMI,GUA-2716,dummy4,542,317,*PAEN,ed0ard0sena,2025-07-31 19:03:02+00:00
GUA-2716_IMG_0398_dummy4.jpg,6/1/2022,Guam-CNMI,GUA-2716,dummy4,1229,2606,*SHAD,ed0ard0sena,2025-07-31 19:03:02+00:00
GUA-2716_IMG_0398_dummy4.jpg,6/1/2022,Guam-CNMI,GUA-2716,dummy4,899,2361,*PAEN,ed0ard0sena,2025-07-31 19:03:02+00:00
GUA-2716_IMG_0398_dummy4.jpg,6/1/2022,Guam-CNMI,GUA-2716,dummy4,1028,3829,*CCAH,ed0ard0sena,2025-07-31 19:03:02+00:00
GUA-2716_IMG_0398_dummy4.jpg,6/1/2022,Guam-CNMI,GUA-2716,dummy4,838,4241,*CCAH,ed0ard0sena,2025-07-31 19:03:02+00:00
GUA-2716_IMG_0398_dummy4.jpg,6/1/2022,Guam-CNMI,GUA-2716,dummy4,1512,1007,*RDMA,ed0ard0sena,2025-07-31 19:03:02+00:00
GUA-2716_IMG_0398_dummy4.jpg,6/1/2022,Guam-CNMI,GUA-2716,dummy4,1608,2193,*CCAH,ed0ard0sena,2025-07-31 19:03:02+00:00
GUA-2716_IMG_0398_dummy4.jpg,6/1/2022,Guam-CNMI,GUA-2716,dummy4,1545,4613,*CCAH,ed0ard0sena,2025-07-31 19:03:02+00:00
GUA-2716_IMG_0398_dummy4.jpg,6/1/2022,Guam-CNMI,GUA-2716,dummy4,2702,507,*TURFH,ed0ard0sena,2025-07-31 19:03:02+00:00
GUA-2716_IMG_0398_dummy4.jpg,6/1/2022,Guam-CNMI,GUA-2716,dummy4,3596,3554,*SHAD,ed0ard0sena,2025-07-31 19:03:02+00:00
MAU-630_2017_A_28_dummy4.jpg,5/1/2017,Guam-CNMI,MAU-630,dummy4,226,1112,*TURFH,ed0ard0sena,2025-07-31 19:06:49+00:00
MAU-630_2017_A_28_dummy4.jpg,5/1/2017,Guam-CNMI,MAU-630,dummy4,1005,1970,*FAVS,ed0ard0sena,2025-07-31 19:06:49+00:00
MAU-630_2017_A_28_dummy4.jpg,5/1/2017,Guam-CNMI,MAU-630,dummy4,1336,3815,*EMA,ed0ard0sena,2025-07-31 19:06:49+00:00
MAU-630_2017_A_28_dummy4.jpg,5/1/2017,Guam-CNMI,MAU-630,dummy4,1370,4918,*POCS,ed0ard0sena,2025-07-31 19:06:49+00:00
MAU-630_2017_A_28_dummy4.jpg,5/1/2017,Guam-CNMI,MAU-630,dummy4,1557,1063,*MOEN,ed0ard0sena,2025-07-31 19:06:49+00:00
MAU-630_2017_A_28_dummy4.jpg,5/1/2017,Guam-CNMI,MAU-630,dummy4,1851,4979,*STYS,ed0ard0sena,2025-07-31 19:06:49+00:00
MAU-630_2017_A_28_dummy4.jpg,5/1/2017,Guam-CNMI,MAU-630,dummy4,2805,304,*TURFH,ed0ard0sena,2025-07-31 19:06:49+00:00
MAU-630_2017_A_28_dummy4.jpg,5/1/2017,Guam-CNMI,MAU-630,dummy4,2352,235,*TURFH,ed0ard0sena,2025-07-31 19:06:49+00:00
MAU-630_2017_A_28_dummy4.jpg,5/1/2017,Guam-CNMI,MAU-630,dummy4,2270,4036,*SHAD,ed0ard0sena,2025-07-31 19:06:49+00:00
MAU-630_2017_A_28_dummy4.jpg,5/1/2017,Guam-CNMI,MAU-630,dummy4,2402,4520,*STYS,ed0ard0sena,2025-07-31 19:06:49+00:00
MAU-640_2017_A_10_dummy4.jpg,5/1/2017,Guam-CNMI,MAU-640,dummy4,333,1859,*CCAH,ed0ard0sena,2025-07-31 19:08:24+00:00
MAU-640_2017_A_10_dummy4.jpg,5/1/2017,Guam-CNMI,MAU-640,dummy4,763,3003,*SHAD,ed0ard0sena,2025-07-31 19:08:24+00:00
MAU-640_2017_A_10_dummy4.jpg,5/1/2017,Guam-CNMI,MAU-640,dummy4,809,4123,*TURFH,ed0ard0sena,2025-07-31 19:08:24+00:00
MAU-640_2017_A_10_dummy4.jpg,5/1/2017,Guam-CNMI,MAU-640,dummy4,935,3725,*PESP,ed0ard0sena,2025-07-31 19:08:24+00:00
MAU-640_2017_A_10_dummy4.jpg,5/1/2017,Guam-CNMI,MAU-640,dummy4,2103,1533,*TURFH,ed0ard0sena,2025-07-31 19:08:24+00:00
MAU-640_2017_A_10_dummy4.jpg,5/1/2017,Guam-CNMI,MAU-640,dummy4,2454,239,*POMA,ed0ard0sena,2025-07-31 19:08:24+00:00
MAU-640_2017_A_10_dummy4.jpg,5/1/2017,Guam-CNMI,MAU-640,dummy4,2560,3197,*PESP,ed0ard0sena,2025-07-31 19:08:24+00:00
MAU-640_2017_A_10_dummy4.jpg,5/1/2017,Guam-CNMI,MAU-640,dummy4,3248,1591,*PESP,ed0ard0sena,2025-07-31 19:08:24+00:00
MAU-640_2017_A_10_dummy4.jpg,5/1/2017,Guam-CNMI,MAU-640,dummy4,3363,1836,*PESP,ed0ard0sena,2025-07-31 19:08:24+00:00
MAU-640_2017_A_10_dummy4.jpg,5/1/2017,Guam-CNMI,MAU-640,dummy4,3556,2274,*TURFH,ed0ard0sena,2025-07-31 19:08:24+00:00
MAU-649_2017_A_14_dummy4.jpg,5/1/2017,Guam-CNMI,MAU-649,dummy4,79,1311,*BGMA,ed0ard0sena,2025-10-29 23:44:39+00:00
MAU-649_2017_A_14_dummy4.jpg,5/1/2017,Guam-CNMI,MAU-649,dummy4,793,4764,*TURFH,ed0ard0sena,2025-07-31 19:17:15+00:00
MAU-649_2017_A_14_dummy4.jpg,5/1/2017,Guam-CNMI,MAU-649,dummy4,770,4735,*GONS,ed0ard0sena,2025-07-31 19:17:15+00:00
MAU-649_2017_A_14_dummy4.jpg,5/1/2017,Guam-CNMI,MAU-649,dummy4,1349,4448,*CCAH,ed0ard0sena,2025-10-29 23:44:39+00:00
MAU-649_2017_A_14_dummy4.jpg,5/1/2017,Guam-CNMI,MAU-649,dummy4,1975,4104,*TURFH,ed0ard0sena,2025-07-31 19:17:15+00:00
MAU-649_2017_A_14_dummy4.jpg,5/1/2017,Guam-CNMI,MAU-649,dummy4,2250,691,*TURFH,ed0ard0sena,2025-07-31 19:17:15+00:00
MAU-649_2017_A_14_dummy4.jpg,5/1/2017,Guam-CNMI,MAU-649,dummy4,2737,275,*CCAH,ed0ard0sena,2025-07-31 19:17:15+00:00
MAU-649_2017_A_14_dummy4.jpg,5/1/2017,Guam-CNMI,MAU-649,dummy4,2557,3226,*SAND,ed0ard0sena,2025-07-31 19:17:14+00:00
MAU-649_2017_A_14_dummy4.jpg,5/1/2017,Guam-CNMI,MAU-649,dummy4,3014,4365,*TURFH,ed0ard0sena,2025-07-31 19:17:14+00:00
MAU-649_2017_A_14_dummy4.jpg,5/1/2017,Guam-CNMI,MAU-649,dummy4,3260,4095,*TURFH,ed0ard0sena,2025-10-29 23:44:39+00:00
MAU-651_2017_A_20_dummy4.jpg,5/1/2017,Guam-CNMI,MAU-651,dummy4,297,103,*POMA,ed0ard0sena,2025-07-31 19:19:32+00:00
MAU-651_2017_A_20_dummy4.jpg,5/1/2017,Guam-CNMI,MAU-651,dummy4,438,2808,*TURFH,ed0ard0sena,2025-07-31 19:19:32+00:00
MAU-651_2017_A_20_dummy4.jpg,5/1/2017,Guam-CNMI,MAU-651,dummy4,789,3316,*TURFH,ed0ard0sena,2025-07-31 19:19:32+00:00
MAU-651_2017_A_20_dummy4.jpg,5/1/2017,Guam-CNMI,MAU-651,dummy4,655,3641,*BGMA,ed0ard0sena,2025-10-04 00:01:28+00:00
MAU-651_2017_A_20_dummy4.jpg,5/1/2017,Guam-CNMI,MAU-651,dummy4,1029,3277,*BGMA,ed0ard0sena,2025-10-04 00:01:28+00:00
MAU-651_2017_A_20_dummy4.jpg,5/1/2017,Guam-CNMI,MAU-651,dummy4,1207,3573,*TURFH,ed0ard0sena,2025-07-31 19:19:32+00:00
MAU-651_2017_A_20_dummy4.jpg,5/1/2017,Guam-CNMI,MAU-651,dummy4,1916,316,*POMA,ed0ard0sena,2025-07-31 19:19:32+00:00
MAU-651_2017_A_20_dummy4.jpg,5/1/2017,Guam-CNMI,MAU-651,dummy4,2312,1990,*TAPE,ed0ard0sena,2025-07-31 19:19:32+00:00
MAU-651_2017_A_20_dummy4.jpg,5/1/2017,Guam-CNMI,MAU-651,dummy4,1946,2395,*ENC,ed0ard0sena,2025-07-31 19:19:32+00:00
MAU-651_2017_A_20_dummy4.jpg,5/1/2017,Guam-CNMI,MAU-651,dummy4,2455,143,*POMA,ed0ard0sena,2025-07-31 19:19:31+00:00
MAU-679_2017_A_17_dummy4.jpg,5/1/2017,Guam-CNMI,MAU-679,dummy4,191,1285,*TURFH,ed0ard0sena,2025-07-31 19:22:02+00:00
MAU-679_2017_A_17_dummy4.jpg,5/1/2017,Guam-CNMI,MAU-679,dummy4,96,2075,*TURFH,ed0ard0sena,2025-07-31 19:22:02+00:00
MAU-679_2017_A_17_dummy4.jpg,5/1/2017,Guam-CNMI,MAU-679,dummy4,837,507,*SHAD,ed0ard0sena,2025-07-31 19:22:02+00:00
MAU-679_2017_A_17_dummy4.jpg,5/1/2017,Guam-CNMI,MAU-679,dummy4,975,37,*TURFH,ed0ard0sena,2025-07-31 19:22:02+00:00
MAU-679_2017_A_17_dummy4.jpg,5/1/2017,Guam-CNMI,MAU-679,dummy4,1150,1222,*CCAH,ed0ard0sena,2025-10-04 00:03:38+00:00
MAU-679_2017_A_17_dummy4.jpg,5/1/2017,Guam-CNMI,MAU-679,dummy4,949,1945,*PAMA,ed0ard0sena,2025-07-31 19:22:02+00:00
MAU-679_2017_A_17_dummy4.jpg,5/1/2017,Guam-CNMI,MAU-679,dummy4,1398,753,*EMA,ed0ard0sena,2025-07-31 19:22:02+00:00
MAU-679_2017_A_17_dummy4.jpg,5/1/2017,Guam-CNMI,MAU-679,dummy4,1327,1792,*PESP,ed0ard0sena,2025-07-31 19:22:02+00:00
MAU-679_2017_A_17_dummy4.jpg,5/1/2017,Guam-CNMI,MAU-679,dummy4,1530,1452,*EMA,ed0ard0sena,2025-10-29 23:46:31+00:00
MAU-679_2017_A_17_dummy4.jpg,5/1/2017,Guam-CNMI,MAU-679,dummy4,1320,1591,*TURFH,ed0ard0sena,2025-07-31 19:22:02+00:00
MAU-686_2017_A_22_dummy4.jpg,5/1/2017,Guam-CNMI,MAU-686,dummy4,174,733,*PESP,ed0ard0sena,2025-07-31 19:23:49+00:00
MAU-686_2017_A_22_dummy4.jpg,5/1/2017,Guam-CNMI,MAU-686,dummy4,1162,1056,*LOBO,ed0ard0sena,2025-07-31 19:23:49+00:00
MAU-686_2017_A_22_dummy4.jpg,5/1/2017,Guam-CNMI,MAU-686,dummy4,821,248,*PESP,ed0ard0sena,2025-07-31 19:23:49+00:00
MAU-686_2017_A_22_dummy4.jpg,5/1/2017,Guam-CNMI,MAU-686,dummy4,1445,5224,*TURFH,ed0ard0sena,2025-07-31 19:23:49+00:00
MAU-686_2017_A_22_dummy4.jpg,5/1/2017,Guam-CNMI,MAU-686,dummy4,941,4505,*SHAD,ed0ard0sena,2025-07-31 19:23:49+00:00
MAU-686_2017_A_22_dummy4.jpg,5/1/2017,Guam-CNMI,MAU-686,dummy4,1815,1961,*LOBO,ed0ard0sena,2025-07-31 19:23:49+00:00
MAU-686_2017_A_22_dummy4.jpg,5/1/2017,Guam-CNMI,MAU-686,dummy4,1893,3848,*CCAH,ed0ard0sena,2025-07-31 19:23:49+00:00
MAU-686_2017_A_22_dummy4.jpg,5/1/2017,Guam-CNMI,MAU-686,dummy4,1499,4146,*TURFH,ed0ard0sena,2025-07-31 19:23:49+00:00
MAU-686_2017_A_22_dummy4.jpg,5/1/2017,Guam-CNMI,MAU-686,dummy4,2459,1013,*LOBO,ed0ard0sena,2025-07-31 19:23:49+00:00
MAU-686_2017_A_22_dummy4.jpg,5/1/2017,Guam-CNMI,MAU-686,dummy4,3115,1142,*LOBO,ed0ard0sena,2025-07-31 19:23:49+00:00
MAU-691_2017_A_12_dummy4.jpg,5/1/2017,Guam-CNMI,MAU-691,dummy4,682,2471,*FASP,ed0ard0sena,2025-10-29 23:51:00+00:00
MAU-691_2017_A_12_dummy4.jpg,5/1/2017,Guam-CNMI,MAU-691,dummy4,34,5339,*TURFH,ed0ard0sena,2025-07-31 21:17:41+00:00
MAU-691_2017_A_12_dummy4.jpg,5/1/2017,Guam-CNMI,MAU-691,dummy4,1455,747,*FASP,ed0ard0sena,2025-10-29 23:51:00+00:00
MAU-691_2017_A_12_dummy4.jpg,5/1/2017,Guam-CNMI,MAU-691,dummy4,951,2351,*FASP,ed0ard0sena,2025-10-29 23:51:00+00:00
MAU-691_2017_A_12_dummy4.jpg,5/1/2017,Guam-CNMI,MAU-691,dummy4,1765,427,*FASP,ed0ard0sena,2025-10-29 23:51:00+00:00
MAU-691_2017_A_12_dummy4.jpg,5/1/2017,Guam-CNMI,MAU-691,dummy4,2251,1246,*TURFH,ed0ard0sena,2025-07-31 21:17:41+00:00
MAU-691_2017_A_12_dummy4.jpg,5/1/2017,Guam-CNMI,MAU-691,dummy4,2237,4879,*TURFH,ed0ard0sena,2025-07-31 21:17:41+00:00
MAU-691_2017_A_12_dummy4.jpg,5/1/2017,Guam-CNMI,MAU-691,dummy4,3372,1579,*TURFH,ed0ard0sena,2025-07-31 21:17:41+00:00
MAU-691_2017_A_12_dummy4.jpg,5/1/2017,Guam-CNMI,MAU-691,dummy4,3361,2637,*TURFH,ed0ard0sena,2025-07-31 21:17:41+00:00
MAU-691_2017_A_12_dummy4.jpg,5/1/2017,Guam-CNMI,MAU-691,dummy4,3110,5022,*TURFH,ed0ard0sena,2025-07-31 21:17:41+00:00
MAU-704_2017_A_09_dummy4.jpg,5/1/2017,Guam-CNMI,MAU-704,dummy4,140,735,*ENC,ed0ard0sena,2025-07-31 21:25:02+00:00
MAU-704_2017_A_09_dummy4.jpg,5/1/2017,Guam-CNMI,MAU-704,dummy4,262,3200,*CCAH,ed0ard0sena,2025-07-31 21:25:02+00:00
MAU-704_2017_A_09_dummy4.jpg,5/1/2017,Guam-CNMI,MAU-704,dummy4,987,3337,*TURFH,ed0ard0sena,2025-07-31 21:25:02+00:00
MAU-704_2017_A_09_dummy4.jpg,5/1/2017,Guam-CNMI,MAU-704,dummy4,1255,4307,*SHAD,ed0ard0sena,2025-10-04 00:19:36+00:00
MAU-704_2017_A_09_dummy4.jpg,5/1/2017,Guam-CNMI,MAU-704,dummy4,1337,4675,*MOEN,ed0ard0sena,2025-07-31 21:25:02+00:00
MAU-704_2017_A_09_dummy4.jpg,5/1/2017,Guam-CNMI,MAU-704,dummy4,2865,400,*EMA,ed0ard0sena,2025-07-31 21:25:02+00:00
MAU-704_2017_A_09_dummy4.jpg,5/1/2017,Guam-CNMI,MAU-704,dummy4,2401,658,*TURFH,ed0ard0sena,2025-07-31 21:25:02+00:00
MAU-704_2017_A_09_dummy4.jpg,5/1/2017,Guam-CNMI,MAU-704,dummy4,2624,1156,*PESP,ed0ard0sena,2025-10-04 00:19:36+00:00
MAU-704_2017_A_09_dummy4.jpg,5/1/2017,Guam-CNMI,MAU-704,dummy4,2412,4540,*EMA,ed0ard0sena,2025-07-31 21:25:02+00:00
MAU-704_2017_A_09_dummy4.jpg,5/1/2017,Guam-CNMI,MAU-704,dummy4,3504,3286,*TURFH,ed0ard0sena,2025-07-31 21:25:02+00:00
MAU-723_2017_A_30_dummy4.jpg,5/1/2017,Guam-CNMI,MAU-723,dummy4,342,337,*TURFH,ed0ard0sena,2025-07-31 21:31:24+00:00
MAU-723_2017_A_30_dummy4.jpg,5/1/2017,Guam-CNMI,MAU-723,dummy4,327,1210,*TURFH,ed0ard0sena,2025-07-31 21:31:24+00:00
MAU-723_2017_A_30_dummy4.jpg,5/1/2017,Guam-CNMI,MAU-723,dummy4,484,5398,*SHAD,ed0ard0sena,2025-07-31 21:31:24+00:00
MAU-723_2017_A_30_dummy4.jpg,5/1/2017,Guam-CNMI,MAU-723,dummy4,618,5398,*BGMA,ed0ard0sena,2025-07-31 21:31:24+00:00
MAU-723_2017_A_30_dummy4.jpg,5/1/2017,Guam-CNMI,MAU-723,dummy4,864,2053,*SHAD,ed0ard0sena,2025-07-31 21:31:24+00:00
MAU-723_2017_A_30_dummy4.jpg,5/1/2017,Guam-CNMI,MAU-723,dummy4,858,2703,*TURFH,ed0ard0sena,2025-07-31 21:31:23+00:00
MAU-723_2017_A_30_dummy4.jpg,5/1/2017,Guam-CNMI,MAU-723,dummy4,2075,3039,*EMA,ed0ard0sena,2025-07-31 21:31:23+00:00
MAU-723_2017_A_30_dummy4.jpg,5/1/2017,Guam-CNMI,MAU-723,dummy4,2193,1192,*SAND,ed0ard0sena,2025-07-31 21:31:23+00:00
MAU-723_2017_A_30_dummy4.jpg,5/1/2017,Guam-CNMI,MAU-723,dummy4,3636,3694,*CCAH,ed0ard0sena,2025-07-31 21:31:23+00:00
MAU-723_2017_A_30_dummy4.jpg,5/1/2017,Guam-CNMI,MAU-723,dummy4,3429,4790,*CCAH,ed0ard0sena,2025-07-31 21:31:23+00:00
MAU-838_2017_B_10_dummy4.jpg,5/1/2017,Guam-CNMI,MAU-838,dummy4,345,133,*CCAH,ed0ard0sena,2025-07-31 21:34:42+00:00
MAU-838_2017_B_10_dummy4.jpg,5/1/2017,Guam-CNMI,MAU-838,dummy4,365,1547,*TURFH,ed0ard0sena,2025-07-31 21:34:42+00:00
MAU-838_2017_B_10_dummy4.jpg,5/1/2017,Guam-CNMI,MAU-838,dummy4,296,1401,*CCAH,ed0ard0sena,2025-07-31 21:34:42+00:00
MAU-838_2017_B_10_dummy4.jpg,5/1/2017,Guam-CNMI,MAU-838,dummy4,211,2136,*CCAH,ed0ard0sena,2025-10-04 00:23:37+00:00
MAU-838_2017_B_10_dummy4.jpg,5/1/2017,Guam-CNMI,MAU-838,dummy4,669,938,*TURFH,ed0ard0sena,2025-07-31 21:34:42+00:00
MAU-838_2017_B_10_dummy4.jpg,5/1/2017,Guam-CNMI,MAU-838,dummy4,882,896,*CCAH,ed0ard0sena,2025-07-31 21:34:42+00:00
MAU-838_2017_B_10_dummy4.jpg,5/1/2017,Guam-CNMI,MAU-838,dummy4,1556,699,*CCAH,ed0ard0sena,2025-07-31 21:34:42+00:00
MAU-838_2017_B_10_dummy4.jpg,5/1/2017,Guam-CNMI,MAU-838,dummy4,2511,1205,*HCOE,ed0ard0sena,2025-07-31 21:34:42+00:00
MAU-838_2017_B_10_dummy4.jpg,5/1/2017,Guam-CNMI,MAU-838,dummy4,2722,1327,*TURFH,ed0ard0sena,2025-07-31 21:34:42+00:00
MAU-838_2017_B_10_dummy4.jpg,5/1/2017,Guam-CNMI,MAU-838,dummy4,2663,2921,*SHAD,ed0ard0sena,2025-07-31 21:34:42+00:00
MAU-848_2017_B_02_dummy4.jpg,5/1/2017,Guam-CNMI,MAU-848,dummy4,205,42,*TURFH,ed0ard0sena,2025-07-31 21:35:47+00:00
MAU-848_2017_B_02_dummy4.jpg,5/1/2017,Guam-CNMI,MAU-848,dummy4,634,158,*POCS,ed0ard0sena,2025-07-31 21:35:47+00:00
MAU-848_2017_B_02_dummy4.jpg,5/1/2017,Guam-CNMI,MAU-848,dummy4,1083,311,*POCS,ed0ard0sena,2025-07-31 21:35:47+00:00
MAU-848_2017_B_02_dummy4.jpg,5/1/2017,Guam-CNMI,MAU-848,dummy4,1302,688,*POCS,ed0ard0sena,2025-07-31 21:35:47+00:00
MAU-848_2017_B_02_dummy4.jpg,5/1/2017,Guam-CNMI,MAU-848,dummy4,1835,2900,*TURFH,ed0ard0sena,2025-07-31 21:35:47+00:00
MAU-848_2017_B_02_dummy4.jpg,5/1/2017,Guam-CNMI,MAU-848,dummy4,1924,2413,*PESP,ed0ard0sena,2025-07-31 21:35:47+00:00
MAU-848_2017_B_02_dummy4.jpg,5/1/2017,Guam-CNMI,MAU-848,dummy4,2455,2336,*TURFH,ed0ard0sena,2025-07-31 21:35:46+00:00
MAU-848_2017_B_02_dummy4.jpg,5/1/2017,Guam-CNMI,MAU-848,dummy4,3910,1031,*TURFH,ed0ard0sena,2025-10-04 00:24:27+00:00
MAU-848_2017_B_02_dummy4.jpg,5/1/2017,Guam-CNMI,MAU-848,dummy4,3699,1018,*TURFH,ed0ard0sena,2025-07-31 21:35:46+00:00
MAU-848_2017_B_02_dummy4.jpg,5/1/2017,Guam-CNMI,MAU-848,dummy4,3324,2524,*TURFH,ed0ard0sena,2025-07-31 21:35:46+00:00
MAU-855_2017_B_12_dummy4.jpg,5/1/2017,Guam-CNMI,MAU-855,dummy4,445,956,*TURFH,ed0ard0sena,2025-07-31 21:49:11+00:00
MAU-855_2017_B_12_dummy4.jpg,5/1/2017,Guam-CNMI,MAU-855,dummy4,570,2396,*TURFH,ed0ard0sena,2025-07-31 21:49:11+00:00
MAU-855_2017_B_12_dummy4.jpg,5/1/2017,Guam-CNMI,MAU-855,dummy4,462,3849,*TURFH,ed0ard0sena,2025-07-31 21:49:11+00:00
MAU-855_2017_B_12_dummy4.jpg,5/1/2017,Guam-CNMI,MAU-855,dummy4,512,3784,*TURFH,ed0ard0sena,2025-07-31 21:49:11+00:00
MAU-855_2017_B_12_dummy4.jpg,5/1/2017,Guam-CNMI,MAU-855,dummy4,737,1173,*GONS,ed0ard0sena,2025-10-29 23:54:30+00:00
MAU-855_2017_B_12_dummy4.jpg,5/1/2017,Guam-CNMI,MAU-855,dummy4,1105,2170,*TURFH,ed0ard0sena,2025-07-31 21:49:11+00:00
MAU-855_2017_B_12_dummy4.jpg,5/1/2017,Guam-CNMI,MAU-855,dummy4,818,2945,*TURFH,ed0ard0sena,2025-07-31 21:49:11+00:00
MAU-855_2017_B_12_dummy4.jpg,5/1/2017,Guam-CNMI,MAU-855,dummy4,631,3271,*GONS,ed0ard0sena,2025-10-29 23:54:30+00:00
MAU-855_2017_B_12_dummy4.jpg,5/1/2017,Guam-CNMI,MAU-855,dummy4,1725,2565,*TURFH,ed0ard0sena,2025-07-31 21:49:11+00:00
MAU-855_2017_B_12_dummy4.jpg,5/1/2017,Guam-CNMI,MAU-855,dummy4,2852,2867,*ENC,ed0ard0sena,2025-07-31 21:49:11+00:00
MAU-868_2017_A_07_dummy4.jpg,5/1/2017,Guam-CNMI,MAU-868,dummy4,931,2846,*TURFH,ed0ard0sena,2025-07-31 21:50:26+00:00
MAU-868_2017_A_07_dummy4.jpg,5/1/2017,Guam-CNMI,MAU-868,dummy4,716,3406,*TURFH,ed0ard0sena,2025-07-31 21:50:26+00:00
MAU-868_2017_A_07_dummy4.jpg,5/1/2017,Guam-CNMI,MAU-868,dummy4,1438,762,*TURFH,ed0ard0sena,2025-07-31 21:50:26+00:00
MAU-868_2017_A_07_dummy4.jpg,5/1/2017,Guam-CNMI,MAU-868,dummy4,1229,2857,*TURFH,ed0ard0sena,2025-07-31 21:50:26+00:00
MAU-868_2017_A_07_dummy4.jpg,5/1/2017,Guam-CNMI,MAU-868,dummy4,2328,365,*BGMA,ed0ard0sena,2025-07-31 21:50:26+00:00
MAU-868_2017_A_07_dummy4.jpg,5/1/2017,Guam-CNMI,MAU-868,dummy4,2023,1295,*TURFH,ed0ard0sena,2025-07-31 21:50:26+00:00
MAU-868_2017_A_07_dummy4.jpg,5/1/2017,Guam-CNMI,MAU-868,dummy4,2197,2723,*HALI,ed0ard0sena,2025-07-31 21:50:26+00:00
MAU-868_2017_A_07_dummy4.jpg,5/1/2017,Guam-CNMI,MAU-868,dummy4,2067,3812,*SHAD,ed0ard0sena,2025-07-31 21:50:26+00:00
MAU-868_2017_A_07_dummy4.jpg,5/1/2017,Guam-CNMI,MAU-868,dummy4,2860,482,*BGMA,ed0ard0sena,2025-10-04 00:28:29+00:00
MAU-868_2017_A_07_dummy4.jpg,5/1/2017,Guam-CNMI,MAU-868,dummy4,2872,1803,*TURFH,ed0ard0sena,2025-07-31 21:50:26+00:00
MAU-870_2017_B_04_dummy4.jpg,5/1/2017,Guam-CNMI,MAU-870,dummy4,453,1112,*TURFH,ed0ard0sena,2025-10-04 00:30:00+00:00
MAU-870_2017_B_04_dummy4.jpg,5/1/2017,Guam-CNMI,MAU-870,dummy4,620,2409,*TURFH,ed0ard0sena,2025-07-31 21:53:30+00:00
MAU-870_2017_B_04_dummy4.jpg,5/1/2017,Guam-CNMI,MAU-870,dummy4,604,3383,*TURFH,ed0ard0sena,2025-07-31 21:53:30+00:00
MAU-870_2017_B_04_dummy4.jpg,5/1/2017,Guam-CNMI,MAU-870,dummy4,1305,1121,*CCAH,ed0ard0sena,2025-10-04 00:30:00+00:00
MAU-870_2017_B_04_dummy4.jpg,5/1/2017,Guam-CNMI,MAU-870,dummy4,1242,2172,*EMA,ed0ard0sena,2025-07-31 21:53:30+00:00
MAU-870_2017_B_04_dummy4.jpg,5/1/2017,Guam-CNMI,MAU-870,dummy4,2212,329,*TURFH,ed0ard0sena,2025-07-31 21:53:30+00:00
MAU-870_2017_B_04_dummy4.jpg,5/1/2017,Guam-CNMI,MAU-870,dummy4,2732,406,*CCAH,ed0ard0sena,2025-07-31 21:53:30+00:00
MAU-870_2017_B_04_dummy4.jpg,5/1/2017,Guam-CNMI,MAU-870,dummy4,2562,3620,*TURFH,ed0ard0sena,2025-07-31 21:53:30+00:00
MAU-870_2017_B_04_dummy4.jpg,5/1/2017,Guam-CNMI,MAU-870,dummy4,2723,3844,*TURFH,ed0ard0sena,2025-07-31 21:53:30+00:00
MAU-870_2017_B_04_dummy4.jpg,5/1/2017,Guam-CNMI,MAU-870,dummy4,2928,3382,*GASP,ed0ard0sena,2025-07-31 21:53:30+00:00
MAU-907_2017_B_04_dummy4.jpg,5/1/2017,Guam-CNMI,MAU-907,dummy4,613,539,*TURFH,ed0ard0sena,2025-07-31 21:54:42+00:00
MAU-907_2017_B_04_dummy4.jpg,5/1/2017,Guam-CNMI,MAU-907,dummy4,828,164,*TURFH,ed0ard0sena,2025-07-31 21:54:42+00:00
MAU-907_2017_B_04_dummy4.jpg,5/1/2017,Guam-CNMI,MAU-907,dummy4,750,2903,*PESP,ed0ard0sena,2025-07-31 21:54:42+00:00
MAU-907_2017_B_04_dummy4.jpg,5/1/2017,Guam-CNMI,MAU-907,dummy4,1182,2925,*TURFH,ed0ard0sena,2025-07-31 21:54:42+00:00
MAU-907_2017_B_04_dummy4.jpg,5/1/2017,Guam-CNMI,MAU-907,dummy4,886,3325,*TURFH,ed0ard0sena,2025-07-31 21:54:42+00:00
MAU-907_2017_B_04_dummy4.jpg,5/1/2017,Guam-CNMI,MAU-907,dummy4,1632,1518,*TURFH,ed0ard0sena,2025-07-31 21:54:42+00:00
MAU-907_2017_B_04_dummy4.jpg,5/1/2017,Guam-CNMI,MAU-907,dummy4,1598,3651,*TURFH,ed0ard0sena,2025-07-31 21:54:42+00:00
MAU-907_2017_B_04_dummy4.jpg,5/1/2017,Guam-CNMI,MAU-907,dummy4,2079,700,*TURFH,ed0ard0sena,2025-07-31 21:54:42+00:00
MAU-907_2017_B_04_dummy4.jpg,5/1/2017,Guam-CNMI,MAU-907,dummy4,2054,1035,*TURFH,ed0ard0sena,2025-07-31 21:54:42+00:00
MAU-907_2017_B_04_dummy4.jpg,5/1/2017,Guam-CNMI,MAU-907,dummy4,2003,1062,*TURFH,ed0ard0sena,2025-07-31 21:54:42+00:00
MAU-951_2017_B_11_dummy4.jpg,5/1/2017,Guam-CNMI,MAU-951,dummy4,176,1166,*CCAH,ed0ard0sena,2025-07-31 22:05:13+00:00
MAU-951_2017_B_11_dummy4.jpg,5/1/2017,Guam-CNMI,MAU-951,dummy4,255,2413,*TURFH,ed0ard0sena,2025-07-31 22:05:13+00:00
MAU-951_2017_B_11_dummy4.jpg,5/1/2017,Guam-CNMI,MAU-951,dummy4,117,2856,*TURFH,ed0ard0sena,2025-07-31 22:05:13+00:00
MAU-951_2017_B_11_dummy4.jpg,5/1/2017,Guam-CNMI,MAU-951,dummy4,1454,668,*PESP,ed0ard0sena,2025-07-31 22:05:13+00:00
MAU-951_2017_B_11_dummy4.jpg,5/1/2017,Guam-CNMI,MAU-951,dummy4,1253,632,*TURFH,ed0ard0sena,2025-07-31 22:05:13+00:00
MAU-951_2017_B_11_dummy4.jpg,5/1/2017,Guam-CNMI,MAU-951,dummy4,1603,1815,*CCAH,ed0ard0sena,2025-07-31 22:05:13+00:00
MAU-951_2017_B_11_dummy4.jpg,5/1/2017,Guam-CNMI,MAU-951,dummy4,1691,2464,*TURFH,ed0ard0sena,2025-07-31 22:05:13+00:00
MAU-951_2017_B_11_dummy4.jpg,5/1/2017,Guam-CNMI,MAU-951,dummy4,1718,3695,*MASS,ed0ard0sena,2025-07-31 22:05:13+00:00
MAU-951_2017_B_11_dummy4.jpg,5/1/2017,Guam-CNMI,MAU-951,dummy4,2147,2654,*TURFH,ed0ard0sena,2025-07-31 22:05:13+00:00
MAU-951_2017_B_11_dummy4.jpg,5/1/2017,Guam-CNMI,MAU-951,dummy4,2538,3155,*TURFH,ed0ard0sena,2025-07-31 22:05:13+00:00
MAU-953_2017_B_11_dummy4.jpg,5/1/2017,Guam-CNMI,MAU-953,dummy4,190,1394,*TURFH,ed0ard0sena,2025-07-31 22:07:29+00:00
MAU-953_2017_B_11_dummy4.jpg,5/1/2017,Guam-CNMI,MAU-953,dummy4,213,969,*GONS,ed0ard0sena,2025-07-31 22:07:29+00:00
MAU-953_2017_B_11_dummy4.jpg,5/1/2017,Guam-CNMI,MAU-953,dummy4,160,2274,*TURFH,ed0ard0sena,2025-07-31 22:07:29+00:00
MAU-953_2017_B_11_dummy4.jpg,5/1/2017,Guam-CNMI,MAU-953,dummy4,909,3884,*TURFH,ed0ard0sena,2025-07-31 22:07:29+00:00
MAU-953_2017_B_11_dummy4.jpg,5/1/2017,Guam-CNMI,MAU-953,dummy4,1676,601,*TURFH,ed0ard0sena,2025-07-31 22:07:29+00:00
MAU-953_2017_B_11_dummy4.jpg,5/1/2017,Guam-CNMI,MAU-953,dummy4,1732,924,*TURFH,ed0ard0sena,2025-07-31 22:07:29+00:00
MAU-953_2017_B_11_dummy4.jpg,5/1/2017,Guam-CNMI,MAU-953,dummy4,2117,250,*SHAD,ed0ard0sena,2025-07-31 22:07:29+00:00
MAU-953_2017_B_11_dummy4.jpg,5/1/2017,Guam-CNMI,MAU-953,dummy4,2022,3129,*BGMA,ed0ard0sena,2025-10-04 00:40:16+00:00
MAU-953_2017_B_11_dummy4.jpg,5/1/2017,Guam-CNMI,MAU-953,dummy4,2711,2338,*TURFH,ed0ard0sena,2025-07-31 22:07:29+00:00
MAU-953_2017_B_11_dummy4.jpg,5/1/2017,Guam-CNMI,MAU-953,dummy4,2940,3964,*POMA,ed0ard0sena,2025-07-31 22:07:29+00:00
MAU-994_2017_B_06_dummy4.jpg,5/1/2017,Guam-CNMI,MAU-994,dummy4,337,961,*TURFH,ed0ard0sena,2025-07-31 22:08:50+00:00
MAU-994_2017_B_06_dummy4.jpg,5/1/2017,Guam-CNMI,MAU-994,dummy4,1227,2225,*TURFH,ed0ard0sena,2025-07-31 22:08:50+00:00
MAU-994_2017_B_06_dummy4.jpg,5/1/2017,Guam-CNMI,MAU-994,dummy4,1382,2402,*LOBO,ed0ard0sena,2025-10-04 00:42:06+00:00
MAU-994_2017_B_06_dummy4.jpg,5/1/2017,Guam-CNMI,MAU-994,dummy4,1822,2951,*LOBO,ed0ard0sena,2025-10-04 00:42:06+00:00
MAU-994_2017_B_06_dummy4.jpg,5/1/2017,Guam-CNMI,MAU-994,dummy4,1763,2943,*TURFH,ed0ard0sena,2025-07-31 22:08:50+00:00
MAU-994_2017_B_06_dummy4.jpg,5/1/2017,Guam-CNMI,MAU-994,dummy4,2520,2931,*SHAD,ed0ard0sena,2025-07-31 22:08:50+00:00
MAU-994_2017_B_06_dummy4.jpg,5/1/2017,Guam-CNMI,MAU-994,dummy4,2508,2876,*SHAD,ed0ard0sena,2025-07-31 22:08:50+00:00
MAU-994_2017_B_06_dummy4.jpg,5/1/2017,Guam-CNMI,MAU-994,dummy4,3674,387,*TURFH,ed0ard0sena,2025-07-31 22:08:50+00:00
MAU-994_2017_B_06_dummy4.jpg,5/1/2017,Guam-CNMI,MAU-994,dummy4,3375,1192,*TURFH,ed0ard0sena,2025-07-31 22:08:50+00:00
MAU-994_2017_B_06_dummy4.jpg,5/1/2017,Guam-CNMI,MAU-994,dummy4,3266,2441,*EMA,ed0ard0sena,2025-10-04 00:42:06+00:00
MAU-997_2017_A_01_dummy4.jpg,5/1/2017,Guam-CNMI,MAU-997,dummy4,492,965,*TURFH,ed0ard0sena,2025-07-31 22:26:43+00:00
MAU-997_2017_A_01_dummy4.jpg,5/1/2017,Guam-CNMI,MAU-997,dummy4,554,1292,*PSSP,ed0ard0sena,2025-10-30 00:02:57+00:00
MAU-997_2017_A_01_dummy4.jpg,5/1/2017,Guam-CNMI,MAU-997,dummy4,206,1419,*TURFH,ed0ard0sena,2025-07-31 22:26:43+00:00
MAU-997_2017_A_01_dummy4.jpg,5/1/2017,Guam-CNMI,MAU-997,dummy4,1620,47,*TURFH,ed0ard0sena,2025-07-31 22:26:43+00:00
MAU-997_2017_A_01_dummy4.jpg,5/1/2017,Guam-CNMI,MAU-997,dummy4,1450,1707,*TURFH,ed0ard0sena,2025-07-31 22:26:43+00:00
MAU-997_2017_A_01_dummy4.jpg,5/1/2017,Guam-CNMI,MAU-997,dummy4,1308,3768,*TURFH,ed0ard0sena,2025-07-31 22:26:43+00:00
MAU-997_2017_A_01_dummy4.jpg,5/1/2017,Guam-CNMI,MAU-997,dummy4,2135,858,*SHAD,ed0ard0sena,2025-10-04 00:43:38+00:00
MAU-997_2017_A_01_dummy4.jpg,5/1/2017,Guam-CNMI,MAU-997,dummy4,2738,158,*TURFH,ed0ard0sena,2025-07-31 22:26:43+00:00
MAU-997_2017_A_01_dummy4.jpg,5/1/2017,Guam-CNMI,MAU-997,dummy4,2590,2024,*TURFH,ed0ard0sena,2025-07-31 22:26:43+00:00
MAU-997_2017_A_01_dummy4.jpg,5/1/2017,Guam-CNMI,MAU-997,dummy4,2677,2995,*TURFH,ed0ard0sena,2025-07-31 22:26:42+00:00
PAG-631_2017_A_17_dummy4.jpg,5/1/2017,Guam-CNMI,PAG-631,dummy4,505,573,*SAND,ed0ard0sena,2025-10-30 00:04:23+00:00
PAG-631_2017_A_17_dummy4.jpg,5/1/2017,Guam-CNMI,PAG-631,dummy4,72,3147,*TURFH,ed0ard0sena,2025-07-31 22:28:40+00:00
PAG-631_2017_A_17_dummy4.jpg,5/1/2017,Guam-CNMI,PAG-631,dummy4,878,2275,*TURFH,ed0ard0sena,2025-07-31 22:28:40+00:00
PAG-631_2017_A_17_dummy4.jpg,5/1/2017,Guam-CNMI,PAG-631,dummy4,1377,4016,*TURFH,ed0ard0sena,2025-07-31 22:28:40+00:00
PAG-631_2017_A_17_dummy4.jpg,5/1/2017,Guam-CNMI,PAG-631,dummy4,2786,2663,*TURFH,ed0ard0sena,2025-07-31 22:28:40+00:00
PAG-631_2017_A_17_dummy4.jpg,5/1/2017,Guam-CNMI,PAG-631,dummy4,2956,852,*TURFH,ed0ard0sena,2025-07-31 22:28:40+00:00
PAG-631_2017_A_17_dummy4.jpg,5/1/2017,Guam-CNMI,PAG-631,dummy4,3501,916,*TURFH,ed0ard0sena,2025-07-31 22:28:40+00:00
PAG-631_2017_A_17_dummy4.jpg,5/1/2017,Guam-CNMI,PAG-631,dummy4,3158,1186,*TURFH,ed0ard0sena,2025-07-31 22:28:40+00:00
PAG-631_2017_A_17_dummy4.jpg,5/1/2017,Guam-CNMI,PAG-631,dummy4,3578,3577,*TURFH,ed0ard0sena,2025-07-31 22:28:40+00:00
PAG-631_2017_A_17_dummy4.jpg,5/1/2017,Guam-CNMI,PAG-631,dummy4,3214,3584,*TURFH,ed0ard0sena,2025-07-31 22:28:40+00:00
PAG-636_2017_A_09_dummy4.jpg,5/1/2017,Guam-CNMI,PAG-636,dummy4,382,461,*ZO,ed0ard0sena,2025-07-31 22:30:10+00:00
PAG-636_2017_A_09_dummy4.jpg,5/1/2017,Guam-CNMI,PAG-636,dummy4,128,1817,*TURFH,ed0ard0sena,2025-07-31 22:30:10+00:00
PAG-636_2017_A_09_dummy4.jpg,5/1/2017,Guam-CNMI,PAG-636,dummy4,771,792,*SHAD,ed0ard0sena,2025-07-31 22:30:10+00:00
PAG-636_2017_A_09_dummy4.jpg,5/1/2017,Guam-CNMI,PAG-636,dummy4,841,1051,*TURFH,ed0ard0sena,2025-07-31 22:30:10+00:00
PAG-636_2017_A_09_dummy4.jpg,5/1/2017,Guam-CNMI,PAG-636,dummy4,1035,2409,*EMA,ed0ard0sena,2025-07-31 22:30:10+00:00
PAG-636_2017_A_09_dummy4.jpg,5/1/2017,Guam-CNMI,PAG-636,dummy4,1576,2199,*TURFH,ed0ard0sena,2025-07-31 22:30:10+00:00
PAG-636_2017_A_09_dummy4.jpg,5/1/2017,Guam-CNMI,PAG-636,dummy4,1441,2973,*PSSP,ed0ard0sena,2025-10-30 00:06:00+00:00
PAG-636_2017_A_09_dummy4.jpg,5/1/2017,Guam-CNMI,PAG-636,dummy4,1398,3542,*TURFH,ed0ard0sena,2025-07-31 22:30:10+00:00
PAG-636_2017_A_09_dummy4.jpg,5/1/2017,Guam-CNMI,PAG-636,dummy4,1320,3409,*TURFH,ed0ard0sena,2025-07-31 22:30:10+00:00
PAG-636_2017_A_09_dummy4.jpg,5/1/2017,Guam-CNMI,PAG-636,dummy4,2390,3431,*PSSP,ed0ard0sena,2025-10-30 00:06:00+00:00
PAG-639_2017_A_24_dummy4.jpg,5/1/2017,Guam-CNMI,PAG-639,dummy4,1096,2205,*TURFH,ed0ard0sena,2025-07-31 22:43:56+00:00
PAG-639_2017_A_24_dummy4.jpg,5/1/2017,Guam-CNMI,PAG-639,dummy4,1658,1310,*TURFH,ed0ard0sena,2025-07-31 22:43:56+00:00
PAG-639_2017_A_24_dummy4.jpg,5/1/2017,Guam-CNMI,PAG-639,dummy4,1764,2774,*ASSP,ed0ard0sena,2025-10-30 00:08:09+00:00
PAG-639_2017_A_24_dummy4.jpg,5/1/2017,Guam-CNMI,PAG-639,dummy4,1836,560,*TURFH,ed0ard0sena,2025-07-31 22:43:56+00:00
PAG-639_2017_A_24_dummy4.jpg,5/1/2017,Guam-CNMI,PAG-639,dummy4,2374,1239,*TURFH,ed0ard0sena,2025-07-31 22:43:56+00:00
PAG-639_2017_A_24_dummy4.jpg,5/1/2017,Guam-CNMI,PAG-639,dummy4,2370,2270,*POMA,ed0ard0sena,2025-10-30 00:08:09+00:00
PAG-639_2017_A_24_dummy4.jpg,5/1/2017,Guam-CNMI,PAG-639,dummy4,2376,1882,*TURFH,ed0ard0sena,2025-07-31 22:43:56+00:00
PAG-639_2017_A_24_dummy4.jpg,5/1/2017,Guam-CNMI,PAG-639,dummy4,2105,2551,*POMA,ed0ard0sena,2025-07-31 22:43:56+00:00
PAG-639_2017_A_24_dummy4.jpg,5/1/2017,Guam-CNMI,PAG-639,dummy4,2095,3240,*TURFH,ed0ard0sena,2025-07-31 22:43:56+00:00
PAG-639_2017_A_24_dummy4.jpg,5/1/2017,Guam-CNMI,PAG-639,dummy4,2550,45,*TURFH,ed0ard0sena,2025-07-31 22:43:56+00:00
PAG-642_2017_A_26_dummy4.jpg,5/1/2017,Guam-CNMI,PAG-642,dummy4,614,582,*FAVS,ed0ard0sena,2025-10-04 00:52:13+00:00
PAG-642_2017_A_26_dummy4.jpg,5/1/2017,Guam-CNMI,PAG-642,dummy4,278,2809,*SHAD,ed0ard0sena,2025-07-31 22:54:59+00:00
PAG-642_2017_A_26_dummy4.jpg,5/1/2017,Guam-CNMI,PAG-642,dummy4,634,2911,*SHAD,ed0ard0sena,2025-07-31 22:54:59+00:00
PAG-642_2017_A_26_dummy4.jpg,5/1/2017,Guam-CNMI,PAG-642,dummy4,1127,923,*TURFH,ed0ard0sena,2025-07-31 22:54:59+00:00
PAG-642_2017_A_26_dummy4.jpg,5/1/2017,Guam-CNMI,PAG-642,dummy4,1931,1149,*TURFH,ed0ard0sena,2025-07-31 22:54:59+00:00
PAG-642_2017_A_26_dummy4.jpg,5/1/2017,Guam-CNMI,PAG-642,dummy4,2121,2527,*SHAD,ed0ard0sena,2025-07-31 22:54:59+00:00
PAG-642_2017_A_26_dummy4.jpg,5/1/2017,Guam-CNMI,PAG-642,dummy4,2711,909,*POCS,ed0ard0sena,2025-07-31 22:54:59+00:00
PAG-642_2017_A_26_dummy4.jpg,5/1/2017,Guam-CNMI,PAG-642,dummy4,3152,2127,*POCS,ed0ard0sena,2025-07-31 22:54:59+00:00
PAG-642_2017_A_26_dummy4.jpg,5/1/2017,Guam-CNMI,PAG-642,dummy4,2494,2501,*TURFH,ed0ard0sena,2025-07-31 22:54:59+00:00
PAG-642_2017_A_26_dummy4.jpg,5/1/2017,Guam-CNMI,PAG-642,dummy4,3856,868,*POCS,ed0ard0sena,2025-07-31 22:54:59+00:00
PAG-655_2017_A_12_dummy4.jpg,5/1/2017,Guam-CNMI,PAG-655,dummy4,697,2708,*TURFH,ed0ard0sena,2025-07-31 22:56:37+00:00
PAG-655_2017_A_12_dummy4.jpg,5/1/2017,Guam-CNMI,PAG-655,dummy4,1822,385,*TURFH,ed0ard0sena,2025-07-31 22:56:37+00:00
PAG-655_2017_A_12_dummy4.jpg,5/1/2017,Guam-CNMI,PAG-655,dummy4,1877,3158,*TURFH,ed0ard0sena,2025-07-31 22:56:37+00:00
PAG-655_2017_A_12_dummy4.jpg,5/1/2017,Guam-CNMI,PAG-655,dummy4,2003,3451,*TURFH,ed0ard0sena,2025-07-31 22:56:37+00:00
PAG-655_2017_A_12_dummy4.jpg,5/1/2017,Guam-CNMI,PAG-655,dummy4,1948,3945,*TURFH,ed0ard0sena,2025-10-30 00:09:28+00:00
PAG-655_2017_A_12_dummy4.jpg,5/1/2017,Guam-CNMI,PAG-655,dummy4,2455,3153,*POMA,ed0ard0sena,2025-07-31 22:56:37+00:00
PAG-655_2017_A_12_dummy4.jpg,5/1/2017,Guam-CNMI,PAG-655,dummy4,3300,1809,*TURFH,ed0ard0sena,2025-07-31 22:56:37+00:00
PAG-655_2017_A_12_dummy4.jpg,5/1/2017,Guam-CNMI,PAG-655,dummy4,3282,1581,*TURFH,ed0ard0sena,2025-07-31 22:56:37+00:00
PAG-655_2017_A_12_dummy4.jpg,5/1/2017,Guam-CNMI,PAG-655,dummy4,2984,1178,*TURFH,ed0ard0sena,2025-07-31 22:56:37+00:00
PAG-655_2017_A_12_dummy4.jpg,5/1/2017,Guam-CNMI,PAG-655,dummy4,3209,4927,*TURFH,ed0ard0sena,2025-07-31 22:56:37+00:00
PAG-671_2017_A_27_dummy4.jpg,5/1/2017,Guam-CNMI,PAG-671,dummy4,679,630,*TURFH,ed0ard0sena,2025-07-31 22:58:30+00:00
PAG-671_2017_A_27_dummy4.jpg,5/1/2017,Guam-CNMI,PAG-671,dummy4,1454,1773,*FASP,ed0ard0sena,2025-07-31 22:58:30+00:00
PAG-671_2017_A_27_dummy4.jpg,5/1/2017,Guam-CNMI,PAG-671,dummy4,1498,271,*FASP,ed0ard0sena,2025-07-31 22:58:30+00:00
PAG-671_2017_A_27_dummy4.jpg,5/1/2017,Guam-CNMI,PAG-671,dummy4,2011,2464,*FASP,ed0ard0sena,2025-07-31 22:58:30+00:00
PAG-671_2017_A_27_dummy4.jpg,5/1/2017,Guam-CNMI,PAG-671,dummy4,1763,3547,*TURFH,ed0ard0sena,2025-07-31 22:58:30+00:00
PAG-671_2017_A_27_dummy4.jpg,5/1/2017,Guam-CNMI,PAG-671,dummy4,1519,5308,*TURFH,ed0ard0sena,2025-07-31 22:58:30+00:00
PAG-671_2017_A_27_dummy4.jpg,5/1/2017,Guam-CNMI,PAG-671,dummy4,2252,2373,*FASP,ed0ard0sena,2025-07-31 22:58:30+00:00
PAG-671_2017_A_27_dummy4.jpg,5/1/2017,Guam-CNMI,PAG-671,dummy4,2573,2397,*FASP,ed0ard0sena,2025-07-31 22:58:30+00:00
PAG-671_2017_A_27_dummy4.jpg,5/1/2017,Guam-CNMI,PAG-671,dummy4,3403,1407,*ASTS,ed0ard0sena,2025-07-31 22:58:30+00:00
PAG-671_2017_A_27_dummy4.jpg,5/1/2017,Guam-CNMI,PAG-671,dummy4,3508,2323,*TURFH,ed0ard0sena,2025-07-31 22:58:30+00:00
PAG-693_2017_A_19_dummy4.jpg,5/1/2017,Guam-CNMI,PAG-693,dummy4,294,596,*PLSP,ed0ard0sena,2025-07-31 23:02:25+00:00
PAG-693_2017_A_19_dummy4.jpg,5/1/2017,Guam-CNMI,PAG-693,dummy4,510,2748,*TURFH,ed0ard0sena,2025-07-31 23:02:25+00:00
PAG-693_2017_A_19_dummy4.jpg,5/1/2017,Guam-CNMI,PAG-693,dummy4,413,3902,*TURFH,ed0ard0sena,2025-07-31 23:02:25+00:00
PAG-693_2017_A_19_dummy4.jpg,5/1/2017,Guam-CNMI,PAG-693,dummy4,609,3858,*TURFH,ed0ard0sena,2025-07-31 23:02:25+00:00
PAG-693_2017_A_19_dummy4.jpg,5/1/2017,Guam-CNMI,PAG-693,dummy4,1443,1280,*TURFH,ed0ard0sena,2025-07-31 23:02:25+00:00
PAG-693_2017_A_19_dummy4.jpg,5/1/2017,Guam-CNMI,PAG-693,dummy4,1455,1847,*POEN,ed0ard0sena,2025-07-31 23:02:25+00:00
PAG-693_2017_A_19_dummy4.jpg,5/1/2017,Guam-CNMI,PAG-693,dummy4,1219,2856,*FASP,ed0ard0sena,2025-07-31 23:02:25+00:00
PAG-693_2017_A_19_dummy4.jpg,5/1/2017,Guam-CNMI,PAG-693,dummy4,1467,2498,*TURFH,ed0ard0sena,2025-07-31 23:02:25+00:00
PAG-693_2017_A_19_dummy4.jpg,5/1/2017,Guam-CNMI,PAG-693,dummy4,2978,866,*TURFH,ed0ard0sena,2025-07-31 23:02:25+00:00
PAG-693_2017_A_19_dummy4.jpg,5/1/2017,Guam-CNMI,PAG-693,dummy4,2726,3735,*TURFH,ed0ard0sena,2025-07-31 23:02:25+00:00
PAG-713_2017_A_05_dummy4.jpg,5/1/2017,Guam-CNMI,PAG-713,dummy4,533,608,*TURFH,ed0ard0sena,2025-07-31 23:04:43+00:00
PAG-713_2017_A_05_dummy4.jpg,5/1/2017,Guam-CNMI,PAG-713,dummy4,536,1507,*TURFH,ed0ard0sena,2025-07-31 23:04:42+00:00
PAG-713_2017_A_05_dummy4.jpg,5/1/2017,Guam-CNMI,PAG-713,dummy4,1615,1896,*TURFH,ed0ard0sena,2025-07-31 23:04:42+00:00
PAG-713_2017_A_05_dummy4.jpg,5/1/2017,Guam-CNMI,PAG-713,dummy4,1968,2403,*TURFH,ed0ard0sena,2025-07-31 23:04:42+00:00
PAG-713_2017_A_05_dummy4.jpg,5/1/2017,Guam-CNMI,PAG-713,dummy4,1869,2827,*TURFH,ed0ard0sena,2025-07-31 23:04:42+00:00
PAG-713_2017_A_05_dummy4.jpg,5/1/2017,Guam-CNMI,PAG-713,dummy4,1856,2924,*TURFH,ed0ard0sena,2025-07-31 23:04:42+00:00
PAG-713_2017_A_05_dummy4.jpg,5/1/2017,Guam-CNMI,PAG-713,dummy4,2345,386,*TURFH,ed0ard0sena,2025-07-31 23:04:42+00:00
PAG-713_2017_A_05_dummy4.jpg,5/1/2017,Guam-CNMI,PAG-713,dummy4,3496,258,*TURFH,ed0ard0sena,2025-07-31 23:04:42+00:00
PAG-713_2017_A_05_dummy4.jpg,5/1/2017,Guam-CNMI,PAG-713,dummy4,3381,1826,*TURFH,ed0ard0sena,2025-07-31 23:04:42+00:00
PAG-713_2017_A_05_dummy4.jpg,5/1/2017,Guam-CNMI,PAG-713,dummy4,3281,5038,*TURFH,ed0ard0sena,2025-07-31 23:04:42+00:00
PAG-732_2017_A_02_dummy4.jpg,5/1/2017,Guam-CNMI,PAG-732,dummy4,106,821,*TURFH,ed0ard0sena,2025-07-31 23:05:41+00:00
PAG-732_2017_A_02_dummy4.jpg,5/1/2017,Guam-CNMI,PAG-732,dummy4,7,2588,*TURFH,ed0ard0sena,2025-07-31 23:05:41+00:00
PAG-732_2017_A_02_dummy4.jpg,5/1/2017,Guam-CNMI,PAG-732,dummy4,1558,2082,*TURFH,ed0ard0sena,2025-07-31 23:05:41+00:00
PAG-732_2017_A_02_dummy4.jpg,5/1/2017,Guam-CNMI,PAG-732,dummy4,1762,3191,*TURFH,ed0ard0sena,2025-07-31 23:05:41+00:00
PAG-732_2017_A_02_dummy4.jpg,5/1/2017,Guam-CNMI,PAG-732,dummy4,1685,2715,*SAND,ed0ard0sena,2025-10-06 22:01:14+00:00
PAG-732_2017_A_02_dummy4.jpg,5/1/2017,Guam-CNMI,PAG-732,dummy4,1745,2414,*SAND,ed0ard0sena,2025-10-06 22:01:14+00:00
PAG-732_2017_A_02_dummy4.jpg,5/1/2017,Guam-CNMI,PAG-732,dummy4,2303,17,*TURFH,ed0ard0sena,2025-07-31 23:05:41+00:00
PAG-732_2017_A_02_dummy4.jpg,5/1/2017,Guam-CNMI,PAG-732,dummy4,2106,2146,*TURFH,ed0ard0sena,2025-07-31 23:05:41+00:00
PAG-732_2017_A_02_dummy4.jpg,5/1/2017,Guam-CNMI,PAG-732,dummy4,2586,2697,*ASPP,ed0ard0sena,2025-07-31 23:05:41+00:00
PAG-732_2017_A_02_dummy4.jpg,5/1/2017,Guam-CNMI,PAG-732,dummy4,2472,2880,*TURFH,ed0ard0sena,2025-07-31 23:05:41+00:00
PAG-747_2017_A_25_dummy4.jpg,5/1/2017,Guam-CNMI,PAG-747,dummy4,588,20,*TURFH,ed0ard0sena,2025-07-31 23:34:16+00:00
PAG-747_2017_A_25_dummy4.jpg,5/1/2017,Guam-CNMI,PAG-747,dummy4,693,5060,*TURFH,ed0ard0sena,2025-07-31 23:34:16+00:00
PAG-747_2017_A_25_dummy4.jpg,5/1/2017,Guam-CNMI,PAG-747,dummy4,1787,996,*PAEN,ed0ard0sena,2025-07-31 23:34:16+00:00
PAG-747_2017_A_25_dummy4.jpg,5/1/2017,Guam-CNMI,PAG-747,dummy4,1543,1245,*TURFH,ed0ard0sena,2025-07-31 23:34:16+00:00
PAG-747_2017_A_25_dummy4.jpg,5/1/2017,Guam-CNMI,PAG-747,dummy4,1846,4951,*TURFH,ed0ard0sena,2025-07-31 23:34:16+00:00
PAG-747_2017_A_25_dummy4.jpg,5/1/2017,Guam-CNMI,PAG-747,dummy4,2683,587,*GONS,ed0ard0sena,2025-10-30 00:16:05+00:00
PAG-747_2017_A_25_dummy4.jpg,5/1/2017,Guam-CNMI,PAG-747,dummy4,2597,1726,*FAVS,ed0ard0sena,2025-10-30 00:16:04+00:00
PAG-747_2017_A_25_dummy4.jpg,5/1/2017,Guam-CNMI,PAG-747,dummy4,2546,5157,*TURFH,ed0ard0sena,2025-07-31 23:34:16+00:00
PAG-747_2017_A_25_dummy4.jpg,5/1/2017,Guam-CNMI,PAG-747,dummy4,2387,4759,*TURFH,ed0ard0sena,2025-07-31 23:34:16+00:00
PAG-747_2017_A_25_dummy4.jpg,5/1/2017,Guam-CNMI,PAG-747,dummy4,3521,916,*TURFH,ed0ard0sena,2025-10-07 00:11:41+00:00
PAG-836_2017_A_15_dummy4.jpg,5/1/2017,Guam-CNMI,PAG-836,dummy4,757,465,*TURFH,ed0ard0sena,2025-07-31 23:35:57+00:00
PAG-836_2017_A_15_dummy4.jpg,5/1/2017,Guam-CNMI,PAG-836,dummy4,104,1394,*POMA,ed0ard0sena,2025-07-31 23:35:57+00:00
PAG-836_2017_A_15_dummy4.jpg,5/1/2017,Guam-CNMI,PAG-836,dummy4,1498,2567,*EMA,ed0ard0sena,2025-07-31 23:35:57+00:00
PAG-836_2017_A_15_dummy4.jpg,5/1/2017,Guam-CNMI,PAG-836,dummy4,1674,2131,*TURFH,ed0ard0sena,2025-07-31 23:35:57+00:00
PAG-836_2017_A_15_dummy4.jpg,5/1/2017,Guam-CNMI,PAG-836,dummy4,2700,333,*TURFH,ed0ard0sena,2025-07-31 23:35:57+00:00
PAG-836_2017_A_15_dummy4.jpg,5/1/2017,Guam-CNMI,PAG-836,dummy4,2640,1471,*TURFH,ed0ard0sena,2025-07-31 23:35:57+00:00
PAG-836_2017_A_15_dummy4.jpg,5/1/2017,Guam-CNMI,PAG-836,dummy4,2492,2714,*TURFH,ed0ard0sena,2025-07-31 23:35:57+00:00
PAG-836_2017_A_15_dummy4.jpg,5/1/2017,Guam-CNMI,PAG-836,dummy4,3613,336,*ENC,ed0ard0sena,2025-10-30 00:17:42+00:00
PAG-836_2017_A_15_dummy4.jpg,5/1/2017,Guam-CNMI,PAG-836,dummy4,3795,1758,*TURFH,ed0ard0sena,2025-07-31 23:35:57+00:00
PAG-836_2017_A_15_dummy4.jpg,5/1/2017,Guam-CNMI,PAG-836,dummy4,3374,1490,*TURFH,ed0ard0sena,2025-07-31 23:35:57+00:00
PAG-886_2017_A_13_dummy4.jpg,5/1/2017,Guam-CNMI,PAG-886,dummy4,42,612,*TURFH,ed0ard0sena,2025-07-31 23:38:59+00:00
PAG-886_2017_A_13_dummy4.jpg,5/1/2017,Guam-CNMI,PAG-886,dummy4,137,954,*TURFH,ed0ard0sena,2025-07-31 23:38:59+00:00
PAG-886_2017_A_13_dummy4.jpg,5/1/2017,Guam-CNMI,PAG-886,dummy4,599,1972,*PAMA,ed0ard0sena,2025-10-30 00:19:48+00:00
PAG-886_2017_A_13_dummy4.jpg,5/1/2017,Guam-CNMI,PAG-886,dummy4,691,2049,*PAMA,ed0ard0sena,2025-10-30 00:19:48+00:00
PAG-886_2017_A_13_dummy4.jpg,5/1/2017,Guam-CNMI,PAG-886,dummy4,1527,891,*PESP,ed0ard0sena,2025-07-31 23:38:59+00:00
PAG-886_2017_A_13_dummy4.jpg,5/1/2017,Guam-CNMI,PAG-886,dummy4,2341,155,*TURFH,ed0ard0sena,2025-07-31 23:38:59+00:00
PAG-886_2017_A_13_dummy4.jpg,5/1/2017,Guam-CNMI,PAG-886,dummy4,1674,1250,*TURFH,ed0ard0sena,2025-07-31 23:38:59+00:00
PAG-886_2017_A_13_dummy4.jpg,5/1/2017,Guam-CNMI,PAG-886,dummy4,1981,2303,*FAVS,ed0ard0sena,2025-07-31 23:38:59+00:00
PAG-886_2017_A_13_dummy4.jpg,5/1/2017,Guam-CNMI,PAG-886,dummy4,3550,14,*TURFH,ed0ard0sena,2025-07-31 23:38:59+00:00
PAG-886_2017_A_13_dummy4.jpg,5/1/2017,Guam-CNMI,PAG-886,dummy4,3609,1558,*FAVS,ed0ard0sena,2025-07-31 23:38:59+00:00
PAG-891_2017_B_04_dummy4.jpg,5/1/2017,Guam-CNMI,PAG-891,dummy4,14,1264,*HARD,ed0ard0sena,2025-07-31 23:40:36+00:00
PAG-891_2017_B_04_dummy4.jpg,5/1/2017,Guam-CNMI,PAG-891,dummy4,470,3109,*SHAD,ed0ard0sena,2025-07-31 23:40:36+00:00
PAG-891_2017_B_04_dummy4.jpg,5/1/2017,Guam-CNMI,PAG-891,dummy4,173,3190,*TURFH,ed0ard0sena,2025-07-31 23:40:36+00:00
PAG-891_2017_B_04_dummy4.jpg,5/1/2017,Guam-CNMI,PAG-891,dummy4,1730,241,*TURFH,ed0ard0sena,2025-07-31 23:40:36+00:00
PAG-891_2017_B_04_dummy4.jpg,5/1/2017,Guam-CNMI,PAG-891,dummy4,1672,375,*TURFH,ed0ard0sena,2025-07-31 23:40:36+00:00
PAG-891_2017_B_04_dummy4.jpg,5/1/2017,Guam-CNMI,PAG-891,dummy4,1478,510,*TURFH,ed0ard0sena,2025-07-31 23:40:36+00:00
PAG-891_2017_B_04_dummy4.jpg,5/1/2017,Guam-CNMI,PAG-891,dummy4,1606,364,*TURFH,ed0ard0sena,2025-07-31 23:40:36+00:00
PAG-891_2017_B_04_dummy4.jpg,5/1/2017,Guam-CNMI,PAG-891,dummy4,1584,1733,*PAEN,ed0ard0sena,2025-07-31 23:40:36+00:00
PAG-891_2017_B_04_dummy4.jpg,5/1/2017,Guam-CNMI,PAG-891,dummy4,2108,3493,*TURFH,ed0ard0sena,2025-07-31 23:40:36+00:00
PAG-891_2017_B_04_dummy4.jpg,5/1/2017,Guam-CNMI,PAG-891,dummy4,2826,1455,*TURFH,ed0ard0sena,2025-07-31 23:40:36+00:00
PAG-899_2017_B_03_dummy4.jpg,5/1/2017,Guam-CNMI,PAG-899,dummy4,340,3006,*TURFH,ed0ard0sena,2025-07-31 23:43:00+00:00
PAG-899_2017_B_03_dummy4.jpg,5/1/2017,Guam-CNMI,PAG-899,dummy4,732,61,*TURFH,ed0ard0sena,2025-07-31 23:43:00+00:00
PAG-899_2017_B_03_dummy4.jpg,5/1/2017,Guam-CNMI,PAG-899,dummy4,1102,1212,*TURFH,ed0ard0sena,2025-07-31 23:43:00+00:00
PAG-899_2017_B_03_dummy4.jpg,5/1/2017,Guam-CNMI,PAG-899,dummy4,2301,669,*TURFH,ed0ard0sena,2025-07-31 23:43:00+00:00
PAG-899_2017_B_03_dummy4.jpg,5/1/2017,Guam-CNMI,PAG-899,dummy4,1837,69,*TURFH,ed0ard0sena,2025-07-31 23:43:00+00:00
PAG-899_2017_B_03_dummy4.jpg,5/1/2017,Guam-CNMI,PAG-899,dummy4,2373,1392,*ASPP,ed0ard0sena,2025-10-30 00:21:58+00:00
PAG-899_2017_B_03_dummy4.jpg,5/1/2017,Guam-CNMI,PAG-899,dummy4,1883,2380,*COSP,ed0ard0sena,2025-10-11 00:30:09+00:00
PAG-899_2017_B_03_dummy4.jpg,5/1/2017,Guam-CNMI,PAG-899,dummy4,2039,2893,*TURFH,ed0ard0sena,2025-07-31 23:43:00+00:00
PAG-899_2017_B_03_dummy4.jpg,5/1/2017,Guam-CNMI,PAG-899,dummy4,2733,87,*TURFH,ed0ard0sena,2025-10-30 00:21:58+00:00
PAG-899_2017_B_03_dummy4.jpg,5/1/2017,Guam-CNMI,PAG-899,dummy4,2762,2871,*CCAH,ed0ard0sena,2025-10-11 00:30:09+00:00
PAG-997_2017_A_04_dummy4.jpg,5/1/2017,Guam-CNMI,PAG-997,dummy4,732,1414,*TURFH,ed0ard0sena,2025-07-31 23:44:31+00:00
PAG-997_2017_A_04_dummy4.jpg,5/1/2017,Guam-CNMI,PAG-997,dummy4,1287,1503,*FASP,ed0ard0sena,2025-10-11 00:31:48+00:00
PAG-997_2017_A_04_dummy4.jpg,5/1/2017,Guam-CNMI,PAG-997,dummy4,1022,2771,*TURFH,ed0ard0sena,2025-07-31 23:44:31+00:00
PAG-997_2017_A_04_dummy4.jpg,5/1/2017,Guam-CNMI,PAG-997,dummy4,1201,2825,*TURFH,ed0ard0sena,2025-07-31 23:44:31+00:00
PAG-997_2017_A_04_dummy4.jpg,5/1/2017,Guam-CNMI,PAG-997,dummy4,1678,921,*TURFH,ed0ard0sena,2025-07-31 23:44:31+00:00
PAG-997_2017_A_04_dummy4.jpg,5/1/2017,Guam-CNMI,PAG-997,dummy4,2845,1379,*TURFH,ed0ard0sena,2025-07-31 23:44:31+00:00
PAG-997_2017_A_04_dummy4.jpg,5/1/2017,Guam-CNMI,PAG-997,dummy4,2944,1960,*TURFH,ed0ard0sena,2025-07-31 23:44:31+00:00
PAG-997_2017_A_04_dummy4.jpg,5/1/2017,Guam-CNMI,PAG-997,dummy4,3656,77,*TURFH,ed0ard0sena,2025-07-31 23:44:31+00:00
PAG-997_2017_A_04_dummy4.jpg,5/1/2017,Guam-CNMI,PAG-997,dummy4,3774,1893,*TURFH,ed0ard0sena,2025-07-31 23:44:31+00:00
PAG-997_2017_A_04_dummy4.jpg,5/1/2017,Guam-CNMI,PAG-997,dummy4,3327,2318,*TURFH,ed0ard0sena,2025-10-11 00:31:48+00:00
ROT-830_IMG_1861_dummy4.jpg,6/1/2022,Guam-CNMI,ROT-830,dummy4,829,410,*PESP,ed0ard0sena,2025-07-31 23:52:42+00:00
ROT-830_IMG_1861_dummy4.jpg,6/1/2022,Guam-CNMI,ROT-830,dummy4,2093,651,*PESP,ed0ard0sena,2025-07-31 23:52:42+00:00
ROT-830_IMG_1861_dummy4.jpg,6/1/2022,Guam-CNMI,ROT-830,dummy4,2114,2782,*GONS,ed0ard0sena,2025-10-11 00:43:13+00:00
ROT-830_IMG_1861_dummy4.jpg,6/1/2022,Guam-CNMI,ROT-830,dummy4,2554,131,*CCAH,ed0ard0sena,2025-07-31 23:52:42+00:00
ROT-830_IMG_1861_dummy4.jpg,6/1/2022,Guam-CNMI,ROT-830,dummy4,2675,728,*TURFH,ed0ard0sena,2025-10-11 00:43:12+00:00
ROT-830_IMG_1861_dummy4.jpg,6/1/2022,Guam-CNMI,ROT-830,dummy4,2223,760,*CCAH,ed0ard0sena,2025-07-31 23:52:42+00:00
ROT-830_IMG_1861_dummy4.jpg,6/1/2022,Guam-CNMI,ROT-830,dummy4,2933,2313,*GONS,ed0ard0sena,2025-10-11 00:43:12+00:00
ROT-830_IMG_1861_dummy4.jpg,6/1/2022,Guam-CNMI,ROT-830,dummy4,2868,3499,*TURFH,ed0ard0sena,2025-10-30 00:26:57+00:00
ROT-830_IMG_1861_dummy4.jpg,6/1/2022,Guam-CNMI,ROT-830,dummy4,3600,1240,*TURFH,ed0ard0sena,2025-07-31 23:52:42+00:00
ROT-830_IMG_1861_dummy4.jpg,6/1/2022,Guam-CNMI,ROT-830,dummy4,3521,2632,*PESP,ed0ard0sena,2025-10-11 00:43:12+00:00
ROT-840_IMG_1799_dummy4.jpg,6/1/2022,Guam-CNMI,ROT-840,dummy4,476,335,*TURFH,ed0ard0sena,2025-08-01 00:01:35+00:00
ROT-840_IMG_1799_dummy4.jpg,6/1/2022,Guam-CNMI,ROT-840,dummy4,568,2866,*EMA,ed0ard0sena,2025-08-01 00:01:35+00:00
ROT-840_IMG_1799_dummy4.jpg,6/1/2022,Guam-CNMI,ROT-840,dummy4,1271,1936,*CCAH,ed0ard0sena,2025-08-01 00:01:35+00:00
ROT-840_IMG_1799_dummy4.jpg,6/1/2022,Guam-CNMI,ROT-840,dummy4,1797,2690,*TURFH,ed0ard0sena,2025-08-01 00:01:35+00:00
ROT-840_IMG_1799_dummy4.jpg,6/1/2022,Guam-CNMI,ROT-840,dummy4,2165,4835,*CCAH,ed0ard0sena,2025-08-01 00:01:35+00:00
ROT-840_IMG_1799_dummy4.jpg,6/1/2022,Guam-CNMI,ROT-840,dummy4,1585,4512,*PESP,ed0ard0sena,2025-08-01 00:01:35+00:00
ROT-840_IMG_1799_dummy4.jpg,6/1/2022,Guam-CNMI,ROT-840,dummy4,2214,1602,*CCAH,ed0ard0sena,2025-08-01 00:01:35+00:00
ROT-840_IMG_1799_dummy4.jpg,6/1/2022,Guam-CNMI,ROT-840,dummy4,2731,2024,*CCAH,ed0ard0sena,2025-08-01 00:01:35+00:00
ROT-840_IMG_1799_dummy4.jpg,6/1/2022,Guam-CNMI,ROT-840,dummy4,2328,2289,*TURFH,ed0ard0sena,2025-08-01 00:01:34+00:00
ROT-840_IMG_1799_dummy4.jpg,6/1/2022,Guam-CNMI,ROT-840,dummy4,2503,5397,*CCAH,ed0ard0sena,2025-08-01 00:01:34+00:00
ROT-845_IMG_1917_dummy4.jpg,6/1/2022,Guam-CNMI,ROT-845,dummy4,574,1757,*TURFH,ed0ard0sena,2025-08-01 00:02:29+00:00
ROT-845_IMG_1917_dummy4.jpg,6/1/2022,Guam-CNMI,ROT-845,dummy4,591,2854,*TURFH,ed0ard0sena,2025-08-01 00:02:29+00:00
ROT-845_IMG_1917_dummy4.jpg,6/1/2022,Guam-CNMI,ROT-845,dummy4,1125,1304,*TURFH,ed0ard0sena,2025-08-01 00:02:29+00:00
ROT-845_IMG_1917_dummy4.jpg,6/1/2022,Guam-CNMI,ROT-845,dummy4,1501,530,*TURFH,ed0ard0sena,2025-08-01 00:02:29+00:00
ROT-845_IMG_1917_dummy4.jpg,6/1/2022,Guam-CNMI,ROT-845,dummy4,1868,1120,*TURFH,ed0ard0sena,2025-08-01 00:02:29+00:00
ROT-845_IMG_1917_dummy4.jpg,6/1/2022,Guam-CNMI,ROT-845,dummy4,1855,3211,*TURFH,ed0ard0sena,2025-08-01 00:02:29+00:00
ROT-845_IMG_1917_dummy4.jpg,6/1/2022,Guam-CNMI,ROT-845,dummy4,2632,3751,*TURFH,ed0ard0sena,2025-08-01 00:02:29+00:00
ROT-845_IMG_1917_dummy4.jpg,6/1/2022,Guam-CNMI,ROT-845,dummy4,2332,4412,*TURFH,ed0ard0sena,2025-08-01 00:02:29+00:00
ROT-845_IMG_1917_dummy4.jpg,6/1/2022,Guam-CNMI,ROT-845,dummy4,3048,3681,*TURFH,ed0ard0sena,2025-08-01 00:02:29+00:00
ROT-845_IMG_1917_dummy4.jpg,6/1/2022,Guam-CNMI,ROT-845,dummy4,3465,3555,*CCAH,ed0ard0sena,2025-08-01 00:02:29+00:00
ROT-845_IMG_1926_dummy4.jpg,6/1/2022,Guam-CNMI,ROT-845,dummy4,338,150,*TURFH,ed0ard0sena,2025-08-01 00:06:49+00:00
ROT-845_IMG_1926_dummy4.jpg,6/1/2022,Guam-CNMI,ROT-845,dummy4,116,1086,*EMA,ed0ard0sena,2025-10-11 00:49:37+00:00
ROT-845_IMG_1926_dummy4.jpg,6/1/2022,Guam-CNMI,ROT-845,dummy4,137,3094,*HALI,ed0ard0sena,2025-08-01 00:06:49+00:00
ROT-845_IMG_1926_dummy4.jpg,6/1/2022,Guam-CNMI,ROT-845,dummy4,252,3406,*EMA,ed0ard0sena,2025-08-01 00:06:49+00:00
ROT-845_IMG_1926_dummy4.jpg,6/1/2022,Guam-CNMI,ROT-845,dummy4,1187,371,*TURFH,ed0ard0sena,2025-08-01 00:06:49+00:00
ROT-845_IMG_1926_dummy4.jpg,6/1/2022,Guam-CNMI,ROT-845,dummy4,1985,635,*TURFH,ed0ard0sena,2025-08-01 00:06:49+00:00
ROT-845_IMG_1926_dummy4.jpg,6/1/2022,Guam-CNMI,ROT-845,dummy4,1941,3942,*HALI,ed0ard0sena,2025-08-01 00:06:49+00:00
ROT-845_IMG_1926_dummy4.jpg,6/1/2022,Guam-CNMI,ROT-845,dummy4,2691,1704,*TURFH,ed0ard0sena,2025-08-01 00:06:49+00:00
ROT-845_IMG_1926_dummy4.jpg,6/1/2022,Guam-CNMI,ROT-845,dummy4,2907,3877,*SHAD,ed0ard0sena,2025-08-01 00:06:49+00:00
ROT-845_IMG_1926_dummy4.jpg,6/1/2022,Guam-CNMI,ROT-845,dummy4,3281,3544,*HALI,ed0ard0sena,2025-10-30 00:28:23+00:00
ROT-848_IMG_0902_dummy4.jpg,6/1/2022,Guam-CNMI,ROT-848,dummy4,295,927,*TURFH,ed0ard0sena,2025-08-01 00:12:29+00:00
ROT-848_IMG_0902_dummy4.jpg,6/1/2022,Guam-CNMI,ROT-848,dummy4,715,1771,*TURFH,ed0ard0sena,2025-08-01 00:12:29+00:00
ROT-848_IMG_0902_dummy4.jpg,6/1/2022,Guam-CNMI,ROT-848,dummy4,10,1478,*SHAD,ed0ard0sena,2025-08-01 00:12:29+00:00
ROT-848_IMG_0902_dummy4.jpg,6/1/2022,Guam-CNMI,ROT-848,dummy4,1073,3470,*TURFH,ed0ard0sena,2025-08-01 00:12:29+00:00
ROT-848_IMG_0902_dummy4.jpg,6/1/2022,Guam-CNMI,ROT-848,dummy4,1560,850,*GRMA,ed0ard0sena,2025-08-01 00:12:29+00:00
ROT-848_IMG_0902_dummy4.jpg,6/1/2022,Guam-CNMI,ROT-848,dummy4,1529,2077,*CCAH,ed0ard0sena,2025-08-01 00:12:29+00:00
ROT-848_IMG_0902_dummy4.jpg,6/1/2022,Guam-CNMI,ROT-848,dummy4,1323,2002,*HALI,ed0ard0sena,2025-08-01 00:12:29+00:00
ROT-848_IMG_0902_dummy4.jpg,6/1/2022,Guam-CNMI,ROT-848,dummy4,2114,2573,*TURFH,ed0ard0sena,2025-08-01 00:12:29+00:00
ROT-848_IMG_0902_dummy4.jpg,6/1/2022,Guam-CNMI,ROT-848,dummy4,4187,2079,*TURFH,ed0ard0sena,2025-08-01 00:12:29+00:00
ROT-848_IMG_0902_dummy4.jpg,6/1/2022,Guam-CNMI,ROT-848,dummy4,4591,2421,*TURFH,ed0ard0sena,2025-08-01 00:12:29+00:00
ROT-848_IMG_0903_dummy4.jpg,6/1/2022,Guam-CNMI,ROT-848,dummy4,597,1003,*TURFH,ed0ard0sena,2025-08-01 00:15:16+00:00
ROT-848_IMG_0903_dummy4.jpg,6/1/2022,Guam-CNMI,ROT-848,dummy4,1028,1283,*EMA,ed0ard0sena,2025-08-01 00:15:16+00:00
ROT-848_IMG_0903_dummy4.jpg,6/1/2022,Guam-CNMI,ROT-848,dummy4,1745,2675,*TURFH,ed0ard0sena,2025-08-01 00:15:16+00:00
ROT-848_IMG_0903_dummy4.jpg,6/1/2022,Guam-CNMI,ROT-848,dummy4,1671,2347,*CCAH,ed0ard0sena,2025-08-01 00:15:16+00:00
ROT-848_IMG_0903_dummy4.jpg,6/1/2022,Guam-CNMI,ROT-848,dummy4,2809,83,*PESP,ed0ard0sena,2025-10-11 00:56:47+00:00
ROT-848_IMG_0903_dummy4.jpg,6/1/2022,Guam-CNMI,ROT-848,dummy4,3522,1855,*TURFH,ed0ard0sena,2025-08-01 00:15:16+00:00
ROT-848_IMG_0903_dummy4.jpg,6/1/2022,Guam-CNMI,ROT-848,dummy4,3290,3200,*TURFH,ed0ard0sena,2025-08-01 00:15:16+00:00
ROT-848_IMG_0903_dummy4.jpg,6/1/2022,Guam-CNMI,ROT-848,dummy4,3383,3211,*TURFH,ed0ard0sena,2025-08-01 00:15:16+00:00
ROT-848_IMG_0903_dummy4.jpg,6/1/2022,Guam-CNMI,ROT-848,dummy4,4890,71,*TURFH,ed0ard0sena,2025-08-01 00:15:16+00:00
ROT-848_IMG_0903_dummy4.jpg,6/1/2022,Guam-CNMI,ROT-848,dummy4,4841,3579,*TURFH,ed0ard0sena,2025-08-01 00:15:16+00:00
ROT-866_IMG_2363_dummy4.jpg,6/1/2022,Guam-CNMI,ROT-866,dummy4,459,2214,*MOBF,ed0ard0sena,2025-10-11 00:58:18+00:00
ROT-866_IMG_2363_dummy4.jpg,6/1/2022,Guam-CNMI,ROT-866,dummy4,2117,38,*TURFH,ed0ard0sena,2025-08-01 00:16:02+00:00
ROT-866_IMG_2363_dummy4.jpg,6/1/2022,Guam-CNMI,ROT-866,dummy4,1587,1608,*TURFH,ed0ard0sena,2025-08-01 00:16:02+00:00
ROT-866_IMG_2363_dummy4.jpg,6/1/2022,Guam-CNMI,ROT-866,dummy4,1189,2721,*TURFH,ed0ard0sena,2025-08-01 00:16:02+00:00
ROT-866_IMG_2363_dummy4.jpg,6/1/2022,Guam-CNMI,ROT-866,dummy4,2431,137,*TURFH,ed0ard0sena,2025-08-01 00:16:02+00:00
ROT-866_IMG_2363_dummy4.jpg,6/1/2022,Guam-CNMI,ROT-866,dummy4,2293,1095,*TURFH,ed0ard0sena,2025-08-01 00:16:02+00:00
ROT-866_IMG_2363_dummy4.jpg,6/1/2022,Guam-CNMI,ROT-866,dummy4,2382,3641,*TURFH,ed0ard0sena,2025-08-01 00:16:02+00:00
ROT-866_IMG_2363_dummy4.jpg,6/1/2022,Guam-CNMI,ROT-866,dummy4,4167,1567,*TURFH,ed0ard0sena,2025-08-01 00:16:02+00:00
ROT-866_IMG_2363_dummy4.jpg,6/1/2022,Guam-CNMI,ROT-866,dummy4,3365,3479,*TURFH,ed0ard0sena,2025-08-01 00:16:01+00:00
ROT-866_IMG_2363_dummy4.jpg,6/1/2022,Guam-CNMI,ROT-866,dummy4,4798,2205,*BGMA,ed0ard0sena,2025-08-01 00:16:01+00:00
ROT-UNK_IMG_5773_dummy4.JPG,6/1/2022,Guam-CNMI,ROT-UNK,dummy4,87,5412,*TURFH,ed0ard0sena,2025-08-01 00:21:41+00:00
ROT-UNK_IMG_5773_dummy4.JPG,6/1/2022,Guam-CNMI,ROT-UNK,dummy4,1060,2567,*TURFH,ed0ard0sena,2025-08-01 00:21:41+00:00
ROT-UNK_IMG_5773_dummy4.JPG,6/1/2022,Guam-CNMI,ROT-UNK,dummy4,1016,2548,*TURFH,ed0ard0sena,2025-08-01 00:21:41+00:00
ROT-UNK_IMG_5773_dummy4.JPG,6/1/2022,Guam-CNMI,ROT-UNK,dummy4,1356,3912,*TURFH,ed0ard0sena,2025-08-01 00:21:41+00:00
ROT-UNK_IMG_5773_dummy4.JPG,6/1/2022,Guam-CNMI,ROT-UNK,dummy4,1540,557,*RDMA,ed0ard0sena,2025-10-11 01:04:23+00:00
ROT-UNK_IMG_5773_dummy4.JPG,6/1/2022,Guam-CNMI,ROT-UNK,dummy4,2489,36,*TURFH,ed0ard0sena,2025-08-01 00:21:41+00:00
ROT-UNK_IMG_5773_dummy4.JPG,6/1/2022,Guam-CNMI,ROT-UNK,dummy4,2864,1429,*RDMA,ed0ard0sena,2025-10-11 01:04:23+00:00
ROT-UNK_IMG_5773_dummy4.JPG,6/1/2022,Guam-CNMI,ROT-UNK,dummy4,2768,1631,*TURFH,ed0ard0sena,2025-08-01 00:21:41+00:00
ROT-UNK_IMG_5773_dummy4.JPG,6/1/2022,Guam-CNMI,ROT-UNK,dummy4,2735,3499,*TURFH,ed0ard0sena,2025-08-01 00:21:41+00:00
ROT-UNK_IMG_5773_dummy4.JPG,6/1/2022,Guam-CNMI,ROT-UNK,dummy4,2951,1061,*TURFH,ed0ard0sena,2025-08-01 00:21:41+00:00
SAI-1820_IMG_0893_dummy4.jpg,6/1/2022,Guam-CNMI,SAI-1820,dummy4,289,2420,*TURFH,ed0ard0sena,2025-08-01 00:22:43+00:00
SAI-1820_IMG_0893_dummy4.jpg,6/1/2022,Guam-CNMI,SAI-1820,dummy4,1643,1506,*TURFH,ed0ard0sena,2025-08-01 00:22:43+00:00
SAI-1820_IMG_0893_dummy4.jpg,6/1/2022,Guam-CNMI,SAI-1820,dummy4,2592,379,*TURFH,ed0ard0sena,2025-08-01 00:22:43+00:00
SAI-1820_IMG_0893_dummy4.jpg,6/1/2022,Guam-CNMI,SAI-1820,dummy4,3840,1146,*TURFH,ed0ard0sena,2025-08-01 00:22:43+00:00
SAI-1820_IMG_0893_dummy4.jpg,6/1/2022,Guam-CNMI,SAI-1820,dummy4,3842,1891,*TURFH,ed0ard0sena,2025-08-01 00:22:43+00:00
SAI-1820_IMG_0893_dummy4.jpg,6/1/2022,Guam-CNMI,SAI-1820,dummy4,3815,2692,*HARD,ed0ard0sena,2025-08-01 00:22:43+00:00
SAI-1820_IMG_0893_dummy4.jpg,6/1/2022,Guam-CNMI,SAI-1820,dummy4,3831,2611,*MOEN,ed0ard0sena,2025-08-01 00:22:43+00:00
SAI-1820_IMG_0893_dummy4.jpg,6/1/2022,Guam-CNMI,SAI-1820,dummy4,4462,1936,*TURFH,ed0ard0sena,2025-08-01 00:22:43+00:00
SAI-1820_IMG_0893_dummy4.jpg,6/1/2022,Guam-CNMI,SAI-1820,dummy4,4753,2537,*TURFH,ed0ard0sena,2025-08-01 00:22:43+00:00
SAI-1820_IMG_0893_dummy4.jpg,6/1/2022,Guam-CNMI,SAI-1820,dummy4,5013,2348,*TURFH,ed0ard0sena,2025-08-01 00:22:43+00:00
SAI-1822_IMG_2077_dummy4.jpg,6/1/2022,Guam-CNMI,SAI-1822,dummy4,303,877,*TURFH,ed0ard0sena,2025-08-01 00:24:10+00:00
SAI-1822_IMG_2077_dummy4.jpg,6/1/2022,Guam-CNMI,SAI-1822,dummy4,61,2238,*TURFH,ed0ard0sena,2025-08-01 00:24:10+00:00
SAI-1822_IMG_2077_dummy4.jpg,6/1/2022,Guam-CNMI,SAI-1822,dummy4,1296,4887,*TURFH,ed0ard0sena,2025-08-01 00:24:10+00:00
SAI-1822_IMG_2077_dummy4.jpg,6/1/2022,Guam-CNMI,SAI-1822,dummy4,1688,42,*TURFH,ed0ard0sena,2025-08-01 00:24:10+00:00
SAI-1822_IMG_2077_dummy4.jpg,6/1/2022,Guam-CNMI,SAI-1822,dummy4,2073,2636,*TURFH,ed0ard0sena,2025-08-01 00:24:10+00:00
SAI-1822_IMG_2077_dummy4.jpg,6/1/2022,Guam-CNMI,SAI-1822,dummy4,2693,1447,*TURFH,ed0ard0sena,2025-08-01 00:24:10+00:00
SAI-1822_IMG_2077_dummy4.jpg,6/1/2022,Guam-CNMI,SAI-1822,dummy4,2809,4992,*MOEN,ed0ard0sena,2025-10-11 01:06:20+00:00
SAI-1822_IMG_2077_dummy4.jpg,6/1/2022,Guam-CNMI,SAI-1822,dummy4,3042,2844,*TURFH,ed0ard0sena,2025-08-01 00:24:10+00:00
SAI-1822_IMG_2077_dummy4.jpg,6/1/2022,Guam-CNMI,SAI-1822,dummy4,3605,3033,*MOEN,ed0ard0sena,2025-10-11 01:06:20+00:00
SAI-1822_IMG_2077_dummy4.jpg,6/1/2022,Guam-CNMI,SAI-1822,dummy4,2988,2637,*CCAH,ed0ard0sena,2025-08-01 00:24:10+00:00
SAI-1822_IMG_2102_dummy4.jpg,6/1/2022,Guam-CNMI,SAI-1822,dummy4,289,3026,*TURFH,ed0ard0sena,2025-08-01 00:25:20+00:00
SAI-1822_IMG_2102_dummy4.jpg,6/1/2022,Guam-CNMI,SAI-1822,dummy4,579,3114,*TURFH,ed0ard0sena,2025-08-01 00:25:20+00:00
SAI-1822_IMG_2102_dummy4.jpg,6/1/2022,Guam-CNMI,SAI-1822,dummy4,73,2966,*TURFH,ed0ard0sena,2025-08-01 00:25:20+00:00
SAI-1822_IMG_2102_dummy4.jpg,6/1/2022,Guam-CNMI,SAI-1822,dummy4,2070,51,*EMA,ed0ard0sena,2025-08-01 00:25:20+00:00
SAI-1822_IMG_2102_dummy4.jpg,6/1/2022,Guam-CNMI,SAI-1822,dummy4,1655,1043,*TURFH,ed0ard0sena,2025-08-01 00:25:20+00:00
SAI-1822_IMG_2102_dummy4.jpg,6/1/2022,Guam-CNMI,SAI-1822,dummy4,3961,1700,*TURFH,ed0ard0sena,2025-08-01 00:25:20+00:00
SAI-1822_IMG_2102_dummy4.jpg,6/1/2022,Guam-CNMI,SAI-1822,dummy4,3965,3395,*TURFH,ed0ard0sena,2025-08-01 00:25:20+00:00
SAI-1822_IMG_2102_dummy4.jpg,6/1/2022,Guam-CNMI,SAI-1822,dummy4,4614,1048,*TURFH,ed0ard0sena,2025-08-01 00:25:20+00:00
SAI-1822_IMG_2102_dummy4.jpg,6/1/2022,Guam-CNMI,SAI-1822,dummy4,4945,1656,*TURFH,ed0ard0sena,2025-08-01 00:25:20+00:00
SAI-1822_IMG_2102_dummy4.jpg,6/1/2022,Guam-CNMI,SAI-1822,dummy4,4446,2163,*SP,ed0ard0sena,2025-10-11 01:08:36+00:00
SAI-1838_IMG_0564_dummy4.jpg,6/1/2022,Guam-CNMI,SAI-1838,dummy4,976,866,*TURFH,ed0ard0sena,2025-08-01 00:27:55+00:00
SAI-1838_IMG_0564_dummy4.jpg,6/1/2022,Guam-CNMI,SAI-1838,dummy4,2029,519,*TURFH,ed0ard0sena,2025-08-01 00:27:55+00:00
SAI-1838_IMG_0564_dummy4.jpg,6/1/2022,Guam-CNMI,SAI-1838,dummy4,1766,448,*TURFH,ed0ard0sena,2025-08-01 00:27:55+00:00
SAI-1838_IMG_0564_dummy4.jpg,6/1/2022,Guam-CNMI,SAI-1838,dummy4,1976,437,*TURFH,ed0ard0sena,2025-08-01 00:27:55+00:00
SAI-1838_IMG_0564_dummy4.jpg,6/1/2022,Guam-CNMI,SAI-1838,dummy4,2091,4016,*TURFH,ed0ard0sena,2025-08-01 00:27:55+00:00
SAI-1838_IMG_0564_dummy4.jpg,6/1/2022,Guam-CNMI,SAI-1838,dummy4,2045,4703,*TURFH,ed0ard0sena,2025-08-01 00:27:55+00:00
SAI-1838_IMG_0564_dummy4.jpg,6/1/2022,Guam-CNMI,SAI-1838,dummy4,2388,947,*GONS,ed0ard0sena,2025-10-11 01:13:45+00:00
SAI-1838_IMG_0564_dummy4.jpg,6/1/2022,Guam-CNMI,SAI-1838,dummy4,2894,2890,*TURFH,ed0ard0sena,2025-08-01 00:27:55+00:00
SAI-1838_IMG_0564_dummy4.jpg,6/1/2022,Guam-CNMI,SAI-1838,dummy4,2304,4309,*TURFH,ed0ard0sena,2025-08-01 00:27:55+00:00
SAI-1838_IMG_0564_dummy4.jpg,6/1/2022,Guam-CNMI,SAI-1838,dummy4,3602,1083,*TURFH,ed0ard0sena,2025-08-01 00:27:55+00:00
SAI-1852_IMG_1774_dummy4.jpg,6/1/2022,Guam-CNMI,SAI-1852,dummy4,147,5089,*SAND,ed0ard0sena,2025-10-30 00:33:14+00:00
SAI-1852_IMG_1774_dummy4.jpg,6/1/2022,Guam-CNMI,SAI-1852,dummy4,601,4930,*SAND,ed0ard0sena,2025-10-30 00:33:13+00:00
SAI-1852_IMG_1774_dummy4.jpg,6/1/2022,Guam-CNMI,SAI-1852,dummy4,976,738,*TURFH,ed0ard0sena,2025-08-01 00:29:01+00:00
SAI-1852_IMG_1774_dummy4.jpg,6/1/2022,Guam-CNMI,SAI-1852,dummy4,782,575,*TURFH,ed0ard0sena,2025-08-01 00:29:01+00:00
SAI-1852_IMG_1774_dummy4.jpg,6/1/2022,Guam-CNMI,SAI-1852,dummy4,2003,358,*TURFH,ed0ard0sena,2025-08-01 00:29:01+00:00
SAI-1852_IMG_1774_dummy4.jpg,6/1/2022,Guam-CNMI,SAI-1852,dummy4,1560,2483,*CCAH,ed0ard0sena,2025-08-01 00:29:01+00:00
SAI-1852_IMG_1774_dummy4.jpg,6/1/2022,Guam-CNMI,SAI-1852,dummy4,2030,3594,*TURFH,ed0ard0sena,2025-08-01 00:29:00+00:00
SAI-1852_IMG_1774_dummy4.jpg,6/1/2022,Guam-CNMI,SAI-1852,dummy4,1601,4028,*TURFH,ed0ard0sena,2025-08-01 00:29:00+00:00
SAI-1852_IMG_1774_dummy4.jpg,6/1/2022,Guam-CNMI,SAI-1852,dummy4,3384,2724,*TURFH,ed0ard0sena,2025-08-01 00:29:00+00:00
SAI-1852_IMG_1774_dummy4.jpg,6/1/2022,Guam-CNMI,SAI-1852,dummy4,3067,4098,*TURFH,ed0ard0sena,2025-08-01 00:29:00+00:00
SAI-1854_IMG_0691_dummy4.jpg,6/1/2022,Guam-CNMI,SAI-1854,dummy4,723,1384,*BGMA,ed0ard0sena,2025-08-01 00:34:22+00:00
SAI-1854_IMG_0691_dummy4.jpg,6/1/2022,Guam-CNMI,SAI-1854,dummy4,1686,1710,*EMA,ed0ard0sena,2025-08-01 00:34:22+00:00
SAI-1854_IMG_0691_dummy4.jpg,6/1/2022,Guam-CNMI,SAI-1854,dummy4,1822,2476,*ASTS,ed0ard0sena,2025-08-01 00:34:22+00:00
SAI-1854_IMG_0691_dummy4.jpg,6/1/2022,Guam-CNMI,SAI-1854,dummy4,1189,2698,*ASTS,ed0ard0sena,2025-08-01 00:34:22+00:00
SAI-1854_IMG_0691_dummy4.jpg,6/1/2022,Guam-CNMI,SAI-1854,dummy4,1996,2909,*ASTS,ed0ard0sena,2025-08-01 00:34:22+00:00
SAI-1854_IMG_0691_dummy4.jpg,6/1/2022,Guam-CNMI,SAI-1854,dummy4,2475,415,*PHSP,ed0ard0sena,2025-10-11 01:42:27+00:00
SAI-1854_IMG_0691_dummy4.jpg,6/1/2022,Guam-CNMI,SAI-1854,dummy4,2634,758,*MASS,ed0ard0sena,2025-10-11 01:42:27+00:00
SAI-1854_IMG_0691_dummy4.jpg,6/1/2022,Guam-CNMI,SAI-1854,dummy4,3682,3274,*TURFH,ed0ard0sena,2025-08-01 00:34:21+00:00
SAI-1854_IMG_0691_dummy4.jpg,6/1/2022,Guam-CNMI,SAI-1854,dummy4,4421,514,*ASSP,ed0ard0sena,2025-10-30 00:34:28+00:00
SAI-1854_IMG_0691_dummy4.jpg,6/1/2022,Guam-CNMI,SAI-1854,dummy4,4854,3384,*TURFH,ed0ard0sena,2025-08-01 00:34:21+00:00
SAI-1857_IMG_1868_dummy4.jpg,6/1/2022,Guam-CNMI,SAI-1857,dummy4,264,1132,*CCAH,ed0ard0sena,2025-08-01 00:37:13+00:00
SAI-1857_IMG_1868_dummy4.jpg,6/1/2022,Guam-CNMI,SAI-1857,dummy4,393,1780,*PESP,ed0ard0sena,2025-08-01 00:37:13+00:00
SAI-1857_IMG_1868_dummy4.jpg,6/1/2022,Guam-CNMI,SAI-1857,dummy4,1094,285,*ASSP,ed0ard0sena,2025-10-11 01:48:29+00:00
SAI-1857_IMG_1868_dummy4.jpg,6/1/2022,Guam-CNMI,SAI-1857,dummy4,1789,2681,*TURFH,ed0ard0sena,2025-08-01 00:37:13+00:00
SAI-1857_IMG_1868_dummy4.jpg,6/1/2022,Guam-CNMI,SAI-1857,dummy4,2155,4010,*ASSP,ed0ard0sena,2025-10-11 01:48:29+00:00
SAI-1857_IMG_1868_dummy4.jpg,6/1/2022,Guam-CNMI,SAI-1857,dummy4,2380,1985,*TURFH,ed0ard0sena,2025-08-01 00:37:12+00:00
SAI-1857_IMG_1868_dummy4.jpg,6/1/2022,Guam-CNMI,SAI-1857,dummy4,2629,2941,*TURFH,ed0ard0sena,2025-08-01 00:37:12+00:00
SAI-1857_IMG_1868_dummy4.jpg,6/1/2022,Guam-CNMI,SAI-1857,dummy4,3272,495,*TURFH,ed0ard0sena,2025-08-01 00:37:12+00:00
SAI-1857_IMG_1868_dummy4.jpg,6/1/2022,Guam-CNMI,SAI-1857,dummy4,3561,1262,*TURFH,ed0ard0sena,2025-08-01 00:37:12+00:00
SAI-1857_IMG_1868_dummy4.jpg,6/1/2022,Guam-CNMI,SAI-1857,dummy4,3016,5056,*MASS,ed0ard0sena,2025-10-11 01:48:29+00:00
SAI-1858_IMG_1828_dummy4.jpg,6/1/2022,Guam-CNMI,SAI-1858,dummy4,6,551,*TURFH,ed0ard0sena,2025-08-01 00:48:49+00:00
SAI-1858_IMG_1828_dummy4.jpg,6/1/2022,Guam-CNMI,SAI-1858,dummy4,1220,1201,*EMA,ed0ard0sena,2025-08-01 00:48:49+00:00
SAI-1858_IMG_1828_dummy4.jpg,6/1/2022,Guam-CNMI,SAI-1858,dummy4,2398,1326,*TURFH,ed0ard0sena,2025-10-11 01:49:40+00:00
SAI-1858_IMG_1828_dummy4.jpg,6/1/2022,Guam-CNMI,SAI-1858,dummy4,2464,1375,*TURFH,ed0ard0sena,2025-08-01 00:48:49+00:00
SAI-1858_IMG_1828_dummy4.jpg,6/1/2022,Guam-CNMI,SAI-1858,dummy4,2695,3401,*LEPT,ed0ard0sena,2025-08-01 00:48:49+00:00
SAI-1858_IMG_1828_dummy4.jpg,6/1/2022,Guam-CNMI,SAI-1858,dummy4,4231,2809,*TURFH,ed0ard0sena,2025-08-01 00:48:49+00:00
SAI-1858_IMG_1828_dummy4.jpg,6/1/2022,Guam-CNMI,SAI-1858,dummy4,5055,727,*TURFH,ed0ard0sena,2025-08-01 00:48:49+00:00
SAI-1858_IMG_1828_dummy4.jpg,6/1/2022,Guam-CNMI,SAI-1858,dummy4,4844,1238,*TURFH,ed0ard0sena,2025-08-01 00:48:49+00:00
SAI-1858_IMG_1828_dummy4.jpg,6/1/2022,Guam-CNMI,SAI-1858,dummy4,5227,2638,*TURFH,ed0ard0sena,2025-08-01 00:48:49+00:00
SAI-1858_IMG_1828_dummy4.jpg,6/1/2022,Guam-CNMI,SAI-1858,dummy4,4740,3181,*PADI,ed0ard0sena,2025-08-01 00:48:49+00:00
SAI-1888_IMG_9809_dummy4.jpg,6/1/2022,Guam-CNMI,SAI-1888,dummy4,1435,1391,*TURFH,ed0ard0sena,2025-10-11 01:51:31+00:00
SAI-1888_IMG_9809_dummy4.jpg,6/1/2022,Guam-CNMI,SAI-1888,dummy4,2084,3486,*TURFH,ed0ard0sena,2025-08-01 00:50:02+00:00
SAI-1888_IMG_9809_dummy4.jpg,6/1/2022,Guam-CNMI,SAI-1888,dummy4,1336,3306,*CCAH,ed0ard0sena,2025-08-01 00:50:02+00:00
SAI-1888_IMG_9809_dummy4.jpg,6/1/2022,Guam-CNMI,SAI-1888,dummy4,2265,2274,*TURFH,ed0ard0sena,2025-08-01 00:50:02+00:00
SAI-1888_IMG_9809_dummy4.jpg,6/1/2022,Guam-CNMI,SAI-1888,dummy4,2692,3073,*TURFH,ed0ard0sena,2025-08-01 00:50:02+00:00
SAI-1888_IMG_9809_dummy4.jpg,6/1/2022,Guam-CNMI,SAI-1888,dummy4,4081,2578,*TURFH,ed0ard0sena,2025-08-01 00:50:02+00:00
SAI-1888_IMG_9809_dummy4.jpg,6/1/2022,Guam-CNMI,SAI-1888,dummy4,4505,1249,*TURFH,ed0ard0sena,2025-08-01 00:50:02+00:00
SAI-1888_IMG_9809_dummy4.jpg,6/1/2022,Guam-CNMI,SAI-1888,dummy4,5038,1490,*TURFH,ed0ard0sena,2025-08-01 00:50:02+00:00
SAI-1888_IMG_9809_dummy4.jpg,6/1/2022,Guam-CNMI,SAI-1888,dummy4,5048,3397,*TURFH,ed0ard0sena,2025-08-01 00:50:02+00:00
SAI-1888_IMG_9809_dummy4.jpg,6/1/2022,Guam-CNMI,SAI-1888,dummy4,4466,3626,*TURFH,ed0ard0sena,2025-08-01 00:50:02+00:00
SAI-1909_IMG_0714_dummy4.jpg,6/1/2022,Guam-CNMI,SAI-1909,dummy4,431,2582,*TURFH,ed0ard0sena,2025-08-01 00:51:45+00:00
SAI-1909_IMG_0714_dummy4.jpg,6/1/2022,Guam-CNMI,SAI-1909,dummy4,911,38,*CCAH,ed0ard0sena,2025-08-01 00:51:45+00:00
SAI-1909_IMG_0714_dummy4.jpg,6/1/2022,Guam-CNMI,SAI-1909,dummy4,760,4683,*TURFH,ed0ard0sena,2025-10-11 01:52:35+00:00
SAI-1909_IMG_0714_dummy4.jpg,6/1/2022,Guam-CNMI,SAI-1909,dummy4,2328,67,*STYS,ed0ard0sena,2025-08-01 00:51:45+00:00
SAI-1909_IMG_0714_dummy4.jpg,6/1/2022,Guam-CNMI,SAI-1909,dummy4,2794,3576,*TURFH,ed0ard0sena,2025-08-01 00:51:45+00:00
SAI-1909_IMG_0714_dummy4.jpg,6/1/2022,Guam-CNMI,SAI-1909,dummy4,2859,4596,*CCAH,ed0ard0sena,2025-10-11 01:52:35+00:00
SAI-1909_IMG_0714_dummy4.jpg,6/1/2022,Guam-CNMI,SAI-1909,dummy4,3450,1850,*TURFH,ed0ard0sena,2025-08-01 00:51:45+00:00
SAI-1909_IMG_0714_dummy4.jpg,6/1/2022,Guam-CNMI,SAI-1909,dummy4,3251,1506,*CCAH,ed0ard0sena,2025-08-01 00:51:45+00:00
SAI-1909_IMG_0714_dummy4.jpg,6/1/2022,Guam-CNMI,SAI-1909,dummy4,3543,2485,*POCS,ed0ard0sena,2025-08-01 00:51:45+00:00
SAI-1909_IMG_0714_dummy4.jpg,6/1/2022,Guam-CNMI,SAI-1909,dummy4,3214,3363,*TURFH,ed0ard0sena,2025-08-01 00:51:45+00:00
SAI-1909_IMG_0735_dummy4.jpg,6/1/2022,Guam-CNMI,SAI-1909,dummy4,854,1364,*TURFH,ed0ard0sena,2025-08-01 00:54:17+00:00
SAI-1909_IMG_0735_dummy4.jpg,6/1/2022,Guam-CNMI,SAI-1909,dummy4,452,979,*CCAH,ed0ard0sena,2025-08-01 00:54:17+00:00
SAI-1909_IMG_0735_dummy4.jpg,6/1/2022,Guam-CNMI,SAI-1909,dummy4,564,915,*CCAH,ed0ard0sena,2025-08-01 00:54:17+00:00
SAI-1909_IMG_0735_dummy4.jpg,6/1/2022,Guam-CNMI,SAI-1909,dummy4,590,2682,*TURFH,ed0ard0sena,2025-08-01 00:54:17+00:00
SAI-1909_IMG_0735_dummy4.jpg,6/1/2022,Guam-CNMI,SAI-1909,dummy4,3005,244,*TURFH,ed0ard0sena,2025-08-01 00:54:17+00:00
SAI-1909_IMG_0735_dummy4.jpg,6/1/2022,Guam-CNMI,SAI-1909,dummy4,2927,10,*CCAH,ed0ard0sena,2025-08-01 00:54:16+00:00
SAI-1909_IMG_0735_dummy4.jpg,6/1/2022,Guam-CNMI,SAI-1909,dummy4,3084,1240,*MOEN,ed0ard0sena,2025-10-11 01:54:25+00:00
SAI-1909_IMG_0735_dummy4.jpg,6/1/2022,Guam-CNMI,SAI-1909,dummy4,2937,2457,*TURFH,ed0ard0sena,2025-08-01 00:54:16+00:00
SAI-1909_IMG_0735_dummy4.jpg,6/1/2022,Guam-CNMI,SAI-1909,dummy4,3652,5,*TURFH,ed0ard0sena,2025-08-01 00:54:16+00:00
SAI-1909_IMG_0735_dummy4.jpg,6/1/2022,Guam-CNMI,SAI-1909,dummy4,4928,3304,*CCAH,ed0ard0sena,2025-08-01 00:54:16+00:00
SAI-1915_IMG_9876_dummy4.jpg,6/1/2022,Guam-CNMI,SAI-1915,dummy4,477,4284,*TURFH,ed0ard0sena,2025-08-01 00:59:17+00:00
SAI-1915_IMG_9876_dummy4.jpg,6/1/2022,Guam-CNMI,SAI-1915,dummy4,1127,2557,*TURFH,ed0ard0sena,2025-08-01 00:59:17+00:00
SAI-1915_IMG_9876_dummy4.jpg,6/1/2022,Guam-CNMI,SAI-1915,dummy4,1636,862,*TURFH,ed0ard0sena,2025-08-01 00:59:17+00:00
SAI-1915_IMG_9876_dummy4.jpg,6/1/2022,Guam-CNMI,SAI-1915,dummy4,1873,2399,*BGMA,ed0ard0sena,2025-10-11 01:55:57+00:00
SAI-1915_IMG_9876_dummy4.jpg,6/1/2022,Guam-CNMI,SAI-1915,dummy4,3124,1974,*GASP,ed0ard0sena,2025-08-01 00:59:17+00:00
SAI-1915_IMG_9876_dummy4.jpg,6/1/2022,Guam-CNMI,SAI-1915,dummy4,3355,2080,*GASP,ed0ard0sena,2025-08-01 00:59:17+00:00
SAI-1915_IMG_9876_dummy4.jpg,6/1/2022,Guam-CNMI,SAI-1915,dummy4,3522,1191,*TURFH,ed0ard0sena,2025-08-01 00:59:17+00:00
SAI-1915_IMG_9876_dummy4.jpg,6/1/2022,Guam-CNMI,SAI-1915,dummy4,2974,1381,*BGMA,ed0ard0sena,2025-10-30 00:38:24+00:00
SAI-1915_IMG_9876_dummy4.jpg,6/1/2022,Guam-CNMI,SAI-1915,dummy4,3287,2591,*ASSP,ed0ard0sena,2025-10-11 01:55:57+00:00
SAI-1915_IMG_9876_dummy4.jpg,6/1/2022,Guam-CNMI,SAI-1915,dummy4,3607,4671,*MOEN,ed0ard0sena,2025-10-11 01:55:57+00:00
SAI-1916_IMG_0506_dummy4.jpg,6/1/2022,Guam-CNMI,SAI-1916,dummy4,546,1086,*TURFH,ed0ard0sena,2025-08-01 01:00:55+00:00
SAI-1916_IMG_0506_dummy4.jpg,6/1/2022,Guam-CNMI,SAI-1916,dummy4,259,2592,*TURFH,ed0ard0sena,2025-08-01 01:00:55+00:00
SAI-1916_IMG_0506_dummy4.jpg,6/1/2022,Guam-CNMI,SAI-1916,dummy4,1128,1239,*CCAH,ed0ard0sena,2025-08-01 01:00:55+00:00
SAI-1916_IMG_0506_dummy4.jpg,6/1/2022,Guam-CNMI,SAI-1916,dummy4,1128,2886,*TURFH,ed0ard0sena,2025-08-01 01:00:55+00:00
SAI-1916_IMG_0506_dummy4.jpg,6/1/2022,Guam-CNMI,SAI-1916,dummy4,1632,3515,*PESP,ed0ard0sena,2025-08-01 01:00:55+00:00
SAI-1916_IMG_0506_dummy4.jpg,6/1/2022,Guam-CNMI,SAI-1916,dummy4,2698,867,*CCAH,ed0ard0sena,2025-10-30 00:39:03+00:00
SAI-1916_IMG_0506_dummy4.jpg,6/1/2022,Guam-CNMI,SAI-1916,dummy4,2217,1707,*TURFH,ed0ard0sena,2025-08-01 01:00:55+00:00
SAI-1916_IMG_0506_dummy4.jpg,6/1/2022,Guam-CNMI,SAI-1916,dummy4,2859,2905,*CCAH,ed0ard0sena,2025-08-01 01:00:55+00:00
SAI-1916_IMG_0506_dummy4.jpg,6/1/2022,Guam-CNMI,SAI-1916,dummy4,4346,1571,*HALI,ed0ard0sena,2025-08-01 01:00:55+00:00
SAI-1916_IMG_0506_dummy4.jpg,6/1/2022,Guam-CNMI,SAI-1916,dummy4,4327,3010,*TURFH,ed0ard0sena,2025-08-01 01:00:55+00:00
SAI-1916_IMG_0510_dummy4.jpg,6/1/2022,Guam-CNMI,SAI-1916,dummy4,1601,860,*PESP,ed0ard0sena,2025-08-01 01:15:14+00:00
SAI-1916_IMG_0510_dummy4.jpg,6/1/2022,Guam-CNMI,SAI-1916,dummy4,1758,4061,*CCAH,ed0ard0sena,2025-08-01 01:15:14+00:00
SAI-1916_IMG_0510_dummy4.jpg,6/1/2022,Guam-CNMI,SAI-1916,dummy4,2909,249,*UPMA,ed0ard0sena,2025-08-01 01:15:14+00:00
SAI-1916_IMG_0510_dummy4.jpg,6/1/2022,Guam-CNMI,SAI-1916,dummy4,2918,397,*UPMA,ed0ard0sena,2025-08-01 01:15:14+00:00
SAI-1916_IMG_0510_dummy4.jpg,6/1/2022,Guam-CNMI,SAI-1916,dummy4,2819,260,*TURFH,ed0ard0sena,2025-08-01 01:15:14+00:00
SAI-1916_IMG_0510_dummy4.jpg,6/1/2022,Guam-CNMI,SAI-1916,dummy4,2325,1856,*CCAH,ed0ard0sena,2025-08-01 01:15:14+00:00
SAI-1916_IMG_0510_dummy4.jpg,6/1/2022,Guam-CNMI,SAI-1916,dummy4,2517,1112,*TURFH,ed0ard0sena,2025-08-01 01:15:14+00:00
SAI-1916_IMG_0510_dummy4.jpg,6/1/2022,Guam-CNMI,SAI-1916,dummy4,2840,4680,*CCAH,ed0ard0sena,2025-10-11 01:59:13+00:00
SAI-1916_IMG_0510_dummy4.jpg,6/1/2022,Guam-CNMI,SAI-1916,dummy4,3583,4,*ENC,ed0ard0sena,2025-10-11 01:59:13+00:00
SAI-1916_IMG_0510_dummy4.jpg,6/1/2022,Guam-CNMI,SAI-1916,dummy4,3559,189,*TURFH,ed0ard0sena,2025-08-01 01:15:14+00:00
SAI-1918_IMG_0604_dummy4.jpg,6/1/2022,Guam-CNMI,SAI-1918,dummy4,108,2439,*TURFH,ed0ard0sena,2025-08-01 01:17:22+00:00
SAI-1918_IMG_0604_dummy4.jpg,6/1/2022,Guam-CNMI,SAI-1918,dummy4,1868,105,*TURFH,ed0ard0sena,2025-08-01 01:17:22+00:00
SAI-1918_IMG_0604_dummy4.jpg,6/1/2022,Guam-CNMI,SAI-1918,dummy4,1907,909,*CCAH,ed0ard0sena,2025-10-11 02:01:34+00:00
SAI-1918_IMG_0604_dummy4.jpg,6/1/2022,Guam-CNMI,SAI-1918,dummy4,1687,1723,*CCAH,ed0ard0sena,2025-08-01 01:17:22+00:00
SAI-1918_IMG_0604_dummy4.jpg,6/1/2022,Guam-CNMI,SAI-1918,dummy4,2551,437,*TURFH,ed0ard0sena,2025-08-01 01:17:22+00:00
SAI-1918_IMG_0604_dummy4.jpg,6/1/2022,Guam-CNMI,SAI-1918,dummy4,2449,2691,*TURFH,ed0ard0sena,2025-08-01 01:17:22+00:00
SAI-1918_IMG_0604_dummy4.jpg,6/1/2022,Guam-CNMI,SAI-1918,dummy4,2348,3184,*TURFH,ed0ard0sena,2025-10-11 02:01:34+00:00
SAI-1918_IMG_0604_dummy4.jpg,6/1/2022,Guam-CNMI,SAI-1918,dummy4,3411,453,*TURFH,ed0ard0sena,2025-08-01 01:17:22+00:00
SAI-1918_IMG_0604_dummy4.jpg,6/1/2022,Guam-CNMI,SAI-1918,dummy4,3408,3634,*TURFH,ed0ard0sena,2025-08-01 01:17:22+00:00
SAI-1918_IMG_0604_dummy4.jpg,6/1/2022,Guam-CNMI,SAI-1918,dummy4,4737,804,*SP,ed0ard0sena,2025-08-01 01:17:22+00:00
SAI-1921_IMG_0550_dummy4.jpg,6/1/2022,Guam-CNMI,SAI-1921,dummy4,880,1015,*TURFH,ed0ard0sena,2025-08-01 01:37:25+00:00
SAI-1921_IMG_0550_dummy4.jpg,6/1/2022,Guam-CNMI,SAI-1921,dummy4,1353,2866,*SAND,ed0ard0sena,2025-08-01 01:37:25+00:00
SAI-1921_IMG_0550_dummy4.jpg,6/1/2022,Guam-CNMI,SAI-1921,dummy4,1716,2585,*TURFH,ed0ard0sena,2025-08-01 01:37:25+00:00
SAI-1921_IMG_0550_dummy4.jpg,6/1/2022,Guam-CNMI,SAI-1921,dummy4,2188,5103,*ASTS,ed0ard0sena,2025-08-01 01:37:25+00:00
SAI-1921_IMG_0550_dummy4.jpg,6/1/2022,Guam-CNMI,SAI-1921,dummy4,1564,5393,*UPMA,ed0ard0sena,2025-08-01 01:37:25+00:00
SAI-1921_IMG_0550_dummy4.jpg,6/1/2022,Guam-CNMI,SAI-1921,dummy4,2195,2058,*TURFH,ed0ard0sena,2025-08-01 01:37:25+00:00
SAI-1921_IMG_0550_dummy4.jpg,6/1/2022,Guam-CNMI,SAI-1921,dummy4,2411,1869,*TURFH,ed0ard0sena,2025-08-01 01:37:25+00:00
SAI-1921_IMG_0550_dummy4.jpg,6/1/2022,Guam-CNMI,SAI-1921,dummy4,2839,2935,*CCAH,ed0ard0sena,2025-08-01 01:37:25+00:00
SAI-1921_IMG_0550_dummy4.jpg,6/1/2022,Guam-CNMI,SAI-1921,dummy4,2295,2759,*UPMA,ed0ard0sena,2025-08-01 01:37:25+00:00
SAI-1921_IMG_0550_dummy4.jpg,6/1/2022,Guam-CNMI,SAI-1921,dummy4,3273,4193,*TURFH,ed0ard0sena,2025-08-01 01:37:24+00:00
SAI-1921_IMG_0552_dummy4.jpg,6/1/2022,Guam-CNMI,SAI-1921,dummy4,275,3725,*TURFH,ed0ard0sena,2025-08-01 19:22:22+00:00
SAI-1921_IMG_0552_dummy4.jpg,6/1/2022,Guam-CNMI,SAI-1921,dummy4,1523,1541,*GOAL,ed0ard0sena,2025-08-01 19:22:22+00:00
SAI-1921_IMG_0552_dummy4.jpg,6/1/2022,Guam-CNMI,SAI-1921,dummy4,1901,5235,*TURFH,ed0ard0sena,2025-08-01 19:22:22+00:00
SAI-1921_IMG_0552_dummy4.jpg,6/1/2022,Guam-CNMI,SAI-1921,dummy4,2536,555,*POMA,ed0ard0sena,2025-08-01 19:22:22+00:00
SAI-1921_IMG_0552_dummy4.jpg,6/1/2022,Guam-CNMI,SAI-1921,dummy4,2606,102,*POMA,ed0ard0sena,2025-08-01 19:22:22+00:00
SAI-1921_IMG_0552_dummy4.jpg,6/1/2022,Guam-CNMI,SAI-1921,dummy4,2846,1180,*POMA,ed0ard0sena,2025-08-01 19:22:22+00:00
SAI-1921_IMG_0552_dummy4.jpg,6/1/2022,Guam-CNMI,SAI-1921,dummy4,2555,3084,*TURFH,ed0ard0sena,2025-08-01 19:22:22+00:00
SAI-1921_IMG_0552_dummy4.jpg,6/1/2022,Guam-CNMI,SAI-1921,dummy4,2433,3180,*SAND,ed0ard0sena,2025-08-01 19:22:22+00:00
SAI-1921_IMG_0552_dummy4.jpg,6/1/2022,Guam-CNMI,SAI-1921,dummy4,2791,3305,*ASSP,ed0ard0sena,2025-10-11 02:05:11+00:00
SAI-1921_IMG_0552_dummy4.jpg,6/1/2022,Guam-CNMI,SAI-1921,dummy4,2920,1551,*TURFH,ed0ard0sena,2025-08-01 19:22:22+00:00
TIN-838_IMG_1104_dummy4.jpg,6/1/2022,Guam-CNMI,TIN-838,dummy4,10,1290,*TURFH,ed0ard0sena,2025-08-01 19:23:32+00:00
TIN-838_IMG_1104_dummy4.jpg,6/1/2022,Guam-CNMI,TIN-838,dummy4,346,2930,*TURFH,ed0ard0sena,2025-08-01 19:23:32+00:00
TIN-838_IMG_1104_dummy4.jpg,6/1/2022,Guam-CNMI,TIN-838,dummy4,1865,941,*TURFH,ed0ard0sena,2025-08-01 19:23:32+00:00
TIN-838_IMG_1104_dummy4.jpg,6/1/2022,Guam-CNMI,TIN-838,dummy4,1607,1792,*TURFH,ed0ard0sena,2025-08-01 19:23:32+00:00
TIN-838_IMG_1104_dummy4.jpg,6/1/2022,Guam-CNMI,TIN-838,dummy4,2112,2911,*TURFH,ed0ard0sena,2025-08-01 19:23:32+00:00
TIN-838_IMG_1104_dummy4.jpg,6/1/2022,Guam-CNMI,TIN-838,dummy4,1653,2554,*TURFH,ed0ard0sena,2025-08-01 19:23:32+00:00
TIN-838_IMG_1104_dummy4.jpg,6/1/2022,Guam-CNMI,TIN-838,dummy4,2692,50,*TURFH,ed0ard0sena,2025-08-01 19:23:32+00:00
TIN-838_IMG_1104_dummy4.jpg,6/1/2022,Guam-CNMI,TIN-838,dummy4,2971,1815,*BGMA,ed0ard0sena,2025-08-01 19:23:32+00:00
TIN-838_IMG_1104_dummy4.jpg,6/1/2022,Guam-CNMI,TIN-838,dummy4,3618,1974,*PESP,ed0ard0sena,2025-08-01 19:23:32+00:00
TIN-838_IMG_1104_dummy4.jpg,6/1/2022,Guam-CNMI,TIN-838,dummy4,4854,2096,*TURFH,ed0ard0sena,2025-08-01 19:23:32+00:00
TIN-855_IMG_9718_dummy4.jpg,6/1/2022,Guam-CNMI,TIN-855,dummy4,780,1137,*POCS,ed0ard0sena,2025-08-01 19:32:14+00:00
TIN-855_IMG_9718_dummy4.jpg,6/1/2022,Guam-CNMI,TIN-855,dummy4,1568,127,*TURFH,ed0ard0sena,2025-08-01 19:32:14+00:00
TIN-855_IMG_9718_dummy4.jpg,6/1/2022,Guam-CNMI,TIN-855,dummy4,2066,2349,*TURFH,ed0ard0sena,2025-08-01 19:32:14+00:00
TIN-855_IMG_9718_dummy4.jpg,6/1/2022,Guam-CNMI,TIN-855,dummy4,2931,482,*TURFH,ed0ard0sena,2025-08-01 19:32:14+00:00
TIN-855_IMG_9718_dummy4.jpg,6/1/2022,Guam-CNMI,TIN-855,dummy4,2952,1726,*TURFH,ed0ard0sena,2025-08-01 19:32:14+00:00
TIN-855_IMG_9718_dummy4.jpg,6/1/2022,Guam-CNMI,TIN-855,dummy4,3167,2867,*ASSP,ed0ard0sena,2025-10-30 00:44:42+00:00
TIN-855_IMG_9718_dummy4.jpg,6/1/2022,Guam-CNMI,TIN-855,dummy4,3604,284,*TURFH,ed0ard0sena,2025-08-01 19:32:14+00:00
TIN-855_IMG_9718_dummy4.jpg,6/1/2022,Guam-CNMI,TIN-855,dummy4,4223,1445,*PAEN,ed0ard0sena,2025-08-01 19:32:14+00:00
TIN-855_IMG_9718_dummy4.jpg,6/1/2022,Guam-CNMI,TIN-855,dummy4,4833,252,*HALI,ed0ard0sena,2025-08-01 19:32:14+00:00
TIN-855_IMG_9718_dummy4.jpg,6/1/2022,Guam-CNMI,TIN-855,dummy4,5093,2456,*TURFH,ed0ard0sena,2025-08-01 19:32:14+00:00
TIN-855_IMG_9723_dummy4.jpg,6/1/2022,Guam-CNMI,TIN-855,dummy4,486,997,*TURFH,ed0ard0sena,2025-10-30 00:45:33+00:00
TIN-855_IMG_9723_dummy4.jpg,6/1/2022,Guam-CNMI,TIN-855,dummy4,397,1190,*CCAH,ed0ard0sena,2025-08-01 19:33:14+00:00
TIN-855_IMG_9723_dummy4.jpg,6/1/2022,Guam-CNMI,TIN-855,dummy4,829,1621,*TURFH,ed0ard0sena,2025-08-01 19:33:14+00:00
TIN-855_IMG_9723_dummy4.jpg,6/1/2022,Guam-CNMI,TIN-855,dummy4,757,1569,*TURFH,ed0ard0sena,2025-08-01 19:33:14+00:00
TIN-855_IMG_9723_dummy4.jpg,6/1/2022,Guam-CNMI,TIN-855,dummy4,483,2033,*TURFH,ed0ard0sena,2025-08-01 19:33:14+00:00
TIN-855_IMG_9723_dummy4.jpg,6/1/2022,Guam-CNMI,TIN-855,dummy4,1256,2474,*TURFH,ed0ard0sena,2025-08-01 19:33:14+00:00
TIN-855_IMG_9723_dummy4.jpg,6/1/2022,Guam-CNMI,TIN-855,dummy4,3465,139,*POMA,ed0ard0sena,2025-08-01 19:33:14+00:00
TIN-855_IMG_9723_dummy4.jpg,6/1/2022,Guam-CNMI,TIN-855,dummy4,3758,2963,*TURFH,ed0ard0sena,2025-08-01 19:33:14+00:00
TIN-855_IMG_9723_dummy4.jpg,6/1/2022,Guam-CNMI,TIN-855,dummy4,5170,344,*HALI,ed0ard0sena,2025-08-01 19:33:14+00:00
TIN-855_IMG_9723_dummy4.jpg,6/1/2022,Guam-CNMI,TIN-855,dummy4,5149,2683,*HALI,ed0ard0sena,2025-08-01 19:33:14+00:00
TIN-855_IMG_9725_dummy4.jpg,6/1/2022,Guam-CNMI,TIN-855,dummy4,830,1118,*LPHY,ed0ard0sena,2025-08-01 19:34:50+00:00
TIN-855_IMG_9725_dummy4.jpg,6/1/2022,Guam-CNMI,TIN-855,dummy4,1768,73,*TURFH,ed0ard0sena,2025-08-01 19:34:50+00:00
TIN-855_IMG_9725_dummy4.jpg,6/1/2022,Guam-CNMI,TIN-855,dummy4,1806,465,*HALI,ed0ard0sena,2025-08-01 19:34:50+00:00
TIN-855_IMG_9725_dummy4.jpg,6/1/2022,Guam-CNMI,TIN-855,dummy4,1518,766,*TURFH,ed0ard0sena,2025-08-01 19:34:50+00:00
TIN-855_IMG_9725_dummy4.jpg,6/1/2022,Guam-CNMI,TIN-855,dummy4,2523,150,*CCAH,ed0ard0sena,2025-08-01 19:34:49+00:00
TIN-855_IMG_9725_dummy4.jpg,6/1/2022,Guam-CNMI,TIN-855,dummy4,2813,2538,*TURFH,ed0ard0sena,2025-08-01 19:34:49+00:00
TIN-855_IMG_9725_dummy4.jpg,6/1/2022,Guam-CNMI,TIN-855,dummy4,3627,2694,*BGMA,ed0ard0sena,2025-08-01 19:34:49+00:00
TIN-855_IMG_9725_dummy4.jpg,6/1/2022,Guam-CNMI,TIN-855,dummy4,4600,769,*TURFH,ed0ard0sena,2025-08-01 19:34:49+00:00
TIN-855_IMG_9725_dummy4.jpg,6/1/2022,Guam-CNMI,TIN-855,dummy4,5294,1378,*CCAH,ed0ard0sena,2025-08-01 19:34:49+00:00
TIN-855_IMG_9725_dummy4.jpg,6/1/2022,Guam-CNMI,TIN-855,dummy4,5264,1413,*CCAH,ed0ard0sena,2025-08-01 19:34:49+00:00
TIN-868_IMG_1956_dummy4.jpg,6/1/2022,Guam-CNMI,TIN-868,dummy4,192,4593,*PAMA,ed0ard0sena,2025-10-11 02:14:20+00:00
TIN-868_IMG_1956_dummy4.jpg,6/1/2022,Guam-CNMI,TIN-868,dummy4,135,5332,*PAMA,ed0ard0sena,2025-08-01 19:49:29+00:00
TIN-868_IMG_1956_dummy4.jpg,6/1/2022,Guam-CNMI,TIN-868,dummy4,1402,4777,*CCAH,ed0ard0sena,2025-08-01 19:49:29+00:00
TIN-868_IMG_1956_dummy4.jpg,6/1/2022,Guam-CNMI,TIN-868,dummy4,1735,1545,*POMA,ed0ard0sena,2025-08-01 19:49:29+00:00
TIN-868_IMG_1956_dummy4.jpg,6/1/2022,Guam-CNMI,TIN-868,dummy4,1862,2250,*POMA,ed0ard0sena,2025-08-01 19:49:29+00:00
TIN-868_IMG_1956_dummy4.jpg,6/1/2022,Guam-CNMI,TIN-868,dummy4,1920,4776,*CCAH,ed0ard0sena,2025-08-01 19:49:29+00:00
TIN-868_IMG_1956_dummy4.jpg,6/1/2022,Guam-CNMI,TIN-868,dummy4,2287,3316,*SHAD,ed0ard0sena,2025-10-11 02:14:20+00:00
TIN-868_IMG_1956_dummy4.jpg,6/1/2022,Guam-CNMI,TIN-868,dummy4,3098,2112,*CCAH,ed0ard0sena,2025-08-01 19:49:29+00:00
TIN-868_IMG_1956_dummy4.jpg,6/1/2022,Guam-CNMI,TIN-868,dummy4,3364,5402,*CCAH,ed0ard0sena,2025-08-01 19:49:29+00:00
TIN-868_IMG_1956_dummy4.jpg,6/1/2022,Guam-CNMI,TIN-868,dummy4,3334,5226,*CCAH,ed0ard0sena,2025-08-01 19:49:29+00:00
TIN-885_IMG_0741_dummy4.jpg,6/1/2022,Guam-CNMI,TIN-885,dummy4,1157,2358,*ASSP,ed0ard0sena,2025-10-11 02:14:55+00:00
TIN-885_IMG_0741_dummy4.jpg,6/1/2022,Guam-CNMI,TIN-885,dummy4,1570,4,*TURFH,ed0ard0sena,2025-08-01 19:51:15+00:00
TIN-885_IMG_0741_dummy4.jpg,6/1/2022,Guam-CNMI,TIN-885,dummy4,1523,4137,*TURFH,ed0ard0sena,2025-08-01 19:51:15+00:00
TIN-885_IMG_0741_dummy4.jpg,6/1/2022,Guam-CNMI,TIN-885,dummy4,1917,3978,*TURFH,ed0ard0sena,2025-08-01 19:51:15+00:00
TIN-885_IMG_0741_dummy4.jpg,6/1/2022,Guam-CNMI,TIN-885,dummy4,2895,1438,*TURFH,ed0ard0sena,2025-08-01 19:51:15+00:00
TIN-885_IMG_0741_dummy4.jpg,6/1/2022,Guam-CNMI,TIN-885,dummy4,3007,441,*TURFH,ed0ard0sena,2025-08-01 19:51:15+00:00
TIN-885_IMG_0741_dummy4.jpg,6/1/2022,Guam-CNMI,TIN-885,dummy4,3534,1107,*TURFH,ed0ard0sena,2025-08-01 19:51:15+00:00
TIN-885_IMG_0741_dummy4.jpg,6/1/2022,Guam-CNMI,TIN-885,dummy4,3133,3238,*TURFH,ed0ard0sena,2025-08-01 19:51:15+00:00
TIN-885_IMG_0741_dummy4.jpg,6/1/2022,Guam-CNMI,TIN-885,dummy4,3496,2884,*TURFH,ed0ard0sena,2025-08-01 19:51:15+00:00
TIN-885_IMG_0741_dummy4.jpg,6/1/2022,Guam-CNMI,TIN-885,dummy4,3504,2639,*TURFH,ed0ard0sena,2025-08-01 19:51:15+00:00
TIN-896_IMG_9790_dummy4.jpg,6/1/2022,Guam-CNMI,TIN-896,dummy4,117,2438,*TURFH,ed0ard0sena,2025-08-01 19:54:01+00:00
TIN-896_IMG_9790_dummy4.jpg,6/1/2022,Guam-CNMI,TIN-896,dummy4,460,3964,*TURFH,ed0ard0sena,2025-08-01 19:53:35+00:00
TIN-896_IMG_9790_dummy4.jpg,6/1/2022,Guam-CNMI,TIN-896,dummy4,730,1038,*TURFH,ed0ard0sena,2025-08-01 19:53:34+00:00
TIN-896_IMG_9790_dummy4.jpg,6/1/2022,Guam-CNMI,TIN-896,dummy4,930,1796,*TURFH,ed0ard0sena,2025-08-01 19:53:34+00:00
TIN-896_IMG_9790_dummy4.jpg,6/1/2022,Guam-CNMI,TIN-896,dummy4,1211,2587,*TURFH,ed0ard0sena,2025-08-01 19:53:34+00:00
TIN-896_IMG_9790_dummy4.jpg,6/1/2022,Guam-CNMI,TIN-896,dummy4,1120,5447,*TURFH,ed0ard0sena,2025-08-01 19:53:34+00:00
TIN-896_IMG_9790_dummy4.jpg,6/1/2022,Guam-CNMI,TIN-896,dummy4,1387,4489,*TURFH,ed0ard0sena,2025-08-01 19:53:34+00:00
TIN-896_IMG_9790_dummy4.jpg,6/1/2022,Guam-CNMI,TIN-896,dummy4,2794,1803,*TURFH,ed0ard0sena,2025-08-01 19:53:34+00:00
TIN-896_IMG_9790_dummy4.jpg,6/1/2022,Guam-CNMI,TIN-896,dummy4,2753,1213,*TURFH,ed0ard0sena,2025-08-01 19:53:34+00:00
TIN-896_IMG_9790_dummy4.jpg,6/1/2022,Guam-CNMI,TIN-896,dummy4,2854,5153,*TURFH,ed0ard0sena,2025-08-01 19:53:34+00:00
AGU-532_IMG_9142_dummy2.jpg,6/1/2022,Guam-CNMI,AGU-532,dummy2,34,69,*GONS,samantha.darin,2025-10-15 01:27:12+00:00
AGU-532_IMG_9142_dummy2.jpg,6/1/2022,Guam-CNMI,AGU-532,dummy2,580,4878,*MOBF,samantha.darin,2025-10-15 23:16:23+00:00
AGU-532_IMG_9142_dummy2.jpg,6/1/2022,Guam-CNMI,AGU-532,dummy2,1068,831,*HALI,samantha.darin,2025-10-15 23:16:23+00:00
AGU-532_IMG_9142_dummy2.jpg,6/1/2022,Guam-CNMI,AGU-532,dummy2,1336,1895,*SHAD,samantha.darin,2025-10-15 23:16:23+00:00
AGU-532_IMG_9142_dummy2.jpg,6/1/2022,Guam-CNMI,AGU-532,dummy2,1622,3187,*TURFH,samantha.darin,2025-10-15 23:16:23+00:00
AGU-532_IMG_9142_dummy2.jpg,6/1/2022,Guam-CNMI,AGU-532,dummy2,2522,2561,*TURFH,samantha.darin,2025-10-15 23:16:23+00:00
AGU-532_IMG_9142_dummy2.jpg,6/1/2022,Guam-CNMI,AGU-532,dummy2,2367,2388,*BGMA,samantha.darin,2025-10-15 23:16:23+00:00
AGU-532_IMG_9142_dummy2.jpg,6/1/2022,Guam-CNMI,AGU-532,dummy2,2766,2694,*CCAH,samantha.darin,2025-10-15 23:16:23+00:00
AGU-532_IMG_9142_dummy2.jpg,6/1/2022,Guam-CNMI,AGU-532,dummy2,2749,4682,*PAMA,samantha.darin,2025-10-15 23:16:23+00:00
AGU-532_IMG_9142_dummy2.jpg,6/1/2022,Guam-CNMI,AGU-532,dummy2,3389,1870,*PAEN,samantha.darin,2025-10-15 23:16:23+00:00
AGU-541_IMG_9632_dummy2.jpg,6/1/2022,Guam-CNMI,AGU-541,dummy2,613,2472,*TURFH,samantha.darin,2025-10-15 23:24:14+00:00
AGU-541_IMG_9632_dummy2.jpg,6/1/2022,Guam-CNMI,AGU-541,dummy2,1621,1987,*GONS,samantha.darin,2025-10-15 23:24:14+00:00
AGU-541_IMG_9632_dummy2.jpg,6/1/2022,Guam-CNMI,AGU-541,dummy2,1452,2790,*CCAH,samantha.darin,2025-10-15 23:24:14+00:00
AGU-541_IMG_9632_dummy2.jpg,6/1/2022,Guam-CNMI,AGU-541,dummy2,3512,731,*POMA,samantha.darin,2025-10-15 23:24:14+00:00
AGU-541_IMG_9632_dummy2.jpg,6/1/2022,Guam-CNMI,AGU-541,dummy2,3309,2557,*CCAH,samantha.darin,2025-10-15 23:24:14+00:00
AGU-541_IMG_9632_dummy2.jpg,6/1/2022,Guam-CNMI,AGU-541,dummy2,3987,2577,*CYPS,samantha.darin,2025-10-15 23:24:13+00:00
AGU-541_IMG_9632_dummy2.jpg,6/1/2022,Guam-CNMI,AGU-541,dummy2,3829,3586,*TURFH,samantha.darin,2025-10-15 23:24:13+00:00
AGU-541_IMG_9632_dummy2.jpg,6/1/2022,Guam-CNMI,AGU-541,dummy2,4906,1931,*POMA,samantha.darin,2025-10-15 23:24:13+00:00
AGU-541_IMG_9632_dummy2.jpg,6/1/2022,Guam-CNMI,AGU-541,dummy2,5295,3162,*POEN,samantha.darin,2025-10-15 23:24:13+00:00
AGU-541_IMG_9632_dummy2.jpg,6/1/2022,Guam-CNMI,AGU-541,dummy2,5307,3047,*CCAH,samantha.darin,2025-10-15 23:24:13+00:00
AGU-543_IMG_9673_dummy2.jpg,6/1/2022,Guam-CNMI,AGU-543,dummy2,583,3931,*TURFH,samantha.darin,2025-10-15 23:25:44+00:00
AGU-543_IMG_9673_dummy2.jpg,6/1/2022,Guam-CNMI,AGU-543,dummy2,125,5046,*TURFH,samantha.darin,2025-10-15 23:25:44+00:00
AGU-543_IMG_9673_dummy2.jpg,6/1/2022,Guam-CNMI,AGU-543,dummy2,1111,1623,*CCAH,samantha.darin,2025-10-15 23:25:44+00:00
AGU-543_IMG_9673_dummy2.jpg,6/1/2022,Guam-CNMI,AGU-543,dummy2,1065,1249,*CCAH,samantha.darin,2025-10-15 23:25:44+00:00
AGU-543_IMG_9673_dummy2.jpg,6/1/2022,Guam-CNMI,AGU-543,dummy2,1246,2216,*TURFH,samantha.darin,2025-10-15 23:25:44+00:00
AGU-543_IMG_9673_dummy2.jpg,6/1/2022,Guam-CNMI,AGU-543,dummy2,1044,3989,*CCAH,samantha.darin,2025-10-15 23:25:44+00:00
AGU-543_IMG_9673_dummy2.jpg,6/1/2022,Guam-CNMI,AGU-543,dummy2,2040,1153,*TURFH,samantha.darin,2025-10-15 23:25:44+00:00
AGU-543_IMG_9673_dummy2.jpg,6/1/2022,Guam-CNMI,AGU-543,dummy2,3388,1742,*UPMA,samantha.darin,2025-10-15 23:25:44+00:00
AGU-543_IMG_9673_dummy2.jpg,6/1/2022,Guam-CNMI,AGU-543,dummy2,3447,1329,*TURFH,samantha.darin,2025-10-15 23:25:44+00:00
AGU-543_IMG_9673_dummy2.jpg,6/1/2022,Guam-CNMI,AGU-543,dummy2,3322,3156,*TURFH,samantha.darin,2025-10-15 23:25:43+00:00
AGU-548_IMG_1423_dummy2.jpg,6/1/2022,Guam-CNMI,AGU-548,dummy2,499,3547,*TURFH,samantha.darin,2025-10-15 23:27:55+00:00
AGU-548_IMG_1423_dummy2.jpg,6/1/2022,Guam-CNMI,AGU-548,dummy2,487,3851,*TURFH,samantha.darin,2025-10-15 23:27:55+00:00
AGU-548_IMG_1423_dummy2.jpg,6/1/2022,Guam-CNMI,AGU-548,dummy2,203,4002,*TURFH,samantha.darin,2025-10-15 23:27:54+00:00
AGU-548_IMG_1423_dummy2.jpg,6/1/2022,Guam-CNMI,AGU-548,dummy2,1420,2403,*FASP,samantha.darin,2025-10-15 23:27:54+00:00
AGU-548_IMG_1423_dummy2.jpg,6/1/2022,Guam-CNMI,AGU-548,dummy2,891,4029,*TURFH,samantha.darin,2025-10-15 23:27:54+00:00
AGU-548_IMG_1423_dummy2.jpg,6/1/2022,Guam-CNMI,AGU-548,dummy2,2019,1533,*TURFH,samantha.darin,2025-10-15 23:27:54+00:00
AGU-548_IMG_1423_dummy2.jpg,6/1/2022,Guam-CNMI,AGU-548,dummy2,1893,2193,*TURFH,samantha.darin,2025-10-15 23:27:54+00:00
AGU-548_IMG_1423_dummy2.jpg,6/1/2022,Guam-CNMI,AGU-548,dummy2,1646,5213,*ASSP,samantha.darin,2025-10-16 00:11:32+00:00
AGU-548_IMG_1423_dummy2.jpg,6/1/2022,Guam-CNMI,AGU-548,dummy2,3177,1521,*ACAS,samantha.darin,2025-10-16 00:11:32+00:00
AGU-548_IMG_1423_dummy2.jpg,6/1/2022,Guam-CNMI,AGU-548,dummy2,3263,2923,*TURFH,samantha.darin,2025-10-16 00:11:32+00:00
AGU-558_IMG_9708_dummy2.jpg,6/1/2022,Guam-CNMI,AGU-558,dummy2,360,297,*BGMA,samantha.darin,2025-10-16 00:15:29+00:00
AGU-558_IMG_9708_dummy2.jpg,6/1/2022,Guam-CNMI,AGU-558,dummy2,434,1844,*TURFH,samantha.darin,2025-10-16 00:15:29+00:00
AGU-558_IMG_9708_dummy2.jpg,6/1/2022,Guam-CNMI,AGU-558,dummy2,862,2336,*POCS,samantha.darin,2025-10-16 00:15:29+00:00
AGU-558_IMG_9708_dummy2.jpg,6/1/2022,Guam-CNMI,AGU-558,dummy2,1079,3518,*TURFH,samantha.darin,2025-10-16 00:15:29+00:00
AGU-558_IMG_9708_dummy2.jpg,6/1/2022,Guam-CNMI,AGU-558,dummy2,1806,1722,*PAEN,samantha.darin,2025-10-16 00:15:29+00:00
AGU-558_IMG_9708_dummy2.jpg,6/1/2022,Guam-CNMI,AGU-558,dummy2,1761,3218,*TURFH,samantha.darin,2025-10-16 00:15:29+00:00
AGU-558_IMG_9708_dummy2.jpg,6/1/2022,Guam-CNMI,AGU-558,dummy2,2190,1853,*SP,samantha.darin,2025-10-16 00:15:29+00:00
AGU-558_IMG_9708_dummy2.jpg,6/1/2022,Guam-CNMI,AGU-558,dummy2,3482,2739,*TURFH,samantha.darin,2025-10-16 00:15:29+00:00
AGU-558_IMG_9708_dummy2.jpg,6/1/2022,Guam-CNMI,AGU-558,dummy2,3151,3221,*POEN,samantha.darin,2025-10-16 00:15:29+00:00
AGU-558_IMG_9708_dummy2.jpg,6/1/2022,Guam-CNMI,AGU-558,dummy2,2966,3277,*TURFH,samantha.darin,2025-10-16 00:15:29+00:00
AGU-558_IMG_9713_dummy2.jpg,6/1/2022,Guam-CNMI,AGU-558,dummy2,1438,3687,*CCAH,samantha.darin,2025-10-16 00:17:12+00:00
AGU-558_IMG_9713_dummy2.jpg,6/1/2022,Guam-CNMI,AGU-558,dummy2,1618,847,*TURFH,samantha.darin,2025-10-16 00:17:12+00:00
AGU-558_IMG_9713_dummy2.jpg,6/1/2022,Guam-CNMI,AGU-558,dummy2,1576,3645,*CCAH,samantha.darin,2025-10-16 00:17:12+00:00
AGU-558_IMG_9713_dummy2.jpg,6/1/2022,Guam-CNMI,AGU-558,dummy2,1713,5293,*SHAD,samantha.darin,2025-10-16 00:17:12+00:00
AGU-558_IMG_9713_dummy2.jpg,6/1/2022,Guam-CNMI,AGU-558,dummy2,2312,2882,*TURFH,samantha.darin,2025-10-16 00:17:12+00:00
AGU-558_IMG_9713_dummy2.jpg,6/1/2022,Guam-CNMI,AGU-558,dummy2,2542,4803,*TURFH,samantha.darin,2025-10-16 00:17:12+00:00
AGU-558_IMG_9713_dummy2.jpg,6/1/2022,Guam-CNMI,AGU-558,dummy2,2400,4438,*TURFH,samantha.darin,2025-10-16 00:17:12+00:00
AGU-558_IMG_9713_dummy2.jpg,6/1/2022,Guam-CNMI,AGU-558,dummy2,2466,5277,*PESP,samantha.darin,2025-10-16 00:17:12+00:00
AGU-558_IMG_9713_dummy2.jpg,6/1/2022,Guam-CNMI,AGU-558,dummy2,3460,2082,*TURFH,samantha.darin,2025-10-16 00:17:12+00:00
AGU-558_IMG_9713_dummy2.jpg,6/1/2022,Guam-CNMI,AGU-558,dummy2,2996,4034,*TURFH,samantha.darin,2025-10-16 00:17:12+00:00
AGU-558_IMG_9720_dummy2.jpg,6/1/2022,Guam-CNMI,AGU-558,dummy2,241,1650,*TURFH,samantha.darin,2025-10-16 00:18:59+00:00
AGU-558_IMG_9720_dummy2.jpg,6/1/2022,Guam-CNMI,AGU-558,dummy2,145,2933,*HALI,samantha.darin,2025-10-16 00:18:59+00:00
AGU-558_IMG_9720_dummy2.jpg,6/1/2022,Guam-CNMI,AGU-558,dummy2,1202,1086,*CCAH,samantha.darin,2025-10-16 00:18:59+00:00
AGU-558_IMG_9720_dummy2.jpg,6/1/2022,Guam-CNMI,AGU-558,dummy2,2182,708,*TURFH,samantha.darin,2025-10-16 00:18:59+00:00
AGU-558_IMG_9720_dummy2.jpg,6/1/2022,Guam-CNMI,AGU-558,dummy2,2067,672,*TURFH,samantha.darin,2025-10-16 00:18:59+00:00
AGU-558_IMG_9720_dummy2.jpg,6/1/2022,Guam-CNMI,AGU-558,dummy2,1881,4150,*TURFH,samantha.darin,2025-10-16 00:18:59+00:00
AGU-558_IMG_9720_dummy2.jpg,6/1/2022,Guam-CNMI,AGU-558,dummy2,1977,4158,*TURFH,samantha.darin,2025-10-16 00:18:59+00:00
AGU-558_IMG_9720_dummy2.jpg,6/1/2022,Guam-CNMI,AGU-558,dummy2,3287,2091,*TURFH,samantha.darin,2025-10-16 00:18:59+00:00
AGU-558_IMG_9720_dummy2.jpg,6/1/2022,Guam-CNMI,AGU-558,dummy2,3357,5382,*TURFH,samantha.darin,2025-10-16 00:18:59+00:00
AGU-558_IMG_9720_dummy2.jpg,6/1/2022,Guam-CNMI,AGU-558,dummy2,2994,5238,*TURFH,samantha.darin,2025-10-16 00:18:59+00:00
ASC-366_2017_A_11_dummy2.jpg,5/1/2017,Guam-CNMI,ASC-366,dummy2,485,2277,*TURFH,samantha.darin,2025-10-16 00:21:23+00:00
ASC-366_2017_A_11_dummy2.jpg,5/1/2017,Guam-CNMI,ASC-366,dummy2,441,3110,*TURFH,samantha.darin,2025-10-16 00:21:23+00:00
ASC-366_2017_A_11_dummy2.jpg,5/1/2017,Guam-CNMI,ASC-366,dummy2,440,3944,*CYPS,samantha.darin,2025-10-16 00:21:23+00:00
ASC-366_2017_A_11_dummy2.jpg,5/1/2017,Guam-CNMI,ASC-366,dummy2,1125,609,*TURFH,samantha.darin,2025-10-16 00:21:23+00:00
ASC-366_2017_A_11_dummy2.jpg,5/1/2017,Guam-CNMI,ASC-366,dummy2,990,787,*TURFH,samantha.darin,2025-10-16 00:21:23+00:00
ASC-366_2017_A_11_dummy2.jpg,5/1/2017,Guam-CNMI,ASC-366,dummy2,1723,35,*CCAH,samantha.darin,2025-10-16 00:21:23+00:00
ASC-366_2017_A_11_dummy2.jpg,5/1/2017,Guam-CNMI,ASC-366,dummy2,1233,1339,*TURFH,samantha.darin,2025-10-16 00:21:23+00:00
ASC-366_2017_A_11_dummy2.jpg,5/1/2017,Guam-CNMI,ASC-366,dummy2,1720,1274,*TURFH,samantha.darin,2025-10-16 00:21:23+00:00
ASC-366_2017_A_11_dummy2.jpg,5/1/2017,Guam-CNMI,ASC-366,dummy2,2270,1726,*TURFH,samantha.darin,2025-10-16 00:21:23+00:00
ASC-366_2017_A_11_dummy2.jpg,5/1/2017,Guam-CNMI,ASC-366,dummy2,2987,2997,*ASSP,samantha.darin,2025-10-16 00:21:22+00:00
ASC-369_2017_A_26_dummy2.jpg,5/1/2017,Guam-CNMI,ASC-369,dummy2,412,1343,*TURFH,samantha.darin,2025-10-16 00:24:22+00:00
ASC-369_2017_A_26_dummy2.jpg,5/1/2017,Guam-CNMI,ASC-369,dummy2,245,4081,*SHAD,samantha.darin,2025-10-16 00:24:22+00:00
ASC-369_2017_A_26_dummy2.jpg,5/1/2017,Guam-CNMI,ASC-369,dummy2,483,4774,*ASSP,samantha.darin,2025-10-16 00:24:22+00:00
ASC-369_2017_A_26_dummy2.jpg,5/1/2017,Guam-CNMI,ASC-369,dummy2,218,5175,*ASSP,samantha.darin,2025-10-16 00:24:22+00:00
ASC-369_2017_A_26_dummy2.jpg,5/1/2017,Guam-CNMI,ASC-369,dummy2,369,4943,*ASSP,samantha.darin,2025-10-16 00:24:22+00:00
ASC-369_2017_A_26_dummy2.jpg,5/1/2017,Guam-CNMI,ASC-369,dummy2,1011,197,*TURFH,samantha.darin,2025-10-16 00:24:22+00:00
ASC-369_2017_A_26_dummy2.jpg,5/1/2017,Guam-CNMI,ASC-369,dummy2,1820,3404,*PESP,samantha.darin,2025-10-16 00:24:22+00:00
ASC-369_2017_A_26_dummy2.jpg,5/1/2017,Guam-CNMI,ASC-369,dummy2,2203,663,*TURFH,samantha.darin,2025-10-16 00:24:22+00:00
ASC-369_2017_A_26_dummy2.jpg,5/1/2017,Guam-CNMI,ASC-369,dummy2,2413,3604,*BGMA,samantha.darin,2025-10-16 00:24:22+00:00
ASC-369_2017_A_26_dummy2.jpg,5/1/2017,Guam-CNMI,ASC-369,dummy2,2739,5357,*TURFH,samantha.darin,2025-10-16 00:24:22+00:00
ASC-372_2017_A_10_dummy2.jpg,5/1/2017,Guam-CNMI,ASC-372,dummy2,1404,2031,*CCAH,samantha.darin,2025-10-16 00:32:06+00:00
ASC-372_2017_A_10_dummy2.jpg,5/1/2017,Guam-CNMI,ASC-372,dummy2,2132,698,*GOAL,samantha.darin,2025-10-16 00:32:06+00:00
ASC-372_2017_A_10_dummy2.jpg,5/1/2017,Guam-CNMI,ASC-372,dummy2,1904,2612,*BGMA,samantha.darin,2025-10-16 00:32:06+00:00
ASC-372_2017_A_10_dummy2.jpg,5/1/2017,Guam-CNMI,ASC-372,dummy2,2739,275,*GOAL,samantha.darin,2025-10-16 00:32:06+00:00
ASC-372_2017_A_10_dummy2.jpg,5/1/2017,Guam-CNMI,ASC-372,dummy2,2489,2586,*CCAH,samantha.darin,2025-10-16 00:32:06+00:00
ASC-372_2017_A_10_dummy2.jpg,5/1/2017,Guam-CNMI,ASC-372,dummy2,2344,3953,*CCAH,samantha.darin,2025-10-16 00:32:06+00:00
ASC-372_2017_A_10_dummy2.jpg,5/1/2017,Guam-CNMI,ASC-372,dummy2,2715,5060,*TURFH,samantha.darin,2025-10-16 00:32:06+00:00
ASC-372_2017_A_10_dummy2.jpg,5/1/2017,Guam-CNMI,ASC-372,dummy2,3182,1377,*CCAH,samantha.darin,2025-10-16 00:32:06+00:00
ASC-372_2017_A_10_dummy2.jpg,5/1/2017,Guam-CNMI,ASC-372,dummy2,3165,4018,*TURFH,samantha.darin,2025-10-16 00:32:06+00:00
ASC-372_2017_A_10_dummy2.jpg,5/1/2017,Guam-CNMI,ASC-372,dummy2,3224,5125,*PESP,samantha.darin,2025-10-16 00:32:06+00:00
ASC-373_2017_A_29_dummy2.jpg,5/1/2017,Guam-CNMI,ASC-373,dummy2,44,1084,*TURFH,samantha.darin,2025-10-16 00:37:09+00:00
ASC-373_2017_A_29_dummy2.jpg,5/1/2017,Guam-CNMI,ASC-373,dummy2,762,855,*TURFH,samantha.darin,2025-10-16 00:37:09+00:00
ASC-373_2017_A_29_dummy2.jpg,5/1/2017,Guam-CNMI,ASC-373,dummy2,779,1028,*TURFH,samantha.darin,2025-10-16 00:37:09+00:00
ASC-373_2017_A_29_dummy2.jpg,5/1/2017,Guam-CNMI,ASC-373,dummy2,753,1084,*ACAS,samantha.darin,2025-10-16 00:37:09+00:00
ASC-373_2017_A_29_dummy2.jpg,5/1/2017,Guam-CNMI,ASC-373,dummy2,691,1421,*TURFH,samantha.darin,2025-10-16 00:37:09+00:00
ASC-373_2017_A_29_dummy2.jpg,5/1/2017,Guam-CNMI,ASC-373,dummy2,1090,410,*TURFH,samantha.darin,2025-10-16 00:37:09+00:00
ASC-373_2017_A_29_dummy2.jpg,5/1/2017,Guam-CNMI,ASC-373,dummy2,989,1747,*POMA,samantha.darin,2025-10-16 00:37:09+00:00
ASC-373_2017_A_29_dummy2.jpg,5/1/2017,Guam-CNMI,ASC-373,dummy2,1262,341,*TURFH,samantha.darin,2025-10-16 00:37:09+00:00
ASC-373_2017_A_29_dummy2.jpg,5/1/2017,Guam-CNMI,ASC-373,dummy2,1506,828,*PESP,samantha.darin,2025-10-16 00:37:09+00:00
ASC-373_2017_A_29_dummy2.jpg,5/1/2017,Guam-CNMI,ASC-373,dummy2,1490,465,*SHAD,samantha.darin,2025-10-16 00:37:09+00:00
ASC-377_2017_A_27_dummy2.jpg,5/1/2017,Guam-CNMI,ASC-377,dummy2,216,814,*TURFH,samantha.darin,2025-10-16 00:43:29+00:00
ASC-377_2017_A_27_dummy2.jpg,5/1/2017,Guam-CNMI,ASC-377,dummy2,931,310,*TURFH,samantha.darin,2025-10-16 00:43:29+00:00
ASC-377_2017_A_27_dummy2.jpg,5/1/2017,Guam-CNMI,ASC-377,dummy2,1150,2534,*CCAH,samantha.darin,2025-10-16 00:43:29+00:00
ASC-377_2017_A_27_dummy2.jpg,5/1/2017,Guam-CNMI,ASC-377,dummy2,732,2683,*BGMA,samantha.darin,2025-10-16 00:43:29+00:00
ASC-377_2017_A_27_dummy2.jpg,5/1/2017,Guam-CNMI,ASC-377,dummy2,1776,405,*TURFH,samantha.darin,2025-10-16 00:43:29+00:00
ASC-377_2017_A_27_dummy2.jpg,5/1/2017,Guam-CNMI,ASC-377,dummy2,2017,417,*BGMA,samantha.darin,2025-10-16 00:43:29+00:00
ASC-377_2017_A_27_dummy2.jpg,5/1/2017,Guam-CNMI,ASC-377,dummy2,2071,1441,*BGMA,samantha.darin,2025-10-16 00:43:29+00:00
ASC-377_2017_A_27_dummy2.jpg,5/1/2017,Guam-CNMI,ASC-377,dummy2,1907,4770,*PESP,samantha.darin,2025-10-16 00:43:29+00:00
ASC-377_2017_A_27_dummy2.jpg,5/1/2017,Guam-CNMI,ASC-377,dummy2,2675,1639,*TURFH,samantha.darin,2025-10-16 00:43:29+00:00
ASC-377_2017_A_27_dummy2.jpg,5/1/2017,Guam-CNMI,ASC-377,dummy2,3050,1120,*PESP,samantha.darin,2025-10-16 00:43:29+00:00
ASC-379_2017_A_04_dummy2.jpg,5/1/2017,Guam-CNMI,ASC-379,dummy2,193,701,*TURS,samantha.darin,2025-10-16 00:50:49+00:00
ASC-379_2017_A_04_dummy2.jpg,5/1/2017,Guam-CNMI,ASC-379,dummy2,441,4624,*GONS,samantha.darin,2025-10-16 00:50:49+00:00
ASC-379_2017_A_04_dummy2.jpg,5/1/2017,Guam-CNMI,ASC-379,dummy2,1104,3769,*POCS,samantha.darin,2025-10-16 00:50:49+00:00
ASC-379_2017_A_04_dummy2.jpg,5/1/2017,Guam-CNMI,ASC-379,dummy2,833,5110,*CCAH,samantha.darin,2025-10-16 00:50:49+00:00
ASC-379_2017_A_04_dummy2.jpg,5/1/2017,Guam-CNMI,ASC-379,dummy2,2425,2656,*TURFH,samantha.darin,2025-10-16 00:50:49+00:00
ASC-379_2017_A_04_dummy2.jpg,5/1/2017,Guam-CNMI,ASC-379,dummy2,2654,4006,*TURFH,samantha.darin,2025-10-16 00:50:49+00:00
ASC-379_2017_A_04_dummy2.jpg,5/1/2017,Guam-CNMI,ASC-379,dummy2,2199,5403,*TURFH,samantha.darin,2025-10-16 00:50:49+00:00
ASC-379_2017_A_04_dummy2.jpg,5/1/2017,Guam-CNMI,ASC-379,dummy2,3076,2841,*TURS,samantha.darin,2025-10-16 00:50:49+00:00
ASC-379_2017_A_04_dummy2.jpg,5/1/2017,Guam-CNMI,ASC-379,dummy2,3069,2961,*TURS,samantha.darin,2025-10-16 00:50:49+00:00
ASC-379_2017_A_04_dummy2.jpg,5/1/2017,Guam-CNMI,ASC-379,dummy2,3033,3589,*TURFH,samantha.darin,2025-10-16 00:50:56+00:00
ASC-380_2017_A_02_dummy2.jpg,5/1/2017,Guam-CNMI,ASC-380,dummy2,23,417,*POEN,samantha.darin,2025-10-16 22:33:12+00:00
ASC-380_2017_A_02_dummy2.jpg,5/1/2017,Guam-CNMI,ASC-380,dummy2,101,522,*POEN,samantha.darin,2025-10-16 22:33:12+00:00
ASC-380_2017_A_02_dummy2.jpg,5/1/2017,Guam-CNMI,ASC-380,dummy2,461,643,*TURFH,samantha.darin,2025-10-16 22:33:12+00:00
ASC-380_2017_A_02_dummy2.jpg,5/1/2017,Guam-CNMI,ASC-380,dummy2,731,1211,*TURFH,samantha.darin,2025-10-16 22:33:12+00:00
ASC-380_2017_A_02_dummy2.jpg,5/1/2017,Guam-CNMI,ASC-380,dummy2,857,1551,*USC,samantha.darin,2025-10-16 22:33:12+00:00
ASC-380_2017_A_02_dummy2.jpg,5/1/2017,Guam-CNMI,ASC-380,dummy2,692,1428,*TURFH,samantha.darin,2025-10-16 22:33:12+00:00
ASC-380_2017_A_02_dummy2.jpg,5/1/2017,Guam-CNMI,ASC-380,dummy2,1094,765,*TURFH,samantha.darin,2025-10-16 22:33:12+00:00
ASC-380_2017_A_02_dummy2.jpg,5/1/2017,Guam-CNMI,ASC-380,dummy2,1134,620,*TURFH,samantha.darin,2025-10-16 22:33:12+00:00
ASC-380_2017_A_02_dummy2.jpg,5/1/2017,Guam-CNMI,ASC-380,dummy2,1389,725,*TURFH,samantha.darin,2025-10-16 22:33:12+00:00
ASC-380_2017_A_02_dummy2.jpg,5/1/2017,Guam-CNMI,ASC-380,dummy2,1330,1491,*TURFH,samantha.darin,2025-10-16 22:33:12+00:00
ASC-385_2017_A_12_dummy2.jpg,5/1/2017,Guam-CNMI,ASC-385,dummy2,656,745,*CCAH,samantha.darin,2025-10-16 22:33:53+00:00
ASC-385_2017_A_12_dummy2.jpg,5/1/2017,Guam-CNMI,ASC-385,dummy2,147,4869,*CCAH,samantha.darin,2025-10-16 22:36:31+00:00
ASC-385_2017_A_12_dummy2.jpg,5/1/2017,Guam-CNMI,ASC-385,dummy2,1279,344,*HALI,samantha.darin,2025-10-16 22:36:31+00:00
ASC-385_2017_A_12_dummy2.jpg,5/1/2017,Guam-CNMI,ASC-385,dummy2,1792,1977,*TURFH,samantha.darin,2025-10-16 22:36:31+00:00
ASC-385_2017_A_12_dummy2.jpg,5/1/2017,Guam-CNMI,ASC-385,dummy2,1905,3229,*TURFH,samantha.darin,2025-10-16 22:36:31+00:00
ASC-385_2017_A_12_dummy2.jpg,5/1/2017,Guam-CNMI,ASC-385,dummy2,2841,3959,*SP,samantha.darin,2025-10-16 22:36:31+00:00
ASC-385_2017_A_12_dummy2.jpg,5/1/2017,Guam-CNMI,ASC-385,dummy2,2485,5067,*TURFH,samantha.darin,2025-10-16 22:36:31+00:00
ASC-385_2017_A_12_dummy2.jpg,5/1/2017,Guam-CNMI,ASC-385,dummy2,2784,4438,*BGMA,samantha.darin,2025-10-16 22:36:31+00:00
ASC-385_2017_A_12_dummy2.jpg,5/1/2017,Guam-CNMI,ASC-385,dummy2,3031,925,*BGMA,samantha.darin,2025-10-16 22:36:31+00:00
ASC-385_2017_A_12_dummy2.jpg,5/1/2017,Guam-CNMI,ASC-385,dummy2,3256,4943,*BGMA,samantha.darin,2025-10-16 22:36:31+00:00
ASC-386_2017_A_25_dummy2.jpg,5/1/2017,Guam-CNMI,ASC-386,dummy2,366,3220,*POMA,samantha.darin,2025-10-16 22:39:13+00:00
ASC-386_2017_A_25_dummy2.jpg,5/1/2017,Guam-CNMI,ASC-386,dummy2,206,4957,*POBR,samantha.darin,2025-10-16 22:39:13+00:00
ASC-386_2017_A_25_dummy2.jpg,5/1/2017,Guam-CNMI,ASC-386,dummy2,784,2443,*POMA,samantha.darin,2025-10-16 22:39:13+00:00
ASC-386_2017_A_25_dummy2.jpg,5/1/2017,Guam-CNMI,ASC-386,dummy2,1317,2831,*HARD,samantha.darin,2025-10-16 22:39:13+00:00
ASC-386_2017_A_25_dummy2.jpg,5/1/2017,Guam-CNMI,ASC-386,dummy2,1046,4724,*TURFH,samantha.darin,2025-10-16 22:39:13+00:00
ASC-386_2017_A_25_dummy2.jpg,5/1/2017,Guam-CNMI,ASC-386,dummy2,859,5247,*POBR,samantha.darin,2025-10-16 22:39:13+00:00
ASC-386_2017_A_25_dummy2.jpg,5/1/2017,Guam-CNMI,ASC-386,dummy2,774,4545,*SHAD,samantha.darin,2025-10-16 22:39:13+00:00
ASC-386_2017_A_25_dummy2.jpg,5/1/2017,Guam-CNMI,ASC-386,dummy2,2110,1164,*HALI,samantha.darin,2025-10-16 22:39:13+00:00
ASC-386_2017_A_25_dummy2.jpg,5/1/2017,Guam-CNMI,ASC-386,dummy2,1886,3402,*POBR,samantha.darin,2025-10-16 22:39:13+00:00
ASC-386_2017_A_25_dummy2.jpg,5/1/2017,Guam-CNMI,ASC-386,dummy2,3220,2577,*POEN,samantha.darin,2025-10-16 22:39:13+00:00
ASC-388_2017_A_01_dummy2.jpg,5/1/2017,Guam-CNMI,ASC-388,dummy2,651,488,*ASSP,samantha.darin,2025-10-16 22:40:45+00:00
ASC-388_2017_A_01_dummy2.jpg,5/1/2017,Guam-CNMI,ASC-388,dummy2,903,2281,*LEPT,samantha.darin,2025-10-16 22:40:45+00:00
ASC-388_2017_A_01_dummy2.jpg,5/1/2017,Guam-CNMI,ASC-388,dummy2,1608,4728,*TURFH,samantha.darin,2025-10-16 22:40:45+00:00
ASC-388_2017_A_01_dummy2.jpg,5/1/2017,Guam-CNMI,ASC-388,dummy2,1873,4924,*TURFH,samantha.darin,2025-10-16 22:40:45+00:00
ASC-388_2017_A_01_dummy2.jpg,5/1/2017,Guam-CNMI,ASC-388,dummy2,2561,338,*PAEN,samantha.darin,2025-10-16 22:40:44+00:00
ASC-388_2017_A_01_dummy2.jpg,5/1/2017,Guam-CNMI,ASC-388,dummy2,2480,2667,*BGMA,samantha.darin,2025-10-16 22:40:44+00:00
ASC-388_2017_A_01_dummy2.jpg,5/1/2017,Guam-CNMI,ASC-388,dummy2,2886,4241,*TURFH,samantha.darin,2025-10-16 22:40:44+00:00
ASC-388_2017_A_01_dummy2.jpg,5/1/2017,Guam-CNMI,ASC-388,dummy2,2638,3303,*BGMA,samantha.darin,2025-10-16 22:40:44+00:00
ASC-388_2017_A_01_dummy2.jpg,5/1/2017,Guam-CNMI,ASC-388,dummy2,3467,310,*TURFH,samantha.darin,2025-10-16 22:40:44+00:00
ASC-388_2017_A_01_dummy2.jpg,5/1/2017,Guam-CNMI,ASC-388,dummy2,3057,871,*HALI,samantha.darin,2025-10-16 22:40:44+00:00
ASC-392_2017_A_21_dummy2.jpg,5/1/2017,Guam-CNMI,ASC-392,dummy2,116,319,*SHAD,samantha.darin,2025-10-16 22:49:11+00:00
ASC-392_2017_A_21_dummy2.jpg,5/1/2017,Guam-CNMI,ASC-392,dummy2,32,1549,*PAMA,samantha.darin,2025-10-16 22:49:11+00:00
ASC-392_2017_A_21_dummy2.jpg,5/1/2017,Guam-CNMI,ASC-392,dummy2,423,840,*USC,samantha.darin,2025-10-16 22:49:11+00:00
ASC-392_2017_A_21_dummy2.jpg,5/1/2017,Guam-CNMI,ASC-392,dummy2,804,438,*STYS,samantha.darin,2025-10-16 22:49:11+00:00
ASC-392_2017_A_21_dummy2.jpg,5/1/2017,Guam-CNMI,ASC-392,dummy2,906,1354,*TURFH,samantha.darin,2025-10-16 22:49:11+00:00
ASC-392_2017_A_21_dummy2.jpg,5/1/2017,Guam-CNMI,ASC-392,dummy2,740,2080,*CCAH,samantha.darin,2025-10-16 22:49:11+00:00
ASC-392_2017_A_21_dummy2.jpg,5/1/2017,Guam-CNMI,ASC-392,dummy2,1007,1647,*TURFH,samantha.darin,2025-10-16 22:49:11+00:00
ASC-392_2017_A_21_dummy2.jpg,5/1/2017,Guam-CNMI,ASC-392,dummy2,1101,1447,*TURFH,samantha.darin,2025-10-16 22:49:11+00:00
ASC-392_2017_A_21_dummy2.jpg,5/1/2017,Guam-CNMI,ASC-392,dummy2,1346,273,*TURFH,samantha.darin,2025-10-16 22:49:11+00:00
ASC-392_2017_A_21_dummy2.jpg,5/1/2017,Guam-CNMI,ASC-392,dummy2,1508,2128,*TURFH,samantha.darin,2025-10-16 22:49:11+00:00
ASC-394_2017_A_27_dummy2.jpg,5/1/2017,Guam-CNMI,ASC-394,dummy2,393,672,*CCAH,samantha.darin,2025-10-20 19:06:30+00:00
ASC-394_2017_A_27_dummy2.jpg,5/1/2017,Guam-CNMI,ASC-394,dummy2,505,2778,*TURFH,samantha.darin,2025-10-20 19:06:30+00:00
ASC-394_2017_A_27_dummy2.jpg,5/1/2017,Guam-CNMI,ASC-394,dummy2,1174,3194,*TURFH,samantha.darin,2025-10-20 19:06:30+00:00
ASC-394_2017_A_27_dummy2.jpg,5/1/2017,Guam-CNMI,ASC-394,dummy2,1214,3319,*TURFH,samantha.darin,2025-10-20 19:06:30+00:00
ASC-394_2017_A_27_dummy2.jpg,5/1/2017,Guam-CNMI,ASC-394,dummy2,1388,3877,*TURFH,samantha.darin,2025-10-20 19:06:30+00:00
ASC-394_2017_A_27_dummy2.jpg,5/1/2017,Guam-CNMI,ASC-394,dummy2,2035,352,*TURFH,samantha.darin,2025-10-20 19:06:30+00:00
ASC-394_2017_A_27_dummy2.jpg,5/1/2017,Guam-CNMI,ASC-394,dummy2,1868,2205,*UPMA,samantha.darin,2025-10-20 19:06:30+00:00
ASC-394_2017_A_27_dummy2.jpg,5/1/2017,Guam-CNMI,ASC-394,dummy2,1482,2526,*TURFH,samantha.darin,2025-10-20 19:06:30+00:00
ASC-394_2017_A_27_dummy2.jpg,5/1/2017,Guam-CNMI,ASC-394,dummy2,2565,2215,*TURFH,samantha.darin,2025-10-20 19:06:30+00:00
ASC-394_2017_A_27_dummy2.jpg,5/1/2017,Guam-CNMI,ASC-394,dummy2,3590,4664,*POMA,samantha.darin,2025-10-20 19:06:30+00:00
ASC-401_2017_A_15_dummy2.jpg,5/1/2017,Guam-CNMI,ASC-401,dummy2,24,2384,*CCAH,samantha.darin,2025-10-20 19:12:39+00:00
ASC-401_2017_A_15_dummy2.jpg,5/1/2017,Guam-CNMI,ASC-401,dummy2,345,2517,*POCS,samantha.darin,2025-10-20 19:12:39+00:00
ASC-401_2017_A_15_dummy2.jpg,5/1/2017,Guam-CNMI,ASC-401,dummy2,312,3516,*TURFH,samantha.darin,2025-10-20 19:12:39+00:00
ASC-401_2017_A_15_dummy2.jpg,5/1/2017,Guam-CNMI,ASC-401,dummy2,882,3138,*TURFH,samantha.darin,2025-10-20 19:12:38+00:00
ASC-401_2017_A_15_dummy2.jpg,5/1/2017,Guam-CNMI,ASC-401,dummy2,1407,1466,*CCAH,samantha.darin,2025-10-20 19:12:38+00:00
ASC-401_2017_A_15_dummy2.jpg,5/1/2017,Guam-CNMI,ASC-401,dummy2,1385,3093,*FASP,samantha.darin,2025-10-20 19:12:38+00:00
ASC-401_2017_A_15_dummy2.jpg,5/1/2017,Guam-CNMI,ASC-401,dummy2,1489,3239,*CCAH,samantha.darin,2025-10-20 19:12:38+00:00
ASC-401_2017_A_15_dummy2.jpg,5/1/2017,Guam-CNMI,ASC-401,dummy2,1828,2818,*GONS,samantha.darin,2025-10-20 19:12:38+00:00
ASC-401_2017_A_15_dummy2.jpg,5/1/2017,Guam-CNMI,ASC-401,dummy2,2238,3952,*TURFH,samantha.darin,2025-10-20 19:12:38+00:00
ASC-401_2017_A_15_dummy2.jpg,5/1/2017,Guam-CNMI,ASC-401,dummy2,2179,3396,*TURFH,samantha.darin,2025-10-20 19:12:38+00:00
FDP-251_2017_A_24_dummy2.jpg,5/1/2017,Guam-CNMI,FDP-251,dummy2,504,2180,*TURFH,samantha.darin,2025-10-20 19:21:44+00:00
FDP-251_2017_A_24_dummy2.jpg,5/1/2017,Guam-CNMI,FDP-251,dummy2,965,851,*TURFH,samantha.darin,2025-10-20 19:21:44+00:00
FDP-251_2017_A_24_dummy2.jpg,5/1/2017,Guam-CNMI,FDP-251,dummy2,1370,1483,*CCAH,samantha.darin,2025-10-20 19:21:44+00:00
FDP-251_2017_A_24_dummy2.jpg,5/1/2017,Guam-CNMI,FDP-251,dummy2,1626,1715,*EMA,samantha.darin,2025-10-20 19:21:44+00:00
FDP-251_2017_A_24_dummy2.jpg,5/1/2017,Guam-CNMI,FDP-251,dummy2,1256,2992,*POCS,samantha.darin,2025-10-20 19:21:43+00:00
FDP-251_2017_A_24_dummy2.jpg,5/1/2017,Guam-CNMI,FDP-251,dummy2,1229,3120,*TURFH,samantha.darin,2025-10-20 19:21:43+00:00
FDP-251_2017_A_24_dummy2.jpg,5/1/2017,Guam-CNMI,FDP-251,dummy2,1241,3920,*TURFH,samantha.darin,2025-10-20 19:21:43+00:00
FDP-251_2017_A_24_dummy2.jpg,5/1/2017,Guam-CNMI,FDP-251,dummy2,2033,4,*POCS,samantha.darin,2025-10-20 19:21:43+00:00
FDP-251_2017_A_24_dummy2.jpg,5/1/2017,Guam-CNMI,FDP-251,dummy2,2325,3306,*POCS,samantha.darin,2025-10-20 19:21:43+00:00
FDP-251_2017_A_24_dummy2.jpg,5/1/2017,Guam-CNMI,FDP-251,dummy2,2345,3848,*TURFH,samantha.darin,2025-10-20 19:21:43+00:00
FDP-254_2017_A_16_dummy2.jpg,5/1/2017,Guam-CNMI,FDP-254,dummy2,249,917,*CCAH,samantha.darin,2025-10-20 19:48:19+00:00
FDP-254_2017_A_16_dummy2.jpg,5/1/2017,Guam-CNMI,FDP-254,dummy2,480,2142,*CCAH,samantha.darin,2025-10-20 19:48:19+00:00
FDP-254_2017_A_16_dummy2.jpg,5/1/2017,Guam-CNMI,FDP-254,dummy2,486,4978,*POCS,samantha.darin,2025-10-20 19:48:19+00:00
FDP-254_2017_A_16_dummy2.jpg,5/1/2017,Guam-CNMI,FDP-254,dummy2,1099,488,*TURFH,samantha.darin,2025-10-20 19:48:19+00:00
FDP-254_2017_A_16_dummy2.jpg,5/1/2017,Guam-CNMI,FDP-254,dummy2,788,2832,*TURFH,samantha.darin,2025-10-20 19:48:19+00:00
FDP-254_2017_A_16_dummy2.jpg,5/1/2017,Guam-CNMI,FDP-254,dummy2,1346,4127,*CCAH,samantha.darin,2025-10-20 19:48:18+00:00
FDP-254_2017_A_16_dummy2.jpg,5/1/2017,Guam-CNMI,FDP-254,dummy2,1836,4319,*CCAH,samantha.darin,2025-10-20 19:48:18+00:00
FDP-254_2017_A_16_dummy2.jpg,5/1/2017,Guam-CNMI,FDP-254,dummy2,2508,759,*POCS,samantha.darin,2025-10-20 19:48:18+00:00
FDP-254_2017_A_16_dummy2.jpg,5/1/2017,Guam-CNMI,FDP-254,dummy2,2388,3037,*SP,samantha.darin,2025-10-20 19:48:18+00:00
FDP-254_2017_A_16_dummy2.jpg,5/1/2017,Guam-CNMI,FDP-254,dummy2,3411,3678,*CCAH,samantha.darin,2025-10-20 19:48:18+00:00
FDP-282_2017_A_16_dummy2.jpg,5/1/2017,Guam-CNMI,FDP-282,dummy2,218,1710,*TURFH,samantha.darin,2025-10-20 19:49:26+00:00
FDP-282_2017_A_16_dummy2.jpg,5/1/2017,Guam-CNMI,FDP-282,dummy2,728,1598,*TURFH,samantha.darin,2025-10-20 19:49:26+00:00
FDP-282_2017_A_16_dummy2.jpg,5/1/2017,Guam-CNMI,FDP-282,dummy2,1092,3619,*CCAH,samantha.darin,2025-10-20 19:49:26+00:00
FDP-282_2017_A_16_dummy2.jpg,5/1/2017,Guam-CNMI,FDP-282,dummy2,1704,2257,*BGMA,samantha.darin,2025-10-20 19:49:26+00:00
FDP-282_2017_A_16_dummy2.jpg,5/1/2017,Guam-CNMI,FDP-282,dummy2,1238,3385,*TURFH,samantha.darin,2025-10-20 19:49:26+00:00
FDP-282_2017_A_16_dummy2.jpg,5/1/2017,Guam-CNMI,FDP-282,dummy2,2064,1369,*TURFH,samantha.darin,2025-10-20 19:49:26+00:00
FDP-282_2017_A_16_dummy2.jpg,5/1/2017,Guam-CNMI,FDP-282,dummy2,2154,1379,*TURFH,samantha.darin,2025-10-20 19:49:26+00:00
FDP-282_2017_A_16_dummy2.jpg,5/1/2017,Guam-CNMI,FDP-282,dummy2,1938,2985,*TURFH,samantha.darin,2025-10-20 19:49:26+00:00
FDP-282_2017_A_16_dummy2.jpg,5/1/2017,Guam-CNMI,FDP-282,dummy2,2563,1782,*TURFH,samantha.darin,2025-10-20 19:49:26+00:00
FDP-282_2017_A_16_dummy2.jpg,5/1/2017,Guam-CNMI,FDP-282,dummy2,2829,2732,*TURFH,samantha.darin,2025-10-20 19:49:26+00:00
GUA-2662_IMG_2505_dummy2.jpg,6/1/2022,Guam-CNMI,GUA-2662,dummy2,137,1112,*TURFH,samantha.darin,2025-10-20 19:54:59+00:00
GUA-2662_IMG_2505_dummy2.jpg,6/1/2022,Guam-CNMI,GUA-2662,dummy2,1464,2151,*TURFH,samantha.darin,2025-10-20 19:54:59+00:00
GUA-2662_IMG_2505_dummy2.jpg,6/1/2022,Guam-CNMI,GUA-2662,dummy2,1312,2497,*TURFH,samantha.darin,2025-10-20 19:54:59+00:00
GUA-2662_IMG_2505_dummy2.jpg,6/1/2022,Guam-CNMI,GUA-2662,dummy2,1752,3539,*CCAH,samantha.darin,2025-10-20 19:54:59+00:00
GUA-2662_IMG_2505_dummy2.jpg,6/1/2022,Guam-CNMI,GUA-2662,dummy2,3071,1402,*ASTS,samantha.darin,2025-10-20 19:54:59+00:00
GUA-2662_IMG_2505_dummy2.jpg,6/1/2022,Guam-CNMI,GUA-2662,dummy2,3276,1686,*TURFH,samantha.darin,2025-10-20 19:54:59+00:00
GUA-2662_IMG_2505_dummy2.jpg,6/1/2022,Guam-CNMI,GUA-2662,dummy2,4292,360,*TURFH,samantha.darin,2025-10-20 19:54:58+00:00
GUA-2662_IMG_2505_dummy2.jpg,6/1/2022,Guam-CNMI,GUA-2662,dummy2,4163,3080,*TURFH,samantha.darin,2025-10-20 19:54:58+00:00
GUA-2662_IMG_2505_dummy2.jpg,6/1/2022,Guam-CNMI,GUA-2662,dummy2,4921,604,*HALI,samantha.darin,2025-10-20 19:54:58+00:00
GUA-2662_IMG_2505_dummy2.jpg,6/1/2022,Guam-CNMI,GUA-2662,dummy2,4523,3072,*TURFH,samantha.darin,2025-10-20 19:54:58+00:00
GUA-2662_IMG_2515_dummy2.jpg,6/1/2022,Guam-CNMI,GUA-2662,dummy2,736,1031,*POCS,samantha.darin,2025-10-20 19:57:49+00:00
GUA-2662_IMG_2515_dummy2.jpg,6/1/2022,Guam-CNMI,GUA-2662,dummy2,131,2078,*HALI,samantha.darin,2025-10-20 19:57:49+00:00
GUA-2662_IMG_2515_dummy2.jpg,6/1/2022,Guam-CNMI,GUA-2662,dummy2,152,1625,*TURFH,samantha.darin,2025-10-20 19:57:49+00:00
GUA-2662_IMG_2515_dummy2.jpg,6/1/2022,Guam-CNMI,GUA-2662,dummy2,3261,1453,*TURFH,samantha.darin,2025-10-20 19:57:49+00:00
GUA-2662_IMG_2515_dummy2.jpg,6/1/2022,Guam-CNMI,GUA-2662,dummy2,3274,3133,*SAND,samantha.darin,2025-10-20 19:57:49+00:00
GUA-2662_IMG_2515_dummy2.jpg,6/1/2022,Guam-CNMI,GUA-2662,dummy2,3335,369,*MOEN,samantha.darin,2025-10-20 19:57:49+00:00
GUA-2662_IMG_2515_dummy2.jpg,6/1/2022,Guam-CNMI,GUA-2662,dummy2,4262,3366,*TURFH,samantha.darin,2025-10-20 19:57:49+00:00
GUA-2662_IMG_2515_dummy2.jpg,6/1/2022,Guam-CNMI,GUA-2662,dummy2,3634,3195,*TURFH,samantha.darin,2025-10-20 19:57:49+00:00
GUA-2662_IMG_2515_dummy2.jpg,6/1/2022,Guam-CNMI,GUA-2662,dummy2,4266,3502,*TURFH,samantha.darin,2025-10-20 19:57:49+00:00
GUA-2662_IMG_2515_dummy2.jpg,6/1/2022,Guam-CNMI,GUA-2662,dummy2,4739,1843,*TURFH,samantha.darin,2025-10-20 19:57:49+00:00
GUA-2677_IMG_9574_dummy2.jpg,6/1/2022,Guam-CNMI,GUA-2677,dummy2,543,108,*BGMA,samantha.darin,2025-10-20 20:06:41+00:00
GUA-2677_IMG_9574_dummy2.jpg,6/1/2022,Guam-CNMI,GUA-2677,dummy2,108,859,*PHSP,samantha.darin,2025-10-20 20:06:41+00:00
GUA-2677_IMG_9574_dummy2.jpg,6/1/2022,Guam-CNMI,GUA-2677,dummy2,623,3297,*TURFH,samantha.darin,2025-10-20 20:06:41+00:00
GUA-2677_IMG_9574_dummy2.jpg,6/1/2022,Guam-CNMI,GUA-2677,dummy2,451,3637,*TURFH,samantha.darin,2025-10-20 20:06:41+00:00
GUA-2677_IMG_9574_dummy2.jpg,6/1/2022,Guam-CNMI,GUA-2677,dummy2,1404,3641,*FASP,samantha.darin,2025-10-20 20:06:41+00:00
GUA-2677_IMG_9574_dummy2.jpg,6/1/2022,Guam-CNMI,GUA-2677,dummy2,2732,548,*CCAH,samantha.darin,2025-10-20 20:06:41+00:00
GUA-2677_IMG_9574_dummy2.jpg,6/1/2022,Guam-CNMI,GUA-2677,dummy2,2692,1139,*TURFH,samantha.darin,2025-10-20 20:06:41+00:00
GUA-2677_IMG_9574_dummy2.jpg,6/1/2022,Guam-CNMI,GUA-2677,dummy2,2800,2327,*TURFH,samantha.darin,2025-10-20 20:06:41+00:00
GUA-2677_IMG_9574_dummy2.jpg,6/1/2022,Guam-CNMI,GUA-2677,dummy2,2411,2487,*TURFH,samantha.darin,2025-10-20 20:06:41+00:00
GUA-2677_IMG_9574_dummy2.jpg,6/1/2022,Guam-CNMI,GUA-2677,dummy2,4162,2654,*CCAH,samantha.darin,2025-10-20 20:06:40+00:00
GUA-2684_IMG_0688_dummy2.jpg,6/1/2022,Guam-CNMI,GUA-2684,dummy2,468,1380,*PAMA,samantha.darin,2025-10-20 20:10:39+00:00
GUA-2684_IMG_0688_dummy2.jpg,6/1/2022,Guam-CNMI,GUA-2684,dummy2,9,4335,*CCAH,samantha.darin,2025-10-20 20:10:39+00:00
GUA-2684_IMG_0688_dummy2.jpg,6/1/2022,Guam-CNMI,GUA-2684,dummy2,1368,95,*CCAH,samantha.darin,2025-10-20 20:10:39+00:00
GUA-2684_IMG_0688_dummy2.jpg,6/1/2022,Guam-CNMI,GUA-2684,dummy2,1225,486,*CCAH,samantha.darin,2025-10-20 20:10:39+00:00
GUA-2684_IMG_0688_dummy2.jpg,6/1/2022,Guam-CNMI,GUA-2684,dummy2,2235,1391,*BGMA,samantha.darin,2025-10-20 20:10:39+00:00
GUA-2684_IMG_0688_dummy2.jpg,6/1/2022,Guam-CNMI,GUA-2684,dummy2,2410,1201,*BGMA,samantha.darin,2025-10-20 20:10:39+00:00
GUA-2684_IMG_0688_dummy2.jpg,6/1/2022,Guam-CNMI,GUA-2684,dummy2,2459,1499,*ACBR,samantha.darin,2025-10-20 20:10:39+00:00
GUA-2684_IMG_0688_dummy2.jpg,6/1/2022,Guam-CNMI,GUA-2684,dummy2,3596,744,*TURFH,samantha.darin,2025-10-20 20:10:39+00:00
GUA-2684_IMG_0688_dummy2.jpg,6/1/2022,Guam-CNMI,GUA-2684,dummy2,3452,1963,*CCAH,samantha.darin,2025-10-20 20:10:39+00:00
GUA-2684_IMG_0688_dummy2.jpg,6/1/2022,Guam-CNMI,GUA-2684,dummy2,3134,1516,*TURFH,samantha.darin,2025-10-20 20:10:39+00:00
GUA-2696_IMG_2566_dummy2.jpg,6/1/2022,Guam-CNMI,GUA-2696,dummy2,43,222,*TURFH,samantha.darin,2025-10-20 20:21:15+00:00
GUA-2696_IMG_2566_dummy2.jpg,6/1/2022,Guam-CNMI,GUA-2696,dummy2,87,802,*TURFH,samantha.darin,2025-10-20 20:21:15+00:00
GUA-2696_IMG_2566_dummy2.jpg,6/1/2022,Guam-CNMI,GUA-2696,dummy2,25,2244,*TURFH,samantha.darin,2025-10-20 20:21:15+00:00
GUA-2696_IMG_2566_dummy2.jpg,6/1/2022,Guam-CNMI,GUA-2696,dummy2,1794,1339,*TURFH,samantha.darin,2025-10-20 20:21:15+00:00
GUA-2696_IMG_2566_dummy2.jpg,6/1/2022,Guam-CNMI,GUA-2696,dummy2,1391,1141,*TURFH,samantha.darin,2025-10-20 20:21:15+00:00
GUA-2696_IMG_2566_dummy2.jpg,6/1/2022,Guam-CNMI,GUA-2696,dummy2,2139,1100,*RDMA,samantha.darin,2025-10-20 20:21:15+00:00
GUA-2696_IMG_2566_dummy2.jpg,6/1/2022,Guam-CNMI,GUA-2696,dummy2,2973,2897,*TURFH,samantha.darin,2025-10-20 20:21:15+00:00
GUA-2696_IMG_2566_dummy2.jpg,6/1/2022,Guam-CNMI,GUA-2696,dummy2,4326,3186,*PSSP,samantha.darin,2025-10-20 20:21:15+00:00
GUA-2696_IMG_2566_dummy2.jpg,6/1/2022,Guam-CNMI,GUA-2696,dummy2,5001,363,*TURFH,samantha.darin,2025-10-20 20:21:15+00:00
GUA-2696_IMG_2566_dummy2.jpg,6/1/2022,Guam-CNMI,GUA-2696,dummy2,4603,2284,*TURFH,samantha.darin,2025-10-20 20:21:14+00:00
GUA-2699_IMG_9545_dummy2.jpg,6/1/2022,Guam-CNMI,GUA-2699,dummy2,396,3054,*TURFH,samantha.darin,2025-10-20 20:24:05+00:00
GUA-2699_IMG_9545_dummy2.jpg,6/1/2022,Guam-CNMI,GUA-2699,dummy2,31,3833,*TURFH,samantha.darin,2025-10-20 20:24:05+00:00
GUA-2699_IMG_9545_dummy2.jpg,6/1/2022,Guam-CNMI,GUA-2699,dummy2,309,4789,*TURFH,samantha.darin,2025-10-20 20:24:05+00:00
GUA-2699_IMG_9545_dummy2.jpg,6/1/2022,Guam-CNMI,GUA-2699,dummy2,1443,2954,*TURFH,samantha.darin,2025-10-20 20:24:05+00:00
GUA-2699_IMG_9545_dummy2.jpg,6/1/2022,Guam-CNMI,GUA-2699,dummy2,1337,2369,*TURFH,samantha.darin,2025-10-20 20:24:05+00:00
GUA-2699_IMG_9545_dummy2.jpg,6/1/2022,Guam-CNMI,GUA-2699,dummy2,1647,1838,*BGMA,samantha.darin,2025-10-20 20:24:05+00:00
GUA-2699_IMG_9545_dummy2.jpg,6/1/2022,Guam-CNMI,GUA-2699,dummy2,1960,2173,*TURFH,samantha.darin,2025-10-20 20:24:05+00:00
GUA-2699_IMG_9545_dummy2.jpg,6/1/2022,Guam-CNMI,GUA-2699,dummy2,2578,1189,*TURFH,samantha.darin,2025-10-20 20:24:05+00:00
GUA-2699_IMG_9545_dummy2.jpg,6/1/2022,Guam-CNMI,GUA-2699,dummy2,2236,5206,*MASS,samantha.darin,2025-10-20 20:24:05+00:00
GUA-2699_IMG_9545_dummy2.jpg,6/1/2022,Guam-CNMI,GUA-2699,dummy2,2630,5034,*MASS,samantha.darin,2025-10-20 20:24:05+00:00
GUA-2699_IMG_9546_dummy2.jpg,6/1/2022,Guam-CNMI,GUA-2699,dummy2,689,521,*POMA,samantha.darin,2025-10-20 20:30:52+00:00
GUA-2699_IMG_9546_dummy2.jpg,6/1/2022,Guam-CNMI,GUA-2699,dummy2,183,941,*POMA,samantha.darin,2025-10-20 20:30:52+00:00
GUA-2699_IMG_9546_dummy2.jpg,6/1/2022,Guam-CNMI,GUA-2699,dummy2,864,790,*POMA,samantha.darin,2025-10-20 20:30:52+00:00
GUA-2699_IMG_9546_dummy2.jpg,6/1/2022,Guam-CNMI,GUA-2699,dummy2,175,3129,*POMA,samantha.darin,2025-10-20 20:30:52+00:00
GUA-2699_IMG_9546_dummy2.jpg,6/1/2022,Guam-CNMI,GUA-2699,dummy2,1866,1891,*TURFH,samantha.darin,2025-10-20 20:30:52+00:00
GUA-2699_IMG_9546_dummy2.jpg,6/1/2022,Guam-CNMI,GUA-2699,dummy2,2598,360,*TURFH,samantha.darin,2025-10-20 20:30:52+00:00
GUA-2699_IMG_9546_dummy2.jpg,6/1/2022,Guam-CNMI,GUA-2699,dummy2,2541,1599,*CAUL,samantha.darin,2025-10-20 20:30:52+00:00
GUA-2699_IMG_9546_dummy2.jpg,6/1/2022,Guam-CNMI,GUA-2699,dummy2,2734,2478,*BGMA,samantha.darin,2025-10-20 20:30:52+00:00
GUA-2699_IMG_9546_dummy2.jpg,6/1/2022,Guam-CNMI,GUA-2699,dummy2,5137,2926,*POMA,samantha.darin,2025-10-20 20:30:52+00:00
GUA-2699_IMG_9546_dummy2.jpg,6/1/2022,Guam-CNMI,GUA-2699,dummy2,5148,2992,*POMA,samantha.darin,2025-10-20 20:30:52+00:00
GUA-2701_IMG_0973_dummy2.jpg,6/1/2022,Guam-CNMI,GUA-2701,dummy2,617,527,*SHAD,samantha.darin,2025-10-20 20:33:38+00:00
GUA-2701_IMG_0973_dummy2.jpg,6/1/2022,Guam-CNMI,GUA-2701,dummy2,799,1963,*MISP,samantha.darin,2025-10-20 20:33:38+00:00
GUA-2701_IMG_0973_dummy2.jpg,6/1/2022,Guam-CNMI,GUA-2701,dummy2,2078,2817,*MISP,samantha.darin,2025-10-20 20:33:38+00:00
GUA-2701_IMG_0973_dummy2.jpg,6/1/2022,Guam-CNMI,GUA-2701,dummy2,2487,681,*MISP,samantha.darin,2025-10-20 20:33:38+00:00
GUA-2701_IMG_0973_dummy2.jpg,6/1/2022,Guam-CNMI,GUA-2701,dummy2,2687,242,*MISP,samantha.darin,2025-10-20 20:33:38+00:00
GUA-2701_IMG_0973_dummy2.jpg,6/1/2022,Guam-CNMI,GUA-2701,dummy2,3921,480,*HALI,samantha.darin,2025-10-20 20:33:38+00:00
GUA-2701_IMG_0973_dummy2.jpg,6/1/2022,Guam-CNMI,GUA-2701,dummy2,3564,2689,*CCAH,samantha.darin,2025-10-20 20:33:38+00:00
GUA-2701_IMG_0973_dummy2.jpg,6/1/2022,Guam-CNMI,GUA-2701,dummy2,3970,3243,*CCAH,samantha.darin,2025-10-20 20:33:38+00:00
GUA-2701_IMG_0973_dummy2.jpg,6/1/2022,Guam-CNMI,GUA-2701,dummy2,5099,3221,*GRMA,samantha.darin,2025-10-20 20:33:38+00:00
GUA-2701_IMG_0973_dummy2.jpg,6/1/2022,Guam-CNMI,GUA-2701,dummy2,4725,3210,*CCAH,samantha.darin,2025-10-20 20:33:38+00:00
GUA-2701_IMG_0977_dummy2.jpg,6/1/2022,Guam-CNMI,GUA-2701,dummy2,541,270,*GRMA,samantha.darin,2025-10-20 20:41:52+00:00
GUA-2701_IMG_0977_dummy2.jpg,6/1/2022,Guam-CNMI,GUA-2701,dummy2,281,229,*TURFH,samantha.darin,2025-10-20 20:41:52+00:00
GUA-2701_IMG_0977_dummy2.jpg,6/1/2022,Guam-CNMI,GUA-2701,dummy2,276,911,*TURFH,samantha.darin,2025-10-20 20:41:52+00:00
GUA-2701_IMG_0977_dummy2.jpg,6/1/2022,Guam-CNMI,GUA-2701,dummy2,821,3391,*GASP,samantha.darin,2025-10-20 20:41:52+00:00
GUA-2701_IMG_0977_dummy2.jpg,6/1/2022,Guam-CNMI,GUA-2701,dummy2,1593,607,*CCAH,samantha.darin,2025-10-20 20:41:52+00:00
GUA-2701_IMG_0977_dummy2.jpg,6/1/2022,Guam-CNMI,GUA-2701,dummy2,4082,69,*TURFH,samantha.darin,2025-10-20 20:41:52+00:00
GUA-2701_IMG_0977_dummy2.jpg,6/1/2022,Guam-CNMI,GUA-2701,dummy2,3479,1054,*GONS,samantha.darin,2025-10-20 20:41:52+00:00
GUA-2701_IMG_0977_dummy2.jpg,6/1/2022,Guam-CNMI,GUA-2701,dummy2,4416,1773,*GONS,samantha.darin,2025-10-20 20:41:51+00:00
GUA-2701_IMG_0977_dummy2.jpg,6/1/2022,Guam-CNMI,GUA-2701,dummy2,5274,3144,*GASP,samantha.darin,2025-10-20 20:41:51+00:00
GUA-2701_IMG_0977_dummy2.jpg,6/1/2022,Guam-CNMI,GUA-2701,dummy2,5188,3192,*GASP,samantha.darin,2025-10-20 20:41:51+00:00
GUA-2716_IMG_0384_dummy2.jpg,6/1/2022,Guam-CNMI,GUA-2716,dummy2,398,5461,*TURFH,samantha.darin,2025-10-20 20:47:10+00:00
GUA-2716_IMG_0384_dummy2.jpg,6/1/2022,Guam-CNMI,GUA-2716,dummy2,1835,704,*DICO,samantha.darin,2025-10-20 20:47:10+00:00
GUA-2716_IMG_0384_dummy2.jpg,6/1/2022,Guam-CNMI,GUA-2716,dummy2,1783,461,*TURFH,samantha.darin,2025-10-20 20:47:10+00:00
GUA-2716_IMG_0384_dummy2.jpg,6/1/2022,Guam-CNMI,GUA-2716,dummy2,1761,1155,*DICO,samantha.darin,2025-10-20 20:47:10+00:00
GUA-2716_IMG_0384_dummy2.jpg,6/1/2022,Guam-CNMI,GUA-2716,dummy2,1539,3956,*TURFH,samantha.darin,2025-10-20 20:47:10+00:00
GUA-2716_IMG_0384_dummy2.jpg,6/1/2022,Guam-CNMI,GUA-2716,dummy2,2082,3669,*TURFH,samantha.darin,2025-10-20 20:47:10+00:00
GUA-2716_IMG_0384_dummy2.jpg,6/1/2022,Guam-CNMI,GUA-2716,dummy2,2614,2878,*TURFH,samantha.darin,2025-10-20 20:47:09+00:00
GUA-2716_IMG_0384_dummy2.jpg,6/1/2022,Guam-CNMI,GUA-2716,dummy2,2402,3102,*TURFH,samantha.darin,2025-10-20 20:47:09+00:00
GUA-2716_IMG_0384_dummy2.jpg,6/1/2022,Guam-CNMI,GUA-2716,dummy2,3235,2314,*TURFH,samantha.darin,2025-10-20 20:47:09+00:00
GUA-2716_IMG_0384_dummy2.jpg,6/1/2022,Guam-CNMI,GUA-2716,dummy2,3272,4642,*CCAH,samantha.darin,2025-10-20 20:47:09+00:00
GUA-2716_IMG_0398_dummy2.jpg,6/1/2022,Guam-CNMI,GUA-2716,dummy2,542,317,*PAEN,samantha.darin,2025-10-20 20:49:52+00:00
GUA-2716_IMG_0398_dummy2.jpg,6/1/2022,Guam-CNMI,GUA-2716,dummy2,1229,2606,*SHAD,samantha.darin,2025-10-20 20:49:52+00:00
GUA-2716_IMG_0398_dummy2.jpg,6/1/2022,Guam-CNMI,GUA-2716,dummy2,899,2361,*PAEN,samantha.darin,2025-10-20 20:49:52+00:00
GUA-2716_IMG_0398_dummy2.jpg,6/1/2022,Guam-CNMI,GUA-2716,dummy2,1028,3829,*CCAH,samantha.darin,2025-10-20 20:49:52+00:00
GUA-2716_IMG_0398_dummy2.jpg,6/1/2022,Guam-CNMI,GUA-2716,dummy2,838,4241,*CCAH,samantha.darin,2025-10-20 20:49:52+00:00
GUA-2716_IMG_0398_dummy2.jpg,6/1/2022,Guam-CNMI,GUA-2716,dummy2,1512,1007,*DICO,samantha.darin,2025-10-20 20:49:52+00:00
GUA-2716_IMG_0398_dummy2.jpg,6/1/2022,Guam-CNMI,GUA-2716,dummy2,1608,2193,*CCAH,samantha.darin,2025-10-20 20:49:52+00:00
GUA-2716_IMG_0398_dummy2.jpg,6/1/2022,Guam-CNMI,GUA-2716,dummy2,1545,4613,*CCAH,samantha.darin,2025-10-20 20:49:52+00:00
GUA-2716_IMG_0398_dummy2.jpg,6/1/2022,Guam-CNMI,GUA-2716,dummy2,2702,507,*TURFH,samantha.darin,2025-10-20 20:49:51+00:00
GUA-2716_IMG_0398_dummy2.jpg,6/1/2022,Guam-CNMI,GUA-2716,dummy2,3596,3554,*TURFH,samantha.darin,2025-10-20 20:49:51+00:00
MAU-630_2017_A_28_dummy2.jpg,5/1/2017,Guam-CNMI,MAU-630,dummy2,226,1112,*LEPT,samantha.darin,2025-10-20 20:53:23+00:00
MAU-630_2017_A_28_dummy2.jpg,5/1/2017,Guam-CNMI,MAU-630,dummy2,1005,1970,*ASTS,samantha.darin,2025-10-20 20:53:23+00:00
MAU-630_2017_A_28_dummy2.jpg,5/1/2017,Guam-CNMI,MAU-630,dummy2,1336,3815,*BGMA,samantha.darin,2025-10-20 20:53:23+00:00
MAU-630_2017_A_28_dummy2.jpg,5/1/2017,Guam-CNMI,MAU-630,dummy2,1370,4918,*POCS,samantha.darin,2025-10-20 20:53:23+00:00
MAU-630_2017_A_28_dummy2.jpg,5/1/2017,Guam-CNMI,MAU-630,dummy2,1557,1063,*MOEN,samantha.darin,2025-10-20 20:53:23+00:00
MAU-630_2017_A_28_dummy2.jpg,5/1/2017,Guam-CNMI,MAU-630,dummy2,1851,4979,*STYS,samantha.darin,2025-10-20 20:53:23+00:00
MAU-630_2017_A_28_dummy2.jpg,5/1/2017,Guam-CNMI,MAU-630,dummy2,2805,304,*TURFH,samantha.darin,2025-10-20 20:53:23+00:00
MAU-630_2017_A_28_dummy2.jpg,5/1/2017,Guam-CNMI,MAU-630,dummy2,2352,235,*PESP,samantha.darin,2025-10-20 20:53:23+00:00
MAU-630_2017_A_28_dummy2.jpg,5/1/2017,Guam-CNMI,MAU-630,dummy2,2270,4036,*STYS,samantha.darin,2025-10-20 20:53:23+00:00
MAU-630_2017_A_28_dummy2.jpg,5/1/2017,Guam-CNMI,MAU-630,dummy2,2402,4520,*STYS,samantha.darin,2025-10-20 20:53:23+00:00
MAU-640_2017_A_10_dummy2.jpg,5/1/2017,Guam-CNMI,MAU-640,dummy2,333,1859,*CCAH,samantha.darin,2025-10-20 20:55:00+00:00
MAU-640_2017_A_10_dummy2.jpg,5/1/2017,Guam-CNMI,MAU-640,dummy2,763,3003,*SHAD,samantha.darin,2025-10-20 20:55:00+00:00
MAU-640_2017_A_10_dummy2.jpg,5/1/2017,Guam-CNMI,MAU-640,dummy2,809,4123,*TURFH,samantha.darin,2025-10-20 20:55:00+00:00
MAU-640_2017_A_10_dummy2.jpg,5/1/2017,Guam-CNMI,MAU-640,dummy2,935,3725,*TURFH,samantha.darin,2025-10-20 20:55:00+00:00
MAU-640_2017_A_10_dummy2.jpg,5/1/2017,Guam-CNMI,MAU-640,dummy2,2103,1533,*CCAH,samantha.darin,2025-10-20 20:55:00+00:00
MAU-640_2017_A_10_dummy2.jpg,5/1/2017,Guam-CNMI,MAU-640,dummy2,2454,239,*POMA,samantha.darin,2025-10-20 20:55:00+00:00
MAU-640_2017_A_10_dummy2.jpg,5/1/2017,Guam-CNMI,MAU-640,dummy2,2560,3197,*BGMA,samantha.darin,2025-10-20 20:55:00+00:00
MAU-640_2017_A_10_dummy2.jpg,5/1/2017,Guam-CNMI,MAU-640,dummy2,3248,1591,*PESP,samantha.darin,2025-10-20 20:55:00+00:00
MAU-640_2017_A_10_dummy2.jpg,5/1/2017,Guam-CNMI,MAU-640,dummy2,3363,1836,*PESP,samantha.darin,2025-10-20 20:55:00+00:00
MAU-640_2017_A_10_dummy2.jpg,5/1/2017,Guam-CNMI,MAU-640,dummy2,3556,2274,*TURFH,samantha.darin,2025-10-20 20:55:00+00:00
MAU-649_2017_A_14_dummy2.jpg,5/1/2017,Guam-CNMI,MAU-649,dummy2,79,1311,*TURFH,samantha.darin,2025-10-20 20:57:15+00:00
MAU-649_2017_A_14_dummy2.jpg,5/1/2017,Guam-CNMI,MAU-649,dummy2,793,4764,*TURFH,samantha.darin,2025-10-20 20:57:15+00:00
MAU-649_2017_A_14_dummy2.jpg,5/1/2017,Guam-CNMI,MAU-649,dummy2,770,4735,*GONS,samantha.darin,2025-10-20 20:57:15+00:00
MAU-649_2017_A_14_dummy2.jpg,5/1/2017,Guam-CNMI,MAU-649,dummy2,1349,4448,*CCAH,samantha.darin,2025-10-20 20:57:15+00:00
MAU-649_2017_A_14_dummy2.jpg,5/1/2017,Guam-CNMI,MAU-649,dummy2,1975,4104,*PESP,samantha.darin,2025-10-20 20:57:15+00:00
MAU-649_2017_A_14_dummy2.jpg,5/1/2017,Guam-CNMI,MAU-649,dummy2,2250,691,*CCAH,samantha.darin,2025-10-20 20:57:15+00:00
MAU-649_2017_A_14_dummy2.jpg,5/1/2017,Guam-CNMI,MAU-649,dummy2,2737,275,*CCAH,samantha.darin,2025-10-20 20:57:15+00:00
MAU-649_2017_A_14_dummy2.jpg,5/1/2017,Guam-CNMI,MAU-649,dummy2,2557,3226,*SAND,samantha.darin,2025-10-20 20:57:15+00:00
MAU-649_2017_A_14_dummy2.jpg,5/1/2017,Guam-CNMI,MAU-649,dummy2,3014,4365,*TURFH,samantha.darin,2025-10-20 20:57:15+00:00
MAU-649_2017_A_14_dummy2.jpg,5/1/2017,Guam-CNMI,MAU-649,dummy2,3260,4095,*CCAR,samantha.darin,2025-10-20 20:57:15+00:00
MAU-651_2017_A_20_dummy2.jpg,5/1/2017,Guam-CNMI,MAU-651,dummy2,297,103,*POMA,samantha.darin,2025-10-20 21:19:51+00:00
MAU-651_2017_A_20_dummy2.jpg,5/1/2017,Guam-CNMI,MAU-651,dummy2,438,2808,*GOAL,samantha.darin,2025-10-20 21:19:51+00:00
MAU-651_2017_A_20_dummy2.jpg,5/1/2017,Guam-CNMI,MAU-651,dummy2,789,3316,*TURFH,samantha.darin,2025-10-20 21:19:51+00:00
MAU-651_2017_A_20_dummy2.jpg,5/1/2017,Guam-CNMI,MAU-651,dummy2,655,3641,*BGMA,samantha.darin,2025-10-20 21:19:51+00:00
MAU-651_2017_A_20_dummy2.jpg,5/1/2017,Guam-CNMI,MAU-651,dummy2,1029,3277,*TURFH,samantha.darin,2025-10-20 21:19:51+00:00
MAU-651_2017_A_20_dummy2.jpg,5/1/2017,Guam-CNMI,MAU-651,dummy2,1207,3573,*TURFH,samantha.darin,2025-10-20 21:19:51+00:00
MAU-651_2017_A_20_dummy2.jpg,5/1/2017,Guam-CNMI,MAU-651,dummy2,1916,316,*POMA,samantha.darin,2025-10-20 21:19:51+00:00
MAU-651_2017_A_20_dummy2.jpg,5/1/2017,Guam-CNMI,MAU-651,dummy2,2312,1990,*TAPE,samantha.darin,2025-10-20 21:19:51+00:00
MAU-651_2017_A_20_dummy2.jpg,5/1/2017,Guam-CNMI,MAU-651,dummy2,1946,2395,*ENC,samantha.darin,2025-10-20 21:19:50+00:00
MAU-651_2017_A_20_dummy2.jpg,5/1/2017,Guam-CNMI,MAU-651,dummy2,2455,143,*POMA,samantha.darin,2025-10-20 21:19:50+00:00
MAU-679_2017_A_17_dummy2.jpg,5/1/2017,Guam-CNMI,MAU-679,dummy2,191,1285,*TURFH,samantha.darin,2025-10-20 21:22:32+00:00
MAU-679_2017_A_17_dummy2.jpg,5/1/2017,Guam-CNMI,MAU-679,dummy2,96,2075,*TURFH,samantha.darin,2025-10-20 21:22:32+00:00
MAU-679_2017_A_17_dummy2.jpg,5/1/2017,Guam-CNMI,MAU-679,dummy2,837,507,*SHAD,samantha.darin,2025-10-20 21:22:32+00:00
MAU-679_2017_A_17_dummy2.jpg,5/1/2017,Guam-CNMI,MAU-679,dummy2,975,37,*CCAH,samantha.darin,2025-10-20 21:22:32+00:00
MAU-679_2017_A_17_dummy2.jpg,5/1/2017,Guam-CNMI,MAU-679,dummy2,1150,1222,*CCAH,samantha.darin,2025-10-20 21:22:32+00:00
MAU-679_2017_A_17_dummy2.jpg,5/1/2017,Guam-CNMI,MAU-679,dummy2,949,1945,*COSP,samantha.darin,2025-10-20 21:22:31+00:00
MAU-679_2017_A_17_dummy2.jpg,5/1/2017,Guam-CNMI,MAU-679,dummy2,1398,753,*CCAH,samantha.darin,2025-10-20 21:22:31+00:00
MAU-679_2017_A_17_dummy2.jpg,5/1/2017,Guam-CNMI,MAU-679,dummy2,1327,1792,*PESP,samantha.darin,2025-10-20 21:22:31+00:00
MAU-679_2017_A_17_dummy2.jpg,5/1/2017,Guam-CNMI,MAU-679,dummy2,1530,1452,*TURFH,samantha.darin,2025-10-20 21:22:31+00:00
MAU-679_2017_A_17_dummy2.jpg,5/1/2017,Guam-CNMI,MAU-679,dummy2,1320,1591,*TURFH,samantha.darin,2025-10-20 21:22:31+00:00
MAU-686_2017_A_22_dummy2.jpg,5/1/2017,Guam-CNMI,MAU-686,dummy2,174,733,*PESP,samantha.darin,2025-10-20 21:23:37+00:00
MAU-686_2017_A_22_dummy2.jpg,5/1/2017,Guam-CNMI,MAU-686,dummy2,1162,1056,*PESP,samantha.darin,2025-10-20 21:23:36+00:00
MAU-686_2017_A_22_dummy2.jpg,5/1/2017,Guam-CNMI,MAU-686,dummy2,821,248,*PESP,samantha.darin,2025-10-20 21:23:36+00:00
MAU-686_2017_A_22_dummy2.jpg,5/1/2017,Guam-CNMI,MAU-686,dummy2,1445,5224,*TURFH,samantha.darin,2025-10-20 21:23:36+00:00
MAU-686_2017_A_22_dummy2.jpg,5/1/2017,Guam-CNMI,MAU-686,dummy2,941,4505,*SHAD,samantha.darin,2025-10-20 21:23:36+00:00
MAU-686_2017_A_22_dummy2.jpg,5/1/2017,Guam-CNMI,MAU-686,dummy2,1815,1961,*PESP,samantha.darin,2025-10-20 21:23:36+00:00
MAU-686_2017_A_22_dummy2.jpg,5/1/2017,Guam-CNMI,MAU-686,dummy2,1893,3848,*CCAH,samantha.darin,2025-10-20 21:23:36+00:00
MAU-686_2017_A_22_dummy2.jpg,5/1/2017,Guam-CNMI,MAU-686,dummy2,1499,4146,*TURFH,samantha.darin,2025-10-20 21:23:36+00:00
MAU-686_2017_A_22_dummy2.jpg,5/1/2017,Guam-CNMI,MAU-686,dummy2,2459,1013,*PESP,samantha.darin,2025-10-20 21:23:36+00:00
MAU-686_2017_A_22_dummy2.jpg,5/1/2017,Guam-CNMI,MAU-686,dummy2,3115,1142,*PESP,samantha.darin,2025-10-20 21:23:36+00:00
MAU-691_2017_A_12_dummy2.jpg,5/1/2017,Guam-CNMI,MAU-691,dummy2,682,2471,*MASS,samantha.darin,2025-10-20 21:33:51+00:00
MAU-691_2017_A_12_dummy2.jpg,5/1/2017,Guam-CNMI,MAU-691,dummy2,34,5339,*TURFH,samantha.darin,2025-10-20 21:33:51+00:00
MAU-691_2017_A_12_dummy2.jpg,5/1/2017,Guam-CNMI,MAU-691,dummy2,1455,747,*MASS,samantha.darin,2025-10-20 21:33:51+00:00
MAU-691_2017_A_12_dummy2.jpg,5/1/2017,Guam-CNMI,MAU-691,dummy2,951,2351,*MASS,samantha.darin,2025-10-20 21:33:51+00:00
MAU-691_2017_A_12_dummy2.jpg,5/1/2017,Guam-CNMI,MAU-691,dummy2,1765,427,*MASS,samantha.darin,2025-10-20 21:33:51+00:00
MAU-691_2017_A_12_dummy2.jpg,5/1/2017,Guam-CNMI,MAU-691,dummy2,2251,1246,*TURFH,samantha.darin,2025-10-20 21:33:51+00:00
MAU-691_2017_A_12_dummy2.jpg,5/1/2017,Guam-CNMI,MAU-691,dummy2,2237,4879,*TURFH,samantha.darin,2025-10-20 21:33:51+00:00
MAU-691_2017_A_12_dummy2.jpg,5/1/2017,Guam-CNMI,MAU-691,dummy2,3372,1579,*TURFH,samantha.darin,2025-10-20 21:33:51+00:00
MAU-691_2017_A_12_dummy2.jpg,5/1/2017,Guam-CNMI,MAU-691,dummy2,3361,2637,*TURFH,samantha.darin,2025-10-20 21:33:51+00:00
MAU-691_2017_A_12_dummy2.jpg,5/1/2017,Guam-CNMI,MAU-691,dummy2,3110,5022,*PESP,samantha.darin,2025-10-20 21:33:51+00:00
MAU-704_2017_A_09_dummy2.jpg,5/1/2017,Guam-CNMI,MAU-704,dummy2,140,735,*CCAH,samantha.darin,2025-10-20 21:36:03+00:00
MAU-704_2017_A_09_dummy2.jpg,5/1/2017,Guam-CNMI,MAU-704,dummy2,262,3200,*CCAH,samantha.darin,2025-10-20 21:36:03+00:00
MAU-704_2017_A_09_dummy2.jpg,5/1/2017,Guam-CNMI,MAU-704,dummy2,987,3337,*TURFH,samantha.darin,2025-10-20 21:36:03+00:00
MAU-704_2017_A_09_dummy2.jpg,5/1/2017,Guam-CNMI,MAU-704,dummy2,1255,4307,*MOEN,samantha.darin,2025-10-20 21:36:03+00:00
MAU-704_2017_A_09_dummy2.jpg,5/1/2017,Guam-CNMI,MAU-704,dummy2,1337,4675,*MOEN,samantha.darin,2025-10-20 21:36:03+00:00
MAU-704_2017_A_09_dummy2.jpg,5/1/2017,Guam-CNMI,MAU-704,dummy2,2865,400,*TURFH,samantha.darin,2025-10-20 21:36:03+00:00
MAU-704_2017_A_09_dummy2.jpg,5/1/2017,Guam-CNMI,MAU-704,dummy2,2401,658,*TURFH,samantha.darin,2025-10-20 21:36:03+00:00
MAU-704_2017_A_09_dummy2.jpg,5/1/2017,Guam-CNMI,MAU-704,dummy2,2624,1156,*TURFH,samantha.darin,2025-10-20 21:36:03+00:00
MAU-704_2017_A_09_dummy2.jpg,5/1/2017,Guam-CNMI,MAU-704,dummy2,2412,4540,*TURFH,samantha.darin,2025-10-20 21:36:03+00:00
MAU-704_2017_A_09_dummy2.jpg,5/1/2017,Guam-CNMI,MAU-704,dummy2,3504,3286,*BGMA,samantha.darin,2025-10-20 21:36:03+00:00
MAU-723_2017_A_30_dummy2.jpg,5/1/2017,Guam-CNMI,MAU-723,dummy2,342,337,*TURFH,samantha.darin,2025-10-20 21:39:53+00:00
MAU-723_2017_A_30_dummy2.jpg,5/1/2017,Guam-CNMI,MAU-723,dummy2,327,1210,*TURFH,samantha.darin,2025-10-20 21:39:53+00:00
MAU-723_2017_A_30_dummy2.jpg,5/1/2017,Guam-CNMI,MAU-723,dummy2,484,5398,*SHAD,samantha.darin,2025-10-20 21:39:53+00:00
MAU-723_2017_A_30_dummy2.jpg,5/1/2017,Guam-CNMI,MAU-723,dummy2,618,5398,*BGMA,samantha.darin,2025-10-20 21:39:53+00:00
MAU-723_2017_A_30_dummy2.jpg,5/1/2017,Guam-CNMI,MAU-723,dummy2,864,2053,*TURFH,samantha.darin,2025-10-20 21:39:53+00:00
MAU-723_2017_A_30_dummy2.jpg,5/1/2017,Guam-CNMI,MAU-723,dummy2,858,2703,*HALI,samantha.darin,2025-10-20 21:39:53+00:00
MAU-723_2017_A_30_dummy2.jpg,5/1/2017,Guam-CNMI,MAU-723,dummy2,2075,3039,*BGMA,samantha.darin,2025-10-20 21:39:53+00:00
MAU-723_2017_A_30_dummy2.jpg,5/1/2017,Guam-CNMI,MAU-723,dummy2,2193,1192,*TURFH,samantha.darin,2025-10-20 21:39:53+00:00
MAU-723_2017_A_30_dummy2.jpg,5/1/2017,Guam-CNMI,MAU-723,dummy2,3636,3694,*CCAH,samantha.darin,2025-10-20 21:39:53+00:00
MAU-723_2017_A_30_dummy2.jpg,5/1/2017,Guam-CNMI,MAU-723,dummy2,3429,4790,*CCAH,samantha.darin,2025-10-20 21:39:53+00:00
MAU-838_2017_B_10_dummy2.jpg,5/1/2017,Guam-CNMI,MAU-838,dummy2,345,133,*CCAH,samantha.darin,2025-10-20 21:44:25+00:00
MAU-838_2017_B_10_dummy2.jpg,5/1/2017,Guam-CNMI,MAU-838,dummy2,365,1547,*CCAH,samantha.darin,2025-10-20 21:44:25+00:00
MAU-838_2017_B_10_dummy2.jpg,5/1/2017,Guam-CNMI,MAU-838,dummy2,296,1401,*CCAH,samantha.darin,2025-10-20 21:44:25+00:00
MAU-838_2017_B_10_dummy2.jpg,5/1/2017,Guam-CNMI,MAU-838,dummy2,211,2136,*CCAH,samantha.darin,2025-10-20 21:44:25+00:00
MAU-838_2017_B_10_dummy2.jpg,5/1/2017,Guam-CNMI,MAU-838,dummy2,669,938,*BGMA,samantha.darin,2025-10-20 21:44:24+00:00
MAU-838_2017_B_10_dummy2.jpg,5/1/2017,Guam-CNMI,MAU-838,dummy2,882,896,*CCAH,samantha.darin,2025-10-20 21:44:24+00:00
MAU-838_2017_B_10_dummy2.jpg,5/1/2017,Guam-CNMI,MAU-838,dummy2,1556,699,*CCAH,samantha.darin,2025-10-20 21:44:24+00:00
MAU-838_2017_B_10_dummy2.jpg,5/1/2017,Guam-CNMI,MAU-838,dummy2,2511,1205,*HCOE,samantha.darin,2025-10-20 21:44:24+00:00
MAU-838_2017_B_10_dummy2.jpg,5/1/2017,Guam-CNMI,MAU-838,dummy2,2722,1327,*TURFH,samantha.darin,2025-10-20 21:44:24+00:00
MAU-838_2017_B_10_dummy2.jpg,5/1/2017,Guam-CNMI,MAU-838,dummy2,2663,2921,*TURFH,samantha.darin,2025-10-20 21:44:24+00:00
MAU-848_2017_B_02_dummy2.jpg,5/1/2017,Guam-CNMI,MAU-848,dummy2,205,42,*TURFH,samantha.darin,2025-10-20 21:47:33+00:00
MAU-848_2017_B_02_dummy2.jpg,5/1/2017,Guam-CNMI,MAU-848,dummy2,634,158,*POCS,samantha.darin,2025-10-20 21:47:33+00:00
MAU-848_2017_B_02_dummy2.jpg,5/1/2017,Guam-CNMI,MAU-848,dummy2,1083,311,*POCS,samantha.darin,2025-10-20 21:47:33+00:00
MAU-848_2017_B_02_dummy2.jpg,5/1/2017,Guam-CNMI,MAU-848,dummy2,1302,688,*POCS,samantha.darin,2025-10-20 21:47:33+00:00
MAU-848_2017_B_02_dummy2.jpg,5/1/2017,Guam-CNMI,MAU-848,dummy2,1835,2900,*TURFH,samantha.darin,2025-10-20 21:47:33+00:00
MAU-848_2017_B_02_dummy2.jpg,5/1/2017,Guam-CNMI,MAU-848,dummy2,1924,2413,*CCAH,samantha.darin,2025-10-20 21:47:33+00:00
MAU-848_2017_B_02_dummy2.jpg,5/1/2017,Guam-CNMI,MAU-848,dummy2,2455,2336,*CCAH,samantha.darin,2025-10-20 21:47:33+00:00
MAU-848_2017_B_02_dummy2.jpg,5/1/2017,Guam-CNMI,MAU-848,dummy2,3910,1031,*PAMA,samantha.darin,2025-10-20 21:47:33+00:00
MAU-848_2017_B_02_dummy2.jpg,5/1/2017,Guam-CNMI,MAU-848,dummy2,3699,1018,*TURFH,samantha.darin,2025-10-20 21:47:33+00:00
MAU-848_2017_B_02_dummy2.jpg,5/1/2017,Guam-CNMI,MAU-848,dummy2,3324,2524,*TURFH,samantha.darin,2025-10-20 21:47:33+00:00
MAU-855_2017_B_12_dummy2.jpg,5/1/2017,Guam-CNMI,MAU-855,dummy2,445,956,*PESP,samantha.darin,2025-10-20 21:58:30+00:00
MAU-855_2017_B_12_dummy2.jpg,5/1/2017,Guam-CNMI,MAU-855,dummy2,570,2396,*TURFH,samantha.darin,2025-10-20 21:58:30+00:00
MAU-855_2017_B_12_dummy2.jpg,5/1/2017,Guam-CNMI,MAU-855,dummy2,462,3849,*TURFH,samantha.darin,2025-10-20 21:58:30+00:00
MAU-855_2017_B_12_dummy2.jpg,5/1/2017,Guam-CNMI,MAU-855,dummy2,512,3784,*PESP,samantha.darin,2025-10-20 21:58:30+00:00
MAU-855_2017_B_12_dummy2.jpg,5/1/2017,Guam-CNMI,MAU-855,dummy2,737,1173,*GONS,samantha.darin,2025-10-20 21:58:30+00:00
MAU-855_2017_B_12_dummy2.jpg,5/1/2017,Guam-CNMI,MAU-855,dummy2,1105,2170,*TURFH,samantha.darin,2025-10-20 21:58:30+00:00
MAU-855_2017_B_12_dummy2.jpg,5/1/2017,Guam-CNMI,MAU-855,dummy2,818,2945,*BGMA,samantha.darin,2025-10-20 21:58:30+00:00
MAU-855_2017_B_12_dummy2.jpg,5/1/2017,Guam-CNMI,MAU-855,dummy2,631,3271,*GONS,samantha.darin,2025-10-20 21:58:30+00:00
MAU-855_2017_B_12_dummy2.jpg,5/1/2017,Guam-CNMI,MAU-855,dummy2,1725,2565,*TURFH,samantha.darin,2025-10-20 21:58:30+00:00
MAU-855_2017_B_12_dummy2.jpg,5/1/2017,Guam-CNMI,MAU-855,dummy2,2852,2867,*UNK,samantha.darin,2025-10-20 21:58:29+00:00
MAU-868_2017_A_07_dummy2.jpg,5/1/2017,Guam-CNMI,MAU-868,dummy2,931,2846,*TURFH,samantha.darin,2025-10-20 21:59:35+00:00
MAU-868_2017_A_07_dummy2.jpg,5/1/2017,Guam-CNMI,MAU-868,dummy2,716,3406,*TURFH,samantha.darin,2025-10-20 21:59:35+00:00
MAU-868_2017_A_07_dummy2.jpg,5/1/2017,Guam-CNMI,MAU-868,dummy2,1438,762,*TURFH,samantha.darin,2025-10-20 21:59:35+00:00
MAU-868_2017_A_07_dummy2.jpg,5/1/2017,Guam-CNMI,MAU-868,dummy2,1229,2857,*TURFH,samantha.darin,2025-10-20 21:59:35+00:00
MAU-868_2017_A_07_dummy2.jpg,5/1/2017,Guam-CNMI,MAU-868,dummy2,2328,365,*BGMA,samantha.darin,2025-10-20 21:59:35+00:00
MAU-868_2017_A_07_dummy2.jpg,5/1/2017,Guam-CNMI,MAU-868,dummy2,2023,1295,*TURFH,samantha.darin,2025-10-20 21:59:35+00:00
MAU-868_2017_A_07_dummy2.jpg,5/1/2017,Guam-CNMI,MAU-868,dummy2,2197,2723,*CCAH,samantha.darin,2025-10-20 21:59:35+00:00
MAU-868_2017_A_07_dummy2.jpg,5/1/2017,Guam-CNMI,MAU-868,dummy2,2067,3812,*SHAD,samantha.darin,2025-10-20 21:59:35+00:00
MAU-868_2017_A_07_dummy2.jpg,5/1/2017,Guam-CNMI,MAU-868,dummy2,2860,482,*BGMA,samantha.darin,2025-10-20 21:59:35+00:00
MAU-868_2017_A_07_dummy2.jpg,5/1/2017,Guam-CNMI,MAU-868,dummy2,2872,1803,*CCAH,samantha.darin,2025-10-20 21:59:35+00:00
MAU-870_2017_B_04_dummy2.jpg,5/1/2017,Guam-CNMI,MAU-870,dummy2,453,1112,*SHAD,samantha.darin,2025-10-20 22:00:43+00:00
MAU-870_2017_B_04_dummy2.jpg,5/1/2017,Guam-CNMI,MAU-870,dummy2,620,2409,*CCAH,samantha.darin,2025-10-20 22:00:43+00:00
MAU-870_2017_B_04_dummy2.jpg,5/1/2017,Guam-CNMI,MAU-870,dummy2,604,3383,*CCAH,samantha.darin,2025-10-20 22:00:43+00:00
MAU-870_2017_B_04_dummy2.jpg,5/1/2017,Guam-CNMI,MAU-870,dummy2,1305,1121,*CCAH,samantha.darin,2025-10-20 22:00:43+00:00
MAU-870_2017_B_04_dummy2.jpg,5/1/2017,Guam-CNMI,MAU-870,dummy2,1242,2172,*EMA,samantha.darin,2025-10-20 22:00:43+00:00
MAU-870_2017_B_04_dummy2.jpg,5/1/2017,Guam-CNMI,MAU-870,dummy2,2212,329,*TURFH,samantha.darin,2025-10-20 22:00:43+00:00
MAU-870_2017_B_04_dummy2.jpg,5/1/2017,Guam-CNMI,MAU-870,dummy2,2732,406,*CCAH,samantha.darin,2025-10-20 22:00:42+00:00
MAU-870_2017_B_04_dummy2.jpg,5/1/2017,Guam-CNMI,MAU-870,dummy2,2562,3620,*TURFH,samantha.darin,2025-10-20 22:00:42+00:00
MAU-870_2017_B_04_dummy2.jpg,5/1/2017,Guam-CNMI,MAU-870,dummy2,2723,3844,*TURFH,samantha.darin,2025-10-20 22:00:42+00:00
MAU-870_2017_B_04_dummy2.jpg,5/1/2017,Guam-CNMI,MAU-870,dummy2,2928,3382,*GASP,samantha.darin,2025-10-20 22:00:42+00:00
MAU-907_2017_B_04_dummy2.jpg,5/1/2017,Guam-CNMI,MAU-907,dummy2,613,539,*TURFH,samantha.darin,2025-10-20 22:03:09+00:00
MAU-907_2017_B_04_dummy2.jpg,5/1/2017,Guam-CNMI,MAU-907,dummy2,828,164,*TURFH,samantha.darin,2025-10-20 22:03:09+00:00
MAU-907_2017_B_04_dummy2.jpg,5/1/2017,Guam-CNMI,MAU-907,dummy2,750,2903,*TURFH,samantha.darin,2025-10-20 22:03:09+00:00
MAU-907_2017_B_04_dummy2.jpg,5/1/2017,Guam-CNMI,MAU-907,dummy2,1182,2925,*TURFH,samantha.darin,2025-10-20 22:03:09+00:00
MAU-907_2017_B_04_dummy2.jpg,5/1/2017,Guam-CNMI,MAU-907,dummy2,886,3325,*TURFH,samantha.darin,2025-10-20 22:03:09+00:00
MAU-907_2017_B_04_dummy2.jpg,5/1/2017,Guam-CNMI,MAU-907,dummy2,1632,1518,*TURFH,samantha.darin,2025-10-20 22:03:09+00:00
MAU-907_2017_B_04_dummy2.jpg,5/1/2017,Guam-CNMI,MAU-907,dummy2,1598,3651,*TURFH,samantha.darin,2025-10-20 22:03:09+00:00
MAU-907_2017_B_04_dummy2.jpg,5/1/2017,Guam-CNMI,MAU-907,dummy2,2079,700,*TURFH,samantha.darin,2025-10-20 22:03:09+00:00
MAU-907_2017_B_04_dummy2.jpg,5/1/2017,Guam-CNMI,MAU-907,dummy2,2054,1035,*POCS,samantha.darin,2025-10-20 22:03:09+00:00
MAU-907_2017_B_04_dummy2.jpg,5/1/2017,Guam-CNMI,MAU-907,dummy2,2003,1062,*TURFH,samantha.darin,2025-10-20 22:03:09+00:00
MAU-951_2017_B_11_dummy2.jpg,5/1/2017,Guam-CNMI,MAU-951,dummy2,176,1166,*TURFH,samantha.darin,2025-10-20 22:08:25+00:00
MAU-951_2017_B_11_dummy2.jpg,5/1/2017,Guam-CNMI,MAU-951,dummy2,255,2413,*TURFH,samantha.darin,2025-10-20 22:08:25+00:00
MAU-951_2017_B_11_dummy2.jpg,5/1/2017,Guam-CNMI,MAU-951,dummy2,117,2856,*TURFH,samantha.darin,2025-10-20 22:08:25+00:00
MAU-951_2017_B_11_dummy2.jpg,5/1/2017,Guam-CNMI,MAU-951,dummy2,1454,668,*TURFH,samantha.darin,2025-10-20 22:08:25+00:00
MAU-951_2017_B_11_dummy2.jpg,5/1/2017,Guam-CNMI,MAU-951,dummy2,1253,632,*TURFH,samantha.darin,2025-10-20 22:08:25+00:00
MAU-951_2017_B_11_dummy2.jpg,5/1/2017,Guam-CNMI,MAU-951,dummy2,1603,1815,*TURFH,samantha.darin,2025-10-20 22:08:25+00:00
MAU-951_2017_B_11_dummy2.jpg,5/1/2017,Guam-CNMI,MAU-951,dummy2,1691,2464,*TURFH,samantha.darin,2025-10-20 22:08:25+00:00
MAU-951_2017_B_11_dummy2.jpg,5/1/2017,Guam-CNMI,MAU-951,dummy2,1718,3695,*PAMA,samantha.darin,2025-10-20 22:08:25+00:00
MAU-951_2017_B_11_dummy2.jpg,5/1/2017,Guam-CNMI,MAU-951,dummy2,2147,2654,*CCAH,samantha.darin,2025-10-20 22:08:25+00:00
MAU-951_2017_B_11_dummy2.jpg,5/1/2017,Guam-CNMI,MAU-951,dummy2,2538,3155,*TURFH,samantha.darin,2025-10-20 22:08:24+00:00
MAU-953_2017_B_11_dummy2.jpg,5/1/2017,Guam-CNMI,MAU-953,dummy2,190,1394,*TURFH,samantha.darin,2025-10-20 23:13:21+00:00
MAU-953_2017_B_11_dummy2.jpg,5/1/2017,Guam-CNMI,MAU-953,dummy2,213,969,*GONS,samantha.darin,2025-10-20 23:13:21+00:00
MAU-953_2017_B_11_dummy2.jpg,5/1/2017,Guam-CNMI,MAU-953,dummy2,160,2274,*TURFH,samantha.darin,2025-10-20 23:13:21+00:00
MAU-953_2017_B_11_dummy2.jpg,5/1/2017,Guam-CNMI,MAU-953,dummy2,909,3884,*TURFH,samantha.darin,2025-10-20 23:13:21+00:00
MAU-953_2017_B_11_dummy2.jpg,5/1/2017,Guam-CNMI,MAU-953,dummy2,1676,601,*CCAH,samantha.darin,2025-10-20 23:13:21+00:00
MAU-953_2017_B_11_dummy2.jpg,5/1/2017,Guam-CNMI,MAU-953,dummy2,1732,924,*BGMA,samantha.darin,2025-10-20 23:13:21+00:00
MAU-953_2017_B_11_dummy2.jpg,5/1/2017,Guam-CNMI,MAU-953,dummy2,2117,250,*SHAD,samantha.darin,2025-10-20 23:13:21+00:00
MAU-953_2017_B_11_dummy2.jpg,5/1/2017,Guam-CNMI,MAU-953,dummy2,2022,3129,*BGMA,samantha.darin,2025-10-20 23:13:21+00:00
MAU-953_2017_B_11_dummy2.jpg,5/1/2017,Guam-CNMI,MAU-953,dummy2,2711,2338,*BGMA,samantha.darin,2025-10-20 23:13:21+00:00
MAU-953_2017_B_11_dummy2.jpg,5/1/2017,Guam-CNMI,MAU-953,dummy2,2940,3964,*POMA,samantha.darin,2025-10-20 23:13:21+00:00
MAU-994_2017_B_06_dummy2.jpg,5/1/2017,Guam-CNMI,MAU-994,dummy2,337,961,*TURFH,samantha.darin,2025-10-20 23:33:03+00:00
MAU-994_2017_B_06_dummy2.jpg,5/1/2017,Guam-CNMI,MAU-994,dummy2,1227,2225,*TURFH,samantha.darin,2025-10-20 23:33:03+00:00
MAU-994_2017_B_06_dummy2.jpg,5/1/2017,Guam-CNMI,MAU-994,dummy2,1382,2402,*TURFH,samantha.darin,2025-10-20 23:33:03+00:00
MAU-994_2017_B_06_dummy2.jpg,5/1/2017,Guam-CNMI,MAU-994,dummy2,1822,2951,*TURFH,samantha.darin,2025-10-20 23:33:02+00:00
MAU-994_2017_B_06_dummy2.jpg,5/1/2017,Guam-CNMI,MAU-994,dummy2,1763,2943,*TURFH,samantha.darin,2025-10-20 23:33:02+00:00
MAU-994_2017_B_06_dummy2.jpg,5/1/2017,Guam-CNMI,MAU-994,dummy2,2520,2931,*TURFH,samantha.darin,2025-10-20 23:33:02+00:00
MAU-994_2017_B_06_dummy2.jpg,5/1/2017,Guam-CNMI,MAU-994,dummy2,2508,2876,*TURFH,samantha.darin,2025-10-20 23:33:02+00:00
MAU-994_2017_B_06_dummy2.jpg,5/1/2017,Guam-CNMI,MAU-994,dummy2,3674,387,*TURFH,samantha.darin,2025-10-20 23:33:02+00:00
MAU-994_2017_B_06_dummy2.jpg,5/1/2017,Guam-CNMI,MAU-994,dummy2,3375,1192,*TURFH,samantha.darin,2025-10-20 23:33:02+00:00
MAU-994_2017_B_06_dummy2.jpg,5/1/2017,Guam-CNMI,MAU-994,dummy2,3266,2441,*PESP,samantha.darin,2025-10-20 23:33:02+00:00
MAU-997_2017_A_01_dummy2.jpg,5/1/2017,Guam-CNMI,MAU-997,dummy2,492,965,*TURFH,samantha.darin,2025-10-20 23:42:11+00:00
MAU-997_2017_A_01_dummy2.jpg,5/1/2017,Guam-CNMI,MAU-997,dummy2,554,1292,*LEPT,samantha.darin,2025-10-20 23:42:11+00:00
MAU-997_2017_A_01_dummy2.jpg,5/1/2017,Guam-CNMI,MAU-997,dummy2,206,1419,*TURFH,samantha.darin,2025-10-20 23:42:11+00:00
MAU-997_2017_A_01_dummy2.jpg,5/1/2017,Guam-CNMI,MAU-997,dummy2,1620,47,*TURFH,samantha.darin,2025-10-20 23:42:11+00:00
MAU-997_2017_A_01_dummy2.jpg,5/1/2017,Guam-CNMI,MAU-997,dummy2,1450,1707,*GRMA,samantha.darin,2025-10-20 23:42:11+00:00
MAU-997_2017_A_01_dummy2.jpg,5/1/2017,Guam-CNMI,MAU-997,dummy2,1308,3768,*TURFH,samantha.darin,2025-10-20 23:42:11+00:00
MAU-997_2017_A_01_dummy2.jpg,5/1/2017,Guam-CNMI,MAU-997,dummy2,2135,858,*SHAD,samantha.darin,2025-10-20 23:42:11+00:00
MAU-997_2017_A_01_dummy2.jpg,5/1/2017,Guam-CNMI,MAU-997,dummy2,2738,158,*TURFH,samantha.darin,2025-10-20 23:42:11+00:00
MAU-997_2017_A_01_dummy2.jpg,5/1/2017,Guam-CNMI,MAU-997,dummy2,2590,2024,*TURFH,samantha.darin,2025-10-20 23:42:10+00:00
MAU-997_2017_A_01_dummy2.jpg,5/1/2017,Guam-CNMI,MAU-997,dummy2,2677,2995,*TURFH,samantha.darin,2025-10-20 23:42:10+00:00
PAG-631_2017_A_17_dummy2.jpg,5/1/2017,Guam-CNMI,PAG-631,dummy2,505,573,*TURFH,samantha.darin,2025-10-20 23:45:22+00:00
PAG-631_2017_A_17_dummy2.jpg,5/1/2017,Guam-CNMI,PAG-631,dummy2,72,3147,*TURFH,samantha.darin,2025-10-20 23:45:22+00:00
PAG-631_2017_A_17_dummy2.jpg,5/1/2017,Guam-CNMI,PAG-631,dummy2,878,2275,*TURFH,samantha.darin,2025-10-20 23:45:22+00:00
PAG-631_2017_A_17_dummy2.jpg,5/1/2017,Guam-CNMI,PAG-631,dummy2,1377,4016,*TURFH,samantha.darin,2025-10-20 23:45:22+00:00
PAG-631_2017_A_17_dummy2.jpg,5/1/2017,Guam-CNMI,PAG-631,dummy2,2786,2663,*TURFH,samantha.darin,2025-10-20 23:45:22+00:00
PAG-631_2017_A_17_dummy2.jpg,5/1/2017,Guam-CNMI,PAG-631,dummy2,2956,852,*TURFH,samantha.darin,2025-10-20 23:45:22+00:00
PAG-631_2017_A_17_dummy2.jpg,5/1/2017,Guam-CNMI,PAG-631,dummy2,3501,916,*TURFH,samantha.darin,2025-10-20 23:45:22+00:00
PAG-631_2017_A_17_dummy2.jpg,5/1/2017,Guam-CNMI,PAG-631,dummy2,3158,1186,*TURFH,samantha.darin,2025-10-20 23:45:22+00:00
PAG-631_2017_A_17_dummy2.jpg,5/1/2017,Guam-CNMI,PAG-631,dummy2,3578,3577,*TURFH,samantha.darin,2025-10-20 23:45:22+00:00
PAG-631_2017_A_17_dummy2.jpg,5/1/2017,Guam-CNMI,PAG-631,dummy2,3214,3584,*CCAH,samantha.darin,2025-10-20 23:45:22+00:00
PAG-636_2017_A_09_dummy2.jpg,5/1/2017,Guam-CNMI,PAG-636,dummy2,382,461,*USC,samantha.darin,2025-10-20 23:54:11+00:00
PAG-636_2017_A_09_dummy2.jpg,5/1/2017,Guam-CNMI,PAG-636,dummy2,128,1817,*TURFH,samantha.darin,2025-10-20 23:54:11+00:00
PAG-636_2017_A_09_dummy2.jpg,5/1/2017,Guam-CNMI,PAG-636,dummy2,771,792,*TURFH,samantha.darin,2025-10-20 23:54:11+00:00
PAG-636_2017_A_09_dummy2.jpg,5/1/2017,Guam-CNMI,PAG-636,dummy2,841,1051,*TURFH,samantha.darin,2025-10-20 23:54:10+00:00
PAG-636_2017_A_09_dummy2.jpg,5/1/2017,Guam-CNMI,PAG-636,dummy2,1035,2409,*EMA,samantha.darin,2025-10-20 23:54:10+00:00
PAG-636_2017_A_09_dummy2.jpg,5/1/2017,Guam-CNMI,PAG-636,dummy2,1576,2199,*EMA,samantha.darin,2025-10-20 23:54:10+00:00
PAG-636_2017_A_09_dummy2.jpg,5/1/2017,Guam-CNMI,PAG-636,dummy2,1441,2973,*LESP,samantha.darin,2025-10-20 23:54:10+00:00
PAG-636_2017_A_09_dummy2.jpg,5/1/2017,Guam-CNMI,PAG-636,dummy2,1398,3542,*TURFH,samantha.darin,2025-10-20 23:54:10+00:00
PAG-636_2017_A_09_dummy2.jpg,5/1/2017,Guam-CNMI,PAG-636,dummy2,1320,3409,*TURFH,samantha.darin,2025-10-20 23:54:10+00:00
PAG-636_2017_A_09_dummy2.jpg,5/1/2017,Guam-CNMI,PAG-636,dummy2,2390,3431,*LESP,samantha.darin,2025-10-20 23:54:10+00:00
PAG-639_2017_A_24_dummy2.jpg,5/1/2017,Guam-CNMI,PAG-639,dummy2,1096,2205,*EMA,samantha.darin,2025-10-20 23:59:59+00:00
PAG-639_2017_A_24_dummy2.jpg,5/1/2017,Guam-CNMI,PAG-639,dummy2,1658,1310,*TURFH,samantha.darin,2025-10-20 23:59:59+00:00
PAG-639_2017_A_24_dummy2.jpg,5/1/2017,Guam-CNMI,PAG-639,dummy2,1764,2774,*PAEN,samantha.darin,2025-10-20 23:59:59+00:00
PAG-639_2017_A_24_dummy2.jpg,5/1/2017,Guam-CNMI,PAG-639,dummy2,1836,560,*TURFH,samantha.darin,2025-10-20 23:59:59+00:00
PAG-639_2017_A_24_dummy2.jpg,5/1/2017,Guam-CNMI,PAG-639,dummy2,2374,1239,*TURFH,samantha.darin,2025-10-20 23:59:59+00:00
PAG-639_2017_A_24_dummy2.jpg,5/1/2017,Guam-CNMI,PAG-639,dummy2,2370,2270,*TURFH,samantha.darin,2025-10-20 23:59:59+00:00
PAG-639_2017_A_24_dummy2.jpg,5/1/2017,Guam-CNMI,PAG-639,dummy2,2376,1882,*TURFH,samantha.darin,2025-10-20 23:59:59+00:00
PAG-639_2017_A_24_dummy2.jpg,5/1/2017,Guam-CNMI,PAG-639,dummy2,2105,2551,*POMA,samantha.darin,2025-10-20 23:59:59+00:00
PAG-639_2017_A_24_dummy2.jpg,5/1/2017,Guam-CNMI,PAG-639,dummy2,2095,3240,*TURFH,samantha.darin,2025-10-20 23:59:59+00:00
PAG-639_2017_A_24_dummy2.jpg,5/1/2017,Guam-CNMI,PAG-639,dummy2,2550,45,*TURFH,samantha.darin,2025-10-20 23:59:58+00:00
PAG-642_2017_A_26_dummy2.jpg,5/1/2017,Guam-CNMI,PAG-642,dummy2,614,582,*GONS,samantha.darin,2025-10-21 00:02:41+00:00
PAG-642_2017_A_26_dummy2.jpg,5/1/2017,Guam-CNMI,PAG-642,dummy2,278,2809,*SHAD,samantha.darin,2025-10-21 00:02:41+00:00
PAG-642_2017_A_26_dummy2.jpg,5/1/2017,Guam-CNMI,PAG-642,dummy2,634,2911,*SHAD,samantha.darin,2025-10-21 00:02:41+00:00
PAG-642_2017_A_26_dummy2.jpg,5/1/2017,Guam-CNMI,PAG-642,dummy2,1127,923,*TURFH,samantha.darin,2025-10-21 00:02:41+00:00
PAG-642_2017_A_26_dummy2.jpg,5/1/2017,Guam-CNMI,PAG-642,dummy2,1931,1149,*TURFH,samantha.darin,2025-10-21 00:02:40+00:00
PAG-642_2017_A_26_dummy2.jpg,5/1/2017,Guam-CNMI,PAG-642,dummy2,2121,2527,*TURFH,samantha.darin,2025-10-21 00:02:40+00:00
PAG-642_2017_A_26_dummy2.jpg,5/1/2017,Guam-CNMI,PAG-642,dummy2,2711,909,*POCS,samantha.darin,2025-10-21 00:02:40+00:00
PAG-642_2017_A_26_dummy2.jpg,5/1/2017,Guam-CNMI,PAG-642,dummy2,3152,2127,*POCS,samantha.darin,2025-10-21 00:02:40+00:00
PAG-642_2017_A_26_dummy2.jpg,5/1/2017,Guam-CNMI,PAG-642,dummy2,2494,2501,*TURFH,samantha.darin,2025-10-21 00:02:40+00:00
PAG-642_2017_A_26_dummy2.jpg,5/1/2017,Guam-CNMI,PAG-642,dummy2,3856,868,*MOEN,samantha.darin,2025-10-21 00:02:40+00:00
PAG-655_2017_A_12_dummy2.jpg,5/1/2017,Guam-CNMI,PAG-655,dummy2,697,2708,*TURFH,samantha.darin,2025-10-21 00:02:59+00:00
PAG-655_2017_A_12_dummy2.jpg,5/1/2017,Guam-CNMI,PAG-655,dummy2,1822,385,*TURFH,samantha.darin,2025-10-21 18:59:40+00:00
PAG-655_2017_A_12_dummy2.jpg,5/1/2017,Guam-CNMI,PAG-655,dummy2,1877,3158,*TURFH,samantha.darin,2025-10-21 18:59:39+00:00
PAG-655_2017_A_12_dummy2.jpg,5/1/2017,Guam-CNMI,PAG-655,dummy2,2003,3451,*TURFH,samantha.darin,2025-10-21 18:59:39+00:00
PAG-655_2017_A_12_dummy2.jpg,5/1/2017,Guam-CNMI,PAG-655,dummy2,1948,3945,*TURFH,samantha.darin,2025-10-21 18:59:39+00:00
PAG-655_2017_A_12_dummy2.jpg,5/1/2017,Guam-CNMI,PAG-655,dummy2,2455,3153,*POCS,samantha.darin,2025-10-21 18:59:39+00:00
PAG-655_2017_A_12_dummy2.jpg,5/1/2017,Guam-CNMI,PAG-655,dummy2,3300,1809,*TURFH,samantha.darin,2025-10-21 18:59:39+00:00
PAG-655_2017_A_12_dummy2.jpg,5/1/2017,Guam-CNMI,PAG-655,dummy2,3282,1581,*TURFH,samantha.darin,2025-10-21 18:59:39+00:00
PAG-655_2017_A_12_dummy2.jpg,5/1/2017,Guam-CNMI,PAG-655,dummy2,2984,1178,*TURFH,samantha.darin,2025-10-21 18:59:39+00:00
PAG-655_2017_A_12_dummy2.jpg,5/1/2017,Guam-CNMI,PAG-655,dummy2,3209,4927,*TURFH,samantha.darin,2025-10-21 18:59:39+00:00
PAG-671_2017_A_27_dummy2.jpg,5/1/2017,Guam-CNMI,PAG-671,dummy2,679,630,*TURFH,samantha.darin,2025-10-21 19:03:23+00:00
PAG-671_2017_A_27_dummy2.jpg,5/1/2017,Guam-CNMI,PAG-671,dummy2,1454,1773,*FASP,samantha.darin,2025-10-21 19:03:23+00:00
PAG-671_2017_A_27_dummy2.jpg,5/1/2017,Guam-CNMI,PAG-671,dummy2,1498,271,*FASP,samantha.darin,2025-10-21 19:03:23+00:00
PAG-671_2017_A_27_dummy2.jpg,5/1/2017,Guam-CNMI,PAG-671,dummy2,2011,2464,*FASP,samantha.darin,2025-10-21 19:03:23+00:00
PAG-671_2017_A_27_dummy2.jpg,5/1/2017,Guam-CNMI,PAG-671,dummy2,1763,3547,*TURFH,samantha.darin,2025-10-21 19:03:23+00:00
PAG-671_2017_A_27_dummy2.jpg,5/1/2017,Guam-CNMI,PAG-671,dummy2,1519,5308,*TURFH,samantha.darin,2025-10-21 19:03:23+00:00
PAG-671_2017_A_27_dummy2.jpg,5/1/2017,Guam-CNMI,PAG-671,dummy2,2252,2373,*FASP,samantha.darin,2025-10-21 19:03:23+00:00
PAG-671_2017_A_27_dummy2.jpg,5/1/2017,Guam-CNMI,PAG-671,dummy2,2573,2397,*FASP,samantha.darin,2025-10-21 19:03:23+00:00
PAG-671_2017_A_27_dummy2.jpg,5/1/2017,Guam-CNMI,PAG-671,dummy2,3403,1407,*CYPS,samantha.darin,2025-10-21 19:03:23+00:00
PAG-671_2017_A_27_dummy2.jpg,5/1/2017,Guam-CNMI,PAG-671,dummy2,3508,2323,*TURFH,samantha.darin,2025-10-21 19:03:23+00:00
PAG-693_2017_A_19_dummy2.jpg,5/1/2017,Guam-CNMI,PAG-693,dummy2,294,596,*PLSP,samantha.darin,2025-10-21 19:17:47+00:00
PAG-693_2017_A_19_dummy2.jpg,5/1/2017,Guam-CNMI,PAG-693,dummy2,510,2748,*TURFH,samantha.darin,2025-10-21 19:17:47+00:00
PAG-693_2017_A_19_dummy2.jpg,5/1/2017,Guam-CNMI,PAG-693,dummy2,413,3902,*TURFH,samantha.darin,2025-10-21 19:17:47+00:00
PAG-693_2017_A_19_dummy2.jpg,5/1/2017,Guam-CNMI,PAG-693,dummy2,609,3858,*TURFH,samantha.darin,2025-10-21 19:17:47+00:00
PAG-693_2017_A_19_dummy2.jpg,5/1/2017,Guam-CNMI,PAG-693,dummy2,1443,1280,*BGMA,samantha.darin,2025-10-21 19:17:47+00:00
PAG-693_2017_A_19_dummy2.jpg,5/1/2017,Guam-CNMI,PAG-693,dummy2,1455,1847,*POMA,samantha.darin,2025-10-21 19:17:46+00:00
PAG-693_2017_A_19_dummy2.jpg,5/1/2017,Guam-CNMI,PAG-693,dummy2,1219,2856,*FASP,samantha.darin,2025-10-21 19:17:46+00:00
PAG-693_2017_A_19_dummy2.jpg,5/1/2017,Guam-CNMI,PAG-693,dummy2,1467,2498,*TURFH,samantha.darin,2025-10-21 19:17:46+00:00
PAG-693_2017_A_19_dummy2.jpg,5/1/2017,Guam-CNMI,PAG-693,dummy2,2978,866,*TURFH,samantha.darin,2025-10-21 19:17:46+00:00
PAG-693_2017_A_19_dummy2.jpg,5/1/2017,Guam-CNMI,PAG-693,dummy2,2726,3735,*TURFH,samantha.darin,2025-10-21 19:17:46+00:00
PAG-713_2017_A_05_dummy2.jpg,5/1/2017,Guam-CNMI,PAG-713,dummy2,533,608,*TURFR,samantha.darin,2025-10-21 19:19:00+00:00
PAG-713_2017_A_05_dummy2.jpg,5/1/2017,Guam-CNMI,PAG-713,dummy2,536,1507,*BGMA,samantha.darin,2025-10-21 19:19:00+00:00
PAG-713_2017_A_05_dummy2.jpg,5/1/2017,Guam-CNMI,PAG-713,dummy2,1615,1896,*BGMA,samantha.darin,2025-10-21 19:19:00+00:00
PAG-713_2017_A_05_dummy2.jpg,5/1/2017,Guam-CNMI,PAG-713,dummy2,1968,2403,*BGMA,samantha.darin,2025-10-21 19:19:00+00:00
PAG-713_2017_A_05_dummy2.jpg,5/1/2017,Guam-CNMI,PAG-713,dummy2,1869,2827,*TURFH,samantha.darin,2025-10-21 19:19:00+00:00
PAG-713_2017_A_05_dummy2.jpg,5/1/2017,Guam-CNMI,PAG-713,dummy2,1856,2924,*CCAH,samantha.darin,2025-10-21 19:19:00+00:00
PAG-713_2017_A_05_dummy2.jpg,5/1/2017,Guam-CNMI,PAG-713,dummy2,2345,386,*BGMA,samantha.darin,2025-10-21 19:19:00+00:00
PAG-713_2017_A_05_dummy2.jpg,5/1/2017,Guam-CNMI,PAG-713,dummy2,3496,258,*BGMA,samantha.darin,2025-10-21 19:19:00+00:00
PAG-713_2017_A_05_dummy2.jpg,5/1/2017,Guam-CNMI,PAG-713,dummy2,3381,1826,*TURFH,samantha.darin,2025-10-21 19:19:00+00:00
PAG-713_2017_A_05_dummy2.jpg,5/1/2017,Guam-CNMI,PAG-713,dummy2,3281,5038,*TURFH,samantha.darin,2025-10-21 19:19:00+00:00
PAG-732_2017_A_02_dummy2.jpg,5/1/2017,Guam-CNMI,PAG-732,dummy2,106,821,*TURFH,samantha.darin,2025-10-21 19:19:48+00:00
PAG-732_2017_A_02_dummy2.jpg,5/1/2017,Guam-CNMI,PAG-732,dummy2,7,2588,*BGMA,samantha.darin,2025-10-21 19:19:48+00:00
PAG-732_2017_A_02_dummy2.jpg,5/1/2017,Guam-CNMI,PAG-732,dummy2,1558,2082,*TURFH,samantha.darin,2025-10-21 19:19:48+00:00
PAG-732_2017_A_02_dummy2.jpg,5/1/2017,Guam-CNMI,PAG-732,dummy2,1762,3191,*TURFH,samantha.darin,2025-10-21 19:19:48+00:00
PAG-732_2017_A_02_dummy2.jpg,5/1/2017,Guam-CNMI,PAG-732,dummy2,1685,2715,*SAND,samantha.darin,2025-10-21 19:19:48+00:00
PAG-732_2017_A_02_dummy2.jpg,5/1/2017,Guam-CNMI,PAG-732,dummy2,1745,2414,*SAND,samantha.darin,2025-10-21 19:19:47+00:00
PAG-732_2017_A_02_dummy2.jpg,5/1/2017,Guam-CNMI,PAG-732,dummy2,2303,17,*TURFH,samantha.darin,2025-10-21 19:19:47+00:00
PAG-732_2017_A_02_dummy2.jpg,5/1/2017,Guam-CNMI,PAG-732,dummy2,2106,2146,*TURFH,samantha.darin,2025-10-21 19:19:47+00:00
PAG-732_2017_A_02_dummy2.jpg,5/1/2017,Guam-CNMI,PAG-732,dummy2,2586,2697,*ASPP,samantha.darin,2025-10-21 19:19:47+00:00
PAG-732_2017_A_02_dummy2.jpg,5/1/2017,Guam-CNMI,PAG-732,dummy2,2472,2880,*UPMA,samantha.darin,2025-10-21 19:20:07+00:00
PAG-747_2017_A_25_dummy2.jpg,5/1/2017,Guam-CNMI,PAG-747,dummy2,588,20,*TURFH,samantha.darin,2025-10-21 19:21:10+00:00
PAG-747_2017_A_25_dummy2.jpg,5/1/2017,Guam-CNMI,PAG-747,dummy2,693,5060,*TURFH,samantha.darin,2025-10-21 19:21:10+00:00
PAG-747_2017_A_25_dummy2.jpg,5/1/2017,Guam-CNMI,PAG-747,dummy2,1787,996,*PAEN,samantha.darin,2025-10-21 19:21:10+00:00
PAG-747_2017_A_25_dummy2.jpg,5/1/2017,Guam-CNMI,PAG-747,dummy2,1543,1245,*TURFH,samantha.darin,2025-10-21 19:21:10+00:00
PAG-747_2017_A_25_dummy2.jpg,5/1/2017,Guam-CNMI,PAG-747,dummy2,1846,4951,*TURFH,samantha.darin,2025-10-21 19:21:10+00:00
PAG-747_2017_A_25_dummy2.jpg,5/1/2017,Guam-CNMI,PAG-747,dummy2,2683,587,*POMA,samantha.darin,2025-10-21 19:21:10+00:00
PAG-747_2017_A_25_dummy2.jpg,5/1/2017,Guam-CNMI,PAG-747,dummy2,2597,1726,*PLSP,samantha.darin,2025-10-21 21:45:22+00:00
PAG-747_2017_A_25_dummy2.jpg,5/1/2017,Guam-CNMI,PAG-747,dummy2,2546,5157,*TURFH,samantha.darin,2025-10-21 21:45:22+00:00
PAG-747_2017_A_25_dummy2.jpg,5/1/2017,Guam-CNMI,PAG-747,dummy2,2387,4759,*TURFH,samantha.darin,2025-10-21 21:45:22+00:00
PAG-747_2017_A_25_dummy2.jpg,5/1/2017,Guam-CNMI,PAG-747,dummy2,3521,916,*CYPS,samantha.darin,2025-10-21 21:45:22+00:00
PAG-836_2017_A_15_dummy2.jpg,5/1/2017,Guam-CNMI,PAG-836,dummy2,757,465,*POCS,samantha.darin,2025-10-21 21:46:26+00:00
PAG-836_2017_A_15_dummy2.jpg,5/1/2017,Guam-CNMI,PAG-836,dummy2,104,1394,*POEN,samantha.darin,2025-10-21 21:46:26+00:00
PAG-836_2017_A_15_dummy2.jpg,5/1/2017,Guam-CNMI,PAG-836,dummy2,1498,2567,*CCAH,samantha.darin,2025-10-21 21:46:26+00:00
PAG-836_2017_A_15_dummy2.jpg,5/1/2017,Guam-CNMI,PAG-836,dummy2,1674,2131,*TURFH,samantha.darin,2025-10-21 21:46:26+00:00
PAG-836_2017_A_15_dummy2.jpg,5/1/2017,Guam-CNMI,PAG-836,dummy2,2700,333,*CCAH,samantha.darin,2025-10-21 21:46:26+00:00
PAG-836_2017_A_15_dummy2.jpg,5/1/2017,Guam-CNMI,PAG-836,dummy2,2640,1471,*TURFH,samantha.darin,2025-10-21 21:46:26+00:00
PAG-836_2017_A_15_dummy2.jpg,5/1/2017,Guam-CNMI,PAG-836,dummy2,2492,2714,*TURFH,samantha.darin,2025-10-21 21:46:26+00:00
PAG-836_2017_A_15_dummy2.jpg,5/1/2017,Guam-CNMI,PAG-836,dummy2,3613,336,*TURFH,samantha.darin,2025-10-21 21:46:26+00:00
PAG-836_2017_A_15_dummy2.jpg,5/1/2017,Guam-CNMI,PAG-836,dummy2,3795,1758,*TURFH,samantha.darin,2025-10-21 21:46:26+00:00
PAG-836_2017_A_15_dummy2.jpg,5/1/2017,Guam-CNMI,PAG-836,dummy2,3374,1490,*TURFH,samantha.darin,2025-10-21 21:46:26+00:00
PAG-886_2017_A_13_dummy2.jpg,5/1/2017,Guam-CNMI,PAG-886,dummy2,42,612,*TURFH,samantha.darin,2025-10-21 21:53:55+00:00
PAG-886_2017_A_13_dummy2.jpg,5/1/2017,Guam-CNMI,PAG-886,dummy2,137,954,*TURFH,samantha.darin,2025-10-21 21:53:55+00:00
PAG-886_2017_A_13_dummy2.jpg,5/1/2017,Guam-CNMI,PAG-886,dummy2,599,1972,*PAMA,samantha.darin,2025-10-21 21:53:55+00:00
PAG-886_2017_A_13_dummy2.jpg,5/1/2017,Guam-CNMI,PAG-886,dummy2,691,2049,*PAMA,samantha.darin,2025-10-21 21:53:55+00:00
PAG-886_2017_A_13_dummy2.jpg,5/1/2017,Guam-CNMI,PAG-886,dummy2,1527,891,*BGMA,samantha.darin,2025-10-21 21:53:55+00:00
PAG-886_2017_A_13_dummy2.jpg,5/1/2017,Guam-CNMI,PAG-886,dummy2,2341,155,*BGMA,samantha.darin,2025-10-21 21:53:55+00:00
PAG-886_2017_A_13_dummy2.jpg,5/1/2017,Guam-CNMI,PAG-886,dummy2,1674,1250,*TURFH,samantha.darin,2025-10-21 21:53:55+00:00
PAG-886_2017_A_13_dummy2.jpg,5/1/2017,Guam-CNMI,PAG-886,dummy2,1981,2303,*PAMA,samantha.darin,2025-10-21 21:53:55+00:00
PAG-886_2017_A_13_dummy2.jpg,5/1/2017,Guam-CNMI,PAG-886,dummy2,3550,14,*TURFH,samantha.darin,2025-10-21 21:53:55+00:00
PAG-886_2017_A_13_dummy2.jpg,5/1/2017,Guam-CNMI,PAG-886,dummy2,3609,1558,*PAEN,samantha.darin,2025-10-21 21:53:55+00:00
PAG-891_2017_B_04_dummy2.jpg,5/1/2017,Guam-CNMI,PAG-891,dummy2,14,1264,*CCAH,samantha.darin,2025-10-21 21:55:37+00:00
PAG-891_2017_B_04_dummy2.jpg,5/1/2017,Guam-CNMI,PAG-891,dummy2,470,3109,*TURFH,samantha.darin,2025-10-21 21:55:37+00:00
PAG-891_2017_B_04_dummy2.jpg,5/1/2017,Guam-CNMI,PAG-891,dummy2,173,3190,*TURFH,samantha.darin,2025-10-21 21:55:37+00:00
PAG-891_2017_B_04_dummy2.jpg,5/1/2017,Guam-CNMI,PAG-891,dummy2,1730,241,*TURFH,samantha.darin,2025-10-21 21:55:37+00:00
PAG-891_2017_B_04_dummy2.jpg,5/1/2017,Guam-CNMI,PAG-891,dummy2,1672,375,*TURFH,samantha.darin,2025-10-21 21:55:37+00:00
PAG-891_2017_B_04_dummy2.jpg,5/1/2017,Guam-CNMI,PAG-891,dummy2,1478,510,*TURFH,samantha.darin,2025-10-21 21:55:37+00:00
PAG-891_2017_B_04_dummy2.jpg,5/1/2017,Guam-CNMI,PAG-891,dummy2,1606,364,*TURFH,samantha.darin,2025-10-21 21:55:37+00:00
PAG-891_2017_B_04_dummy2.jpg,5/1/2017,Guam-CNMI,PAG-891,dummy2,1584,1733,*PAEN,samantha.darin,2025-10-21 21:55:37+00:00
PAG-891_2017_B_04_dummy2.jpg,5/1/2017,Guam-CNMI,PAG-891,dummy2,2108,3493,*TURFH,samantha.darin,2025-10-21 21:55:37+00:00
PAG-891_2017_B_04_dummy2.jpg,5/1/2017,Guam-CNMI,PAG-891,dummy2,2826,1455,*TURFH,samantha.darin,2025-10-21 21:55:37+00:00
PAG-899_2017_B_03_dummy2.jpg,5/1/2017,Guam-CNMI,PAG-899,dummy2,340,3006,*TURFH,samantha.darin,2025-10-21 21:56:21+00:00
PAG-899_2017_B_03_dummy2.jpg,5/1/2017,Guam-CNMI,PAG-899,dummy2,732,61,*TURFH,samantha.darin,2025-10-21 21:56:21+00:00
PAG-899_2017_B_03_dummy2.jpg,5/1/2017,Guam-CNMI,PAG-899,dummy2,1102,1212,*TURFH,samantha.darin,2025-10-21 21:56:21+00:00
PAG-899_2017_B_03_dummy2.jpg,5/1/2017,Guam-CNMI,PAG-899,dummy2,2301,669,*TURFH,samantha.darin,2025-10-21 21:56:21+00:00
PAG-899_2017_B_03_dummy2.jpg,5/1/2017,Guam-CNMI,PAG-899,dummy2,1837,69,*TURFH,samantha.darin,2025-10-21 21:56:21+00:00
PAG-899_2017_B_03_dummy2.jpg,5/1/2017,Guam-CNMI,PAG-899,dummy2,2373,1392,*ASPP,samantha.darin,2025-10-21 21:56:21+00:00
PAG-899_2017_B_03_dummy2.jpg,5/1/2017,Guam-CNMI,PAG-899,dummy2,1883,2380,*POMA,samantha.darin,2025-10-21 21:56:21+00:00
PAG-899_2017_B_03_dummy2.jpg,5/1/2017,Guam-CNMI,PAG-899,dummy2,2039,2893,*TURFH,samantha.darin,2025-10-21 21:56:21+00:00
PAG-899_2017_B_03_dummy2.jpg,5/1/2017,Guam-CNMI,PAG-899,dummy2,2733,87,*TURFH,samantha.darin,2025-10-21 21:56:21+00:00
PAG-899_2017_B_03_dummy2.jpg,5/1/2017,Guam-CNMI,PAG-899,dummy2,2762,2871,*CCAH,samantha.darin,2025-10-21 21:56:21+00:00
PAG-997_2017_A_04_dummy2.jpg,5/1/2017,Guam-CNMI,PAG-997,dummy2,732,1414,*TURFH,samantha.darin,2025-10-21 21:58:22+00:00
PAG-997_2017_A_04_dummy2.jpg,5/1/2017,Guam-CNMI,PAG-997,dummy2,1287,1503,*FASP,samantha.darin,2025-10-21 21:58:22+00:00
PAG-997_2017_A_04_dummy2.jpg,5/1/2017,Guam-CNMI,PAG-997,dummy2,1022,2771,*TURFH,samantha.darin,2025-10-21 21:58:22+00:00
PAG-997_2017_A_04_dummy2.jpg,5/1/2017,Guam-CNMI,PAG-997,dummy2,1201,2825,*TURFH,samantha.darin,2025-10-21 21:58:22+00:00
PAG-997_2017_A_04_dummy2.jpg,5/1/2017,Guam-CNMI,PAG-997,dummy2,1678,921,*TURFH,samantha.darin,2025-10-21 21:58:22+00:00
PAG-997_2017_A_04_dummy2.jpg,5/1/2017,Guam-CNMI,PAG-997,dummy2,2845,1379,*SHAD,samantha.darin,2025-10-21 21:58:22+00:00
PAG-997_2017_A_04_dummy2.jpg,5/1/2017,Guam-CNMI,PAG-997,dummy2,2944,1960,*CCAH,samantha.darin,2025-10-21 21:58:22+00:00
PAG-997_2017_A_04_dummy2.jpg,5/1/2017,Guam-CNMI,PAG-997,dummy2,3656,77,*TURFH,samantha.darin,2025-10-21 21:58:22+00:00
PAG-997_2017_A_04_dummy2.jpg,5/1/2017,Guam-CNMI,PAG-997,dummy2,3774,1893,*TURFH,samantha.darin,2025-10-21 21:58:22+00:00
PAG-997_2017_A_04_dummy2.jpg,5/1/2017,Guam-CNMI,PAG-997,dummy2,3327,2318,*CCAH,samantha.darin,2025-10-21 21:58:22+00:00
ROT-830_IMG_1861_dummy2.jpg,6/1/2022,Guam-CNMI,ROT-830,dummy2,829,410,*PESP,samantha.darin,2025-10-21 22:00:18+00:00
ROT-830_IMG_1861_dummy2.jpg,6/1/2022,Guam-CNMI,ROT-830,dummy2,2093,651,*PESP,samantha.darin,2025-10-21 22:00:18+00:00
ROT-830_IMG_1861_dummy2.jpg,6/1/2022,Guam-CNMI,ROT-830,dummy2,2114,2782,*GONS,samantha.darin,2025-10-21 22:00:18+00:00
ROT-830_IMG_1861_dummy2.jpg,6/1/2022,Guam-CNMI,ROT-830,dummy2,2554,131,*TURFH,samantha.darin,2025-10-21 22:00:18+00:00
ROT-830_IMG_1861_dummy2.jpg,6/1/2022,Guam-CNMI,ROT-830,dummy2,2675,728,*BGMA,samantha.darin,2025-10-21 22:00:18+00:00
ROT-830_IMG_1861_dummy2.jpg,6/1/2022,Guam-CNMI,ROT-830,dummy2,2223,760,*CCAH,samantha.darin,2025-10-21 22:00:18+00:00
ROT-830_IMG_1861_dummy2.jpg,6/1/2022,Guam-CNMI,ROT-830,dummy2,2933,2313,*GONS,samantha.darin,2025-10-21 22:00:18+00:00
ROT-830_IMG_1861_dummy2.jpg,6/1/2022,Guam-CNMI,ROT-830,dummy2,2868,3499,*TURFH,samantha.darin,2025-10-21 22:00:18+00:00
ROT-830_IMG_1861_dummy2.jpg,6/1/2022,Guam-CNMI,ROT-830,dummy2,3600,1240,*TURFH,samantha.darin,2025-10-21 22:00:18+00:00
ROT-830_IMG_1861_dummy2.jpg,6/1/2022,Guam-CNMI,ROT-830,dummy2,3521,2632,*SHAD,samantha.darin,2025-10-21 22:00:18+00:00
ROT-840_IMG_1799_dummy2.jpg,6/1/2022,Guam-CNMI,ROT-840,dummy2,476,335,*TURFH,samantha.darin,2025-10-21 22:01:39+00:00
ROT-840_IMG_1799_dummy2.jpg,6/1/2022,Guam-CNMI,ROT-840,dummy2,568,2866,*BGMA,samantha.darin,2025-10-21 22:01:39+00:00
ROT-840_IMG_1799_dummy2.jpg,6/1/2022,Guam-CNMI,ROT-840,dummy2,1271,1936,*CCAH,samantha.darin,2025-10-21 22:01:39+00:00
ROT-840_IMG_1799_dummy2.jpg,6/1/2022,Guam-CNMI,ROT-840,dummy2,1797,2690,*BGMA,samantha.darin,2025-10-21 22:01:39+00:00
ROT-840_IMG_1799_dummy2.jpg,6/1/2022,Guam-CNMI,ROT-840,dummy2,2165,4835,*CCAH,samantha.darin,2025-10-21 22:01:39+00:00
ROT-840_IMG_1799_dummy2.jpg,6/1/2022,Guam-CNMI,ROT-840,dummy2,1585,4512,*PESP,samantha.darin,2025-10-21 22:01:39+00:00
ROT-840_IMG_1799_dummy2.jpg,6/1/2022,Guam-CNMI,ROT-840,dummy2,2214,1602,*CCAH,samantha.darin,2025-10-21 22:01:39+00:00
ROT-840_IMG_1799_dummy2.jpg,6/1/2022,Guam-CNMI,ROT-840,dummy2,2731,2024,*CCAH,samantha.darin,2025-10-21 22:01:39+00:00
ROT-840_IMG_1799_dummy2.jpg,6/1/2022,Guam-CNMI,ROT-840,dummy2,2328,2289,*TURFH,samantha.darin,2025-10-21 22:01:39+00:00
ROT-840_IMG_1799_dummy2.jpg,6/1/2022,Guam-CNMI,ROT-840,dummy2,2503,5397,*TURFH,samantha.darin,2025-10-21 22:01:39+00:00
ROT-845_IMG_1917_dummy2.jpg,6/1/2022,Guam-CNMI,ROT-845,dummy2,574,1757,*TURFH,samantha.darin,2025-10-21 22:02:28+00:00
ROT-845_IMG_1917_dummy2.jpg,6/1/2022,Guam-CNMI,ROT-845,dummy2,591,2854,*TURFH,samantha.darin,2025-10-21 22:02:28+00:00
ROT-845_IMG_1917_dummy2.jpg,6/1/2022,Guam-CNMI,ROT-845,dummy2,1125,1304,*TURFH,samantha.darin,2025-10-21 22:02:27+00:00
ROT-845_IMG_1917_dummy2.jpg,6/1/2022,Guam-CNMI,ROT-845,dummy2,1501,530,*TURFH,samantha.darin,2025-10-21 22:02:27+00:00
ROT-845_IMG_1917_dummy2.jpg,6/1/2022,Guam-CNMI,ROT-845,dummy2,1868,1120,*TURFH,samantha.darin,2025-10-21 22:02:27+00:00
ROT-845_IMG_1917_dummy2.jpg,6/1/2022,Guam-CNMI,ROT-845,dummy2,1855,3211,*CCAH,samantha.darin,2025-10-21 22:02:27+00:00
ROT-845_IMG_1917_dummy2.jpg,6/1/2022,Guam-CNMI,ROT-845,dummy2,2632,3751,*TURFH,samantha.darin,2025-10-21 22:02:27+00:00
ROT-845_IMG_1917_dummy2.jpg,6/1/2022,Guam-CNMI,ROT-845,dummy2,2332,4412,*TURFH,samantha.darin,2025-10-21 22:02:27+00:00
ROT-845_IMG_1917_dummy2.jpg,6/1/2022,Guam-CNMI,ROT-845,dummy2,3048,3681,*TURFH,samantha.darin,2025-10-21 22:02:27+00:00
ROT-845_IMG_1917_dummy2.jpg,6/1/2022,Guam-CNMI,ROT-845,dummy2,3465,3555,*TURFH,samantha.darin,2025-10-21 22:02:27+00:00
ROT-845_IMG_1926_dummy2.jpg,6/1/2022,Guam-CNMI,ROT-845,dummy2,338,150,*TURFH,samantha.darin,2025-10-21 22:04:58+00:00
ROT-845_IMG_1926_dummy2.jpg,6/1/2022,Guam-CNMI,ROT-845,dummy2,116,1086,*TURFH,samantha.darin,2025-10-21 22:04:58+00:00
ROT-845_IMG_1926_dummy2.jpg,6/1/2022,Guam-CNMI,ROT-845,dummy2,137,3094,*HALI,samantha.darin,2025-10-21 22:04:58+00:00
ROT-845_IMG_1926_dummy2.jpg,6/1/2022,Guam-CNMI,ROT-845,dummy2,252,3406,*TURFH,samantha.darin,2025-10-21 22:04:58+00:00
ROT-845_IMG_1926_dummy2.jpg,6/1/2022,Guam-CNMI,ROT-845,dummy2,1187,371,*TURFH,samantha.darin,2025-10-21 22:04:58+00:00
ROT-845_IMG_1926_dummy2.jpg,6/1/2022,Guam-CNMI,ROT-845,dummy2,1985,635,*TURFH,samantha.darin,2025-10-21 22:04:58+00:00
ROT-845_IMG_1926_dummy2.jpg,6/1/2022,Guam-CNMI,ROT-845,dummy2,1941,3942,*HALI,samantha.darin,2025-10-21 22:04:58+00:00
ROT-845_IMG_1926_dummy2.jpg,6/1/2022,Guam-CNMI,ROT-845,dummy2,2691,1704,*TURFH,samantha.darin,2025-10-21 22:04:58+00:00
ROT-845_IMG_1926_dummy2.jpg,6/1/2022,Guam-CNMI,ROT-845,dummy2,2907,3877,*TURFH,samantha.darin,2025-10-21 22:04:58+00:00
ROT-845_IMG_1926_dummy2.jpg,6/1/2022,Guam-CNMI,ROT-845,dummy2,3281,3544,*TURFH,samantha.darin,2025-10-21 22:04:58+00:00
ROT-848_IMG_0902_dummy2.jpg,6/1/2022,Guam-CNMI,ROT-848,dummy2,295,927,*TURFH,samantha.darin,2025-10-21 22:07:49+00:00
ROT-848_IMG_0902_dummy2.jpg,6/1/2022,Guam-CNMI,ROT-848,dummy2,715,1771,*TURFH,samantha.darin,2025-10-21 22:07:49+00:00
ROT-848_IMG_0902_dummy2.jpg,6/1/2022,Guam-CNMI,ROT-848,dummy2,10,1478,*TURFH,samantha.darin,2025-10-21 22:07:49+00:00
ROT-848_IMG_0902_dummy2.jpg,6/1/2022,Guam-CNMI,ROT-848,dummy2,1073,3470,*BRMA,samantha.darin,2025-10-21 22:07:49+00:00
ROT-848_IMG_0902_dummy2.jpg,6/1/2022,Guam-CNMI,ROT-848,dummy2,1560,850,*AVSP,samantha.darin,2025-10-21 22:07:49+00:00
ROT-848_IMG_0902_dummy2.jpg,6/1/2022,Guam-CNMI,ROT-848,dummy2,1529,2077,*SAND,samantha.darin,2025-10-21 22:07:49+00:00
ROT-848_IMG_0902_dummy2.jpg,6/1/2022,Guam-CNMI,ROT-848,dummy2,1323,2002,*SAND,samantha.darin,2025-10-21 22:07:49+00:00
ROT-848_IMG_0902_dummy2.jpg,6/1/2022,Guam-CNMI,ROT-848,dummy2,2114,2573,*TURFH,samantha.darin,2025-10-21 22:07:49+00:00
ROT-848_IMG_0902_dummy2.jpg,6/1/2022,Guam-CNMI,ROT-848,dummy2,4187,2079,*TURFH,samantha.darin,2025-10-21 22:07:49+00:00
ROT-848_IMG_0902_dummy2.jpg,6/1/2022,Guam-CNMI,ROT-848,dummy2,4591,2421,*TURFH,samantha.darin,2025-10-21 22:07:49+00:00
ROT-848_IMG_0903_dummy2.jpg,6/1/2022,Guam-CNMI,ROT-848,dummy2,597,1003,*PESP,samantha.darin,2025-10-21 22:09:05+00:00
ROT-848_IMG_0903_dummy2.jpg,6/1/2022,Guam-CNMI,ROT-848,dummy2,1028,1283,*UPMA,samantha.darin,2025-10-21 22:09:05+00:00
ROT-848_IMG_0903_dummy2.jpg,6/1/2022,Guam-CNMI,ROT-848,dummy2,1745,2675,*TURFH,samantha.darin,2025-10-21 22:09:05+00:00
ROT-848_IMG_0903_dummy2.jpg,6/1/2022,Guam-CNMI,ROT-848,dummy2,1671,2347,*CCAH,samantha.darin,2025-10-21 22:09:05+00:00
ROT-848_IMG_0903_dummy2.jpg,6/1/2022,Guam-CNMI,ROT-848,dummy2,2809,83,*PESP,samantha.darin,2025-10-21 22:09:05+00:00
ROT-848_IMG_0903_dummy2.jpg,6/1/2022,Guam-CNMI,ROT-848,dummy2,3522,1855,*TURFH,samantha.darin,2025-10-21 22:09:05+00:00
ROT-848_IMG_0903_dummy2.jpg,6/1/2022,Guam-CNMI,ROT-848,dummy2,3290,3200,*CCAH,samantha.darin,2025-10-21 22:09:05+00:00
ROT-848_IMG_0903_dummy2.jpg,6/1/2022,Guam-CNMI,ROT-848,dummy2,3383,3211,*TURFH,samantha.darin,2025-10-21 22:09:05+00:00
ROT-848_IMG_0903_dummy2.jpg,6/1/2022,Guam-CNMI,ROT-848,dummy2,4890,71,*TURFH,samantha.darin,2025-10-21 22:09:05+00:00
ROT-848_IMG_0903_dummy2.jpg,6/1/2022,Guam-CNMI,ROT-848,dummy2,4841,3579,*TURFH,samantha.darin,2025-10-21 22:09:05+00:00
ROT-866_IMG_2363_dummy2.jpg,6/1/2022,Guam-CNMI,ROT-866,dummy2,459,2214,*MOBF,samantha.darin,2025-10-21 22:10:22+00:00
ROT-866_IMG_2363_dummy2.jpg,6/1/2022,Guam-CNMI,ROT-866,dummy2,2117,38,*TURFH,samantha.darin,2025-10-21 22:10:22+00:00
ROT-866_IMG_2363_dummy2.jpg,6/1/2022,Guam-CNMI,ROT-866,dummy2,1587,1608,*TURFH,samantha.darin,2025-10-21 22:10:22+00:00
ROT-866_IMG_2363_dummy2.jpg,6/1/2022,Guam-CNMI,ROT-866,dummy2,1189,2721,*TURFH,samantha.darin,2025-10-21 22:10:22+00:00
ROT-866_IMG_2363_dummy2.jpg,6/1/2022,Guam-CNMI,ROT-866,dummy2,2431,137,*TURFH,samantha.darin,2025-10-21 22:10:22+00:00
ROT-866_IMG_2363_dummy2.jpg,6/1/2022,Guam-CNMI,ROT-866,dummy2,2293,1095,*TURFH,samantha.darin,2025-10-21 22:10:22+00:00
ROT-866_IMG_2363_dummy2.jpg,6/1/2022,Guam-CNMI,ROT-866,dummy2,2382,3641,*CCAH,samantha.darin,2025-10-21 22:10:22+00:00
ROT-866_IMG_2363_dummy2.jpg,6/1/2022,Guam-CNMI,ROT-866,dummy2,4167,1567,*CCAH,samantha.darin,2025-10-21 22:10:22+00:00
ROT-866_IMG_2363_dummy2.jpg,6/1/2022,Guam-CNMI,ROT-866,dummy2,3365,3479,*TURFH,samantha.darin,2025-10-21 22:10:22+00:00
ROT-866_IMG_2363_dummy2.jpg,6/1/2022,Guam-CNMI,ROT-866,dummy2,4798,2205,*BGMA,samantha.darin,2025-10-21 22:10:22+00:00
ROT-UNK_IMG_5773_dummy2.JPG,6/1/2022,Guam-CNMI,ROT-UNK,dummy2,87,5412,*TURFH,samantha.darin,2025-10-21 22:18:32+00:00
ROT-UNK_IMG_5773_dummy2.JPG,6/1/2022,Guam-CNMI,ROT-UNK,dummy2,1060,2567,*TURFH,samantha.darin,2025-10-21 22:18:32+00:00
ROT-UNK_IMG_5773_dummy2.JPG,6/1/2022,Guam-CNMI,ROT-UNK,dummy2,1016,2548,*TURFH,samantha.darin,2025-10-21 22:18:32+00:00
ROT-UNK_IMG_5773_dummy2.JPG,6/1/2022,Guam-CNMI,ROT-UNK,dummy2,1356,3912,*TURFH,samantha.darin,2025-10-21 22:18:32+00:00
ROT-UNK_IMG_5773_dummy2.JPG,6/1/2022,Guam-CNMI,ROT-UNK,dummy2,1540,557,*TURFH,samantha.darin,2025-10-21 22:18:32+00:00
ROT-UNK_IMG_5773_dummy2.JPG,6/1/2022,Guam-CNMI,ROT-UNK,dummy2,2489,36,*TURFH,samantha.darin,2025-10-21 22:18:32+00:00
ROT-UNK_IMG_5773_dummy2.JPG,6/1/2022,Guam-CNMI,ROT-UNK,dummy2,2864,1429,*TURFH,samantha.darin,2025-10-21 22:18:32+00:00
ROT-UNK_IMG_5773_dummy2.JPG,6/1/2022,Guam-CNMI,ROT-UNK,dummy2,2768,1631,*TURFH,samantha.darin,2025-10-21 22:18:32+00:00
ROT-UNK_IMG_5773_dummy2.JPG,6/1/2022,Guam-CNMI,ROT-UNK,dummy2,2735,3499,*HALI,samantha.darin,2025-10-21 22:18:32+00:00
ROT-UNK_IMG_5773_dummy2.JPG,6/1/2022,Guam-CNMI,ROT-UNK,dummy2,2951,1061,*TURFH,samantha.darin,2025-10-21 22:18:32+00:00
SAI-1820_IMG_0893_dummy2.jpg,6/1/2022,Guam-CNMI,SAI-1820,dummy2,289,2420,*TURFH,samantha.darin,2025-10-21 22:19:20+00:00
SAI-1820_IMG_0893_dummy2.jpg,6/1/2022,Guam-CNMI,SAI-1820,dummy2,1643,1506,*CCAH,samantha.darin,2025-10-21 22:19:20+00:00
SAI-1820_IMG_0893_dummy2.jpg,6/1/2022,Guam-CNMI,SAI-1820,dummy2,2592,379,*CCAH,samantha.darin,2025-10-21 22:19:20+00:00
SAI-1820_IMG_0893_dummy2.jpg,6/1/2022,Guam-CNMI,SAI-1820,dummy2,3840,1146,*TURFH,samantha.darin,2025-10-21 22:19:20+00:00
SAI-1820_IMG_0893_dummy2.jpg,6/1/2022,Guam-CNMI,SAI-1820,dummy2,3842,1891,*TURFH,samantha.darin,2025-10-21 22:19:20+00:00
SAI-1820_IMG_0893_dummy2.jpg,6/1/2022,Guam-CNMI,SAI-1820,dummy2,3815,2692,*CCAH,samantha.darin,2025-10-21 22:19:20+00:00
SAI-1820_IMG_0893_dummy2.jpg,6/1/2022,Guam-CNMI,SAI-1820,dummy2,3831,2611,*MOEN,samantha.darin,2025-10-21 22:19:20+00:00
SAI-1820_IMG_0893_dummy2.jpg,6/1/2022,Guam-CNMI,SAI-1820,dummy2,4462,1936,*CCAH,samantha.darin,2025-10-21 22:19:20+00:00
SAI-1820_IMG_0893_dummy2.jpg,6/1/2022,Guam-CNMI,SAI-1820,dummy2,4753,2537,*TURFH,samantha.darin,2025-10-21 22:19:20+00:00
SAI-1820_IMG_0893_dummy2.jpg,6/1/2022,Guam-CNMI,SAI-1820,dummy2,5013,2348,*TURFH,samantha.darin,2025-10-21 22:19:20+00:00
SAI-1822_IMG_2077_dummy2.jpg,6/1/2022,Guam-CNMI,SAI-1822,dummy2,303,877,*TURFH,samantha.darin,2025-10-21 22:20:35+00:00
SAI-1822_IMG_2077_dummy2.jpg,6/1/2022,Guam-CNMI,SAI-1822,dummy2,61,2238,*TURFH,samantha.darin,2025-10-21 22:20:35+00:00
SAI-1822_IMG_2077_dummy2.jpg,6/1/2022,Guam-CNMI,SAI-1822,dummy2,1296,4887,*TURFH,samantha.darin,2025-10-21 22:20:35+00:00
SAI-1822_IMG_2077_dummy2.jpg,6/1/2022,Guam-CNMI,SAI-1822,dummy2,1688,42,*TURFH,samantha.darin,2025-10-21 22:20:35+00:00
SAI-1822_IMG_2077_dummy2.jpg,6/1/2022,Guam-CNMI,SAI-1822,dummy2,2073,2636,*CCAH,samantha.darin,2025-10-21 22:20:35+00:00
SAI-1822_IMG_2077_dummy2.jpg,6/1/2022,Guam-CNMI,SAI-1822,dummy2,2693,1447,*TURFH,samantha.darin,2025-10-21 22:20:35+00:00
SAI-1822_IMG_2077_dummy2.jpg,6/1/2022,Guam-CNMI,SAI-1822,dummy2,2809,4992,*MOEN,samantha.darin,2025-10-21 22:20:35+00:00
SAI-1822_IMG_2077_dummy2.jpg,6/1/2022,Guam-CNMI,SAI-1822,dummy2,3042,2844,*TURFH,samantha.darin,2025-10-21 22:20:35+00:00
SAI-1822_IMG_2077_dummy2.jpg,6/1/2022,Guam-CNMI,SAI-1822,dummy2,3605,3033,*TURFH,samantha.darin,2025-10-21 22:20:35+00:00
SAI-1822_IMG_2077_dummy2.jpg,6/1/2022,Guam-CNMI,SAI-1822,dummy2,2988,2637,*CCAH,samantha.darin,2025-10-21 22:20:35+00:00
SAI-1822_IMG_2102_dummy2.jpg,6/1/2022,Guam-CNMI,SAI-1822,dummy2,289,3026,*CCAH,samantha.darin,2025-10-21 22:25:01+00:00
SAI-1822_IMG_2102_dummy2.jpg,6/1/2022,Guam-CNMI,SAI-1822,dummy2,579,3114,*TURFH,samantha.darin,2025-10-21 22:25:00+00:00
SAI-1822_IMG_2102_dummy2.jpg,6/1/2022,Guam-CNMI,SAI-1822,dummy2,73,2966,*TURFH,samantha.darin,2025-10-21 22:25:00+00:00
SAI-1822_IMG_2102_dummy2.jpg,6/1/2022,Guam-CNMI,SAI-1822,dummy2,2070,51,*TURFH,samantha.darin,2025-10-21 22:25:00+00:00
SAI-1822_IMG_2102_dummy2.jpg,6/1/2022,Guam-CNMI,SAI-1822,dummy2,1655,1043,*TURFH,samantha.darin,2025-10-21 22:25:00+00:00
SAI-1822_IMG_2102_dummy2.jpg,6/1/2022,Guam-CNMI,SAI-1822,dummy2,3961,1700,*TURFH,samantha.darin,2025-10-21 22:25:00+00:00
SAI-1822_IMG_2102_dummy2.jpg,6/1/2022,Guam-CNMI,SAI-1822,dummy2,3965,3395,*TURFH,samantha.darin,2025-10-21 22:25:00+00:00
SAI-1822_IMG_2102_dummy2.jpg,6/1/2022,Guam-CNMI,SAI-1822,dummy2,4614,1048,*TURFH,samantha.darin,2025-10-21 22:25:00+00:00
SAI-1822_IMG_2102_dummy2.jpg,6/1/2022,Guam-CNMI,SAI-1822,dummy2,4945,1656,*TURFH,samantha.darin,2025-10-21 22:25:00+00:00
SAI-1822_IMG_2102_dummy2.jpg,6/1/2022,Guam-CNMI,SAI-1822,dummy2,4446,2163,*TURFH,samantha.darin,2025-10-21 22:25:00+00:00
SAI-1838_IMG_0564_dummy2.jpg,6/1/2022,Guam-CNMI,SAI-1838,dummy2,976,866,*TURFH,samantha.darin,2025-10-21 22:25:55+00:00
SAI-1838_IMG_0564_dummy2.jpg,6/1/2022,Guam-CNMI,SAI-1838,dummy2,2029,519,*TURFH,samantha.darin,2025-10-21 22:25:55+00:00
SAI-1838_IMG_0564_dummy2.jpg,6/1/2022,Guam-CNMI,SAI-1838,dummy2,1766,448,*TURFH,samantha.darin,2025-10-21 22:25:55+00:00
SAI-1838_IMG_0564_dummy2.jpg,6/1/2022,Guam-CNMI,SAI-1838,dummy2,1976,437,*TURFH,samantha.darin,2025-10-21 22:25:54+00:00
SAI-1838_IMG_0564_dummy2.jpg,6/1/2022,Guam-CNMI,SAI-1838,dummy2,2091,4016,*TURFH,samantha.darin,2025-10-21 22:25:54+00:00
SAI-1838_IMG_0564_dummy2.jpg,6/1/2022,Guam-CNMI,SAI-1838,dummy2,2045,4703,*TURFH,samantha.darin,2025-10-21 22:25:54+00:00
SAI-1838_IMG_0564_dummy2.jpg,6/1/2022,Guam-CNMI,SAI-1838,dummy2,2388,947,*GONS,samantha.darin,2025-10-21 22:25:54+00:00
SAI-1838_IMG_0564_dummy2.jpg,6/1/2022,Guam-CNMI,SAI-1838,dummy2,2894,2890,*CCAH,samantha.darin,2025-10-21 22:25:54+00:00
SAI-1838_IMG_0564_dummy2.jpg,6/1/2022,Guam-CNMI,SAI-1838,dummy2,2304,4309,*TURFH,samantha.darin,2025-10-21 22:25:54+00:00
SAI-1838_IMG_0564_dummy2.jpg,6/1/2022,Guam-CNMI,SAI-1838,dummy2,3602,1083,*TURFH,samantha.darin,2025-10-21 22:25:54+00:00
SAI-1852_IMG_1774_dummy2.jpg,6/1/2022,Guam-CNMI,SAI-1852,dummy2,147,5089,*TURFH,samantha.darin,2025-10-21 22:27:22+00:00
SAI-1852_IMG_1774_dummy2.jpg,6/1/2022,Guam-CNMI,SAI-1852,dummy2,601,4930,*TURFH,samantha.darin,2025-10-21 22:27:22+00:00
SAI-1852_IMG_1774_dummy2.jpg,6/1/2022,Guam-CNMI,SAI-1852,dummy2,976,738,*BGMA,samantha.darin,2025-10-21 22:27:22+00:00
SAI-1852_IMG_1774_dummy2.jpg,6/1/2022,Guam-CNMI,SAI-1852,dummy2,782,575,*TURFH,samantha.darin,2025-10-21 22:27:22+00:00
SAI-1852_IMG_1774_dummy2.jpg,6/1/2022,Guam-CNMI,SAI-1852,dummy2,2003,358,*TURFH,samantha.darin,2025-10-21 22:27:22+00:00
SAI-1852_IMG_1774_dummy2.jpg,6/1/2022,Guam-CNMI,SAI-1852,dummy2,1560,2483,*CCAH,samantha.darin,2025-10-21 22:27:22+00:00
SAI-1852_IMG_1774_dummy2.jpg,6/1/2022,Guam-CNMI,SAI-1852,dummy2,2030,3594,*TURFH,samantha.darin,2025-10-21 22:27:22+00:00
SAI-1852_IMG_1774_dummy2.jpg,6/1/2022,Guam-CNMI,SAI-1852,dummy2,1601,4028,*TURFH,samantha.darin,2025-10-21 22:27:22+00:00
SAI-1852_IMG_1774_dummy2.jpg,6/1/2022,Guam-CNMI,SAI-1852,dummy2,3384,2724,*TURFH,samantha.darin,2025-10-21 22:27:22+00:00
SAI-1852_IMG_1774_dummy2.jpg,6/1/2022,Guam-CNMI,SAI-1852,dummy2,3067,4098,*TURFH,samantha.darin,2025-10-21 22:27:22+00:00
SAI-1854_IMG_0691_dummy2.jpg,6/1/2022,Guam-CNMI,SAI-1854,dummy2,723,1384,*TURFH,samantha.darin,2025-10-21 22:29:25+00:00
SAI-1854_IMG_0691_dummy2.jpg,6/1/2022,Guam-CNMI,SAI-1854,dummy2,1686,1710,*TURFH,samantha.darin,2025-10-21 22:29:25+00:00
SAI-1854_IMG_0691_dummy2.jpg,6/1/2022,Guam-CNMI,SAI-1854,dummy2,1822,2476,*CYPS,samantha.darin,2025-10-21 22:29:25+00:00
SAI-1854_IMG_0691_dummy2.jpg,6/1/2022,Guam-CNMI,SAI-1854,dummy2,1189,2698,*CYPS,samantha.darin,2025-10-21 22:29:25+00:00
SAI-1854_IMG_0691_dummy2.jpg,6/1/2022,Guam-CNMI,SAI-1854,dummy2,1996,2909,*CYPS,samantha.darin,2025-10-21 22:29:25+00:00
SAI-1854_IMG_0691_dummy2.jpg,6/1/2022,Guam-CNMI,SAI-1854,dummy2,2475,415,*FASP,samantha.darin,2025-10-21 22:29:25+00:00
SAI-1854_IMG_0691_dummy2.jpg,6/1/2022,Guam-CNMI,SAI-1854,dummy2,2634,758,*POMA,samantha.darin,2025-10-21 22:29:25+00:00
SAI-1854_IMG_0691_dummy2.jpg,6/1/2022,Guam-CNMI,SAI-1854,dummy2,3682,3274,*TURFH,samantha.darin,2025-10-21 22:29:25+00:00
SAI-1854_IMG_0691_dummy2.jpg,6/1/2022,Guam-CNMI,SAI-1854,dummy2,4421,514,*ASSP,samantha.darin,2025-10-21 22:29:25+00:00
SAI-1854_IMG_0691_dummy2.jpg,6/1/2022,Guam-CNMI,SAI-1854,dummy2,4854,3384,*TURFH,samantha.darin,2025-10-21 22:29:25+00:00
SAI-1857_IMG_1868_dummy2.jpg,6/1/2022,Guam-CNMI,SAI-1857,dummy2,264,1132,*ASSP,samantha.darin,2025-10-21 22:32:43+00:00
SAI-1857_IMG_1868_dummy2.jpg,6/1/2022,Guam-CNMI,SAI-1857,dummy2,393,1780,*PESP,samantha.darin,2025-10-21 22:32:43+00:00
SAI-1857_IMG_1868_dummy2.jpg,6/1/2022,Guam-CNMI,SAI-1857,dummy2,1094,285,*ASSP,samantha.darin,2025-10-21 22:32:43+00:00
SAI-1857_IMG_1868_dummy2.jpg,6/1/2022,Guam-CNMI,SAI-1857,dummy2,1789,2681,*BGMA,samantha.darin,2025-10-21 22:32:43+00:00
SAI-1857_IMG_1868_dummy2.jpg,6/1/2022,Guam-CNMI,SAI-1857,dummy2,2155,4010,*ASSP,samantha.darin,2025-10-21 22:32:43+00:00
SAI-1857_IMG_1868_dummy2.jpg,6/1/2022,Guam-CNMI,SAI-1857,dummy2,2380,1985,*TURFH,samantha.darin,2025-10-21 22:32:43+00:00
SAI-1857_IMG_1868_dummy2.jpg,6/1/2022,Guam-CNMI,SAI-1857,dummy2,2629,2941,*TURFH,samantha.darin,2025-10-21 22:32:43+00:00
SAI-1857_IMG_1868_dummy2.jpg,6/1/2022,Guam-CNMI,SAI-1857,dummy2,3272,495,*TURFH,samantha.darin,2025-10-21 22:32:43+00:00
SAI-1857_IMG_1868_dummy2.jpg,6/1/2022,Guam-CNMI,SAI-1857,dummy2,3561,1262,*BGMA,samantha.darin,2025-10-21 22:32:43+00:00
SAI-1857_IMG_1868_dummy2.jpg,6/1/2022,Guam-CNMI,SAI-1857,dummy2,3016,5056,*MASS,samantha.darin,2025-10-21 22:32:43+00:00
SAI-1858_IMG_1828_dummy2.jpg,6/1/2022,Guam-CNMI,SAI-1858,dummy2,6,551,*TURFH,samantha.darin,2025-10-21 22:34:56+00:00
SAI-1858_IMG_1828_dummy2.jpg,6/1/2022,Guam-CNMI,SAI-1858,dummy2,1220,1201,*BGMA,samantha.darin,2025-10-21 22:34:56+00:00
SAI-1858_IMG_1828_dummy2.jpg,6/1/2022,Guam-CNMI,SAI-1858,dummy2,2398,1326,*BGMA,samantha.darin,2025-10-21 22:34:56+00:00
SAI-1858_IMG_1828_dummy2.jpg,6/1/2022,Guam-CNMI,SAI-1858,dummy2,2464,1375,*TURFH,samantha.darin,2025-10-21 22:34:56+00:00
SAI-1858_IMG_1828_dummy2.jpg,6/1/2022,Guam-CNMI,SAI-1858,dummy2,2695,3401,*LEPT,samantha.darin,2025-10-21 22:34:56+00:00
SAI-1858_IMG_1828_dummy2.jpg,6/1/2022,Guam-CNMI,SAI-1858,dummy2,4231,2809,*TURFH,samantha.darin,2025-10-21 22:34:56+00:00
SAI-1858_IMG_1828_dummy2.jpg,6/1/2022,Guam-CNMI,SAI-1858,dummy2,5055,727,*TURFH,samantha.darin,2025-10-21 22:34:56+00:00
SAI-1858_IMG_1828_dummy2.jpg,6/1/2022,Guam-CNMI,SAI-1858,dummy2,4844,1238,*TURFH,samantha.darin,2025-10-21 22:34:56+00:00
SAI-1858_IMG_1828_dummy2.jpg,6/1/2022,Guam-CNMI,SAI-1858,dummy2,5227,2638,*BGMA,samantha.darin,2025-10-21 22:34:56+00:00
SAI-1858_IMG_1828_dummy2.jpg,6/1/2022,Guam-CNMI,SAI-1858,dummy2,4740,3181,*PADI,samantha.darin,2025-10-21 22:34:55+00:00
SAI-1888_IMG_9809_dummy2.jpg,6/1/2022,Guam-CNMI,SAI-1888,dummy2,1435,1391,*DICO,samantha.darin,2025-10-21 22:36:41+00:00
SAI-1888_IMG_9809_dummy2.jpg,6/1/2022,Guam-CNMI,SAI-1888,dummy2,2084,3486,*TURFH,samantha.darin,2025-10-21 22:36:41+00:00
SAI-1888_IMG_9809_dummy2.jpg,6/1/2022,Guam-CNMI,SAI-1888,dummy2,1336,3306,*TURFH,samantha.darin,2025-10-21 22:36:41+00:00
SAI-1888_IMG_9809_dummy2.jpg,6/1/2022,Guam-CNMI,SAI-1888,dummy2,2265,2274,*TURFR,samantha.darin,2025-10-21 22:36:41+00:00
SAI-1888_IMG_9809_dummy2.jpg,6/1/2022,Guam-CNMI,SAI-1888,dummy2,2692,3073,*TURFH,samantha.darin,2025-10-21 22:36:41+00:00
SAI-1888_IMG_9809_dummy2.jpg,6/1/2022,Guam-CNMI,SAI-1888,dummy2,4081,2578,*TURFH,samantha.darin,2025-10-21 22:36:41+00:00
SAI-1888_IMG_9809_dummy2.jpg,6/1/2022,Guam-CNMI,SAI-1888,dummy2,4505,1249,*TURFH,samantha.darin,2025-10-21 22:36:41+00:00
SAI-1888_IMG_9809_dummy2.jpg,6/1/2022,Guam-CNMI,SAI-1888,dummy2,5038,1490,*TURFH,samantha.darin,2025-10-21 22:36:41+00:00
SAI-1888_IMG_9809_dummy2.jpg,6/1/2022,Guam-CNMI,SAI-1888,dummy2,5048,3397,*TURFH,samantha.darin,2025-10-21 22:36:41+00:00
SAI-1888_IMG_9809_dummy2.jpg,6/1/2022,Guam-CNMI,SAI-1888,dummy2,4466,3626,*TURFH,samantha.darin,2025-10-21 22:36:41+00:00
SAI-1909_IMG_0714_dummy2.jpg,6/1/2022,Guam-CNMI,SAI-1909,dummy2,431,2582,*CCAH,samantha.darin,2025-10-21 22:37:22+00:00
SAI-1909_IMG_0714_dummy2.jpg,6/1/2022,Guam-CNMI,SAI-1909,dummy2,911,38,*CCAH,samantha.darin,2025-10-21 22:37:22+00:00
SAI-1909_IMG_0714_dummy2.jpg,6/1/2022,Guam-CNMI,SAI-1909,dummy2,760,4683,*CCAH,samantha.darin,2025-10-21 22:37:22+00:00
SAI-1909_IMG_0714_dummy2.jpg,6/1/2022,Guam-CNMI,SAI-1909,dummy2,2328,67,*STYS,samantha.darin,2025-10-21 22:37:22+00:00
SAI-1909_IMG_0714_dummy2.jpg,6/1/2022,Guam-CNMI,SAI-1909,dummy2,2794,3576,*TURFH,samantha.darin,2025-10-21 22:37:22+00:00
SAI-1909_IMG_0714_dummy2.jpg,6/1/2022,Guam-CNMI,SAI-1909,dummy2,2859,4596,*CCAH,samantha.darin,2025-10-21 22:37:22+00:00
SAI-1909_IMG_0714_dummy2.jpg,6/1/2022,Guam-CNMI,SAI-1909,dummy2,3450,1850,*TURFH,samantha.darin,2025-10-21 22:37:22+00:00
SAI-1909_IMG_0714_dummy2.jpg,6/1/2022,Guam-CNMI,SAI-1909,dummy2,3251,1506,*CCAH,samantha.darin,2025-10-21 22:37:22+00:00
SAI-1909_IMG_0714_dummy2.jpg,6/1/2022,Guam-CNMI,SAI-1909,dummy2,3543,2485,*POCS,samantha.darin,2025-10-21 22:37:22+00:00
SAI-1909_IMG_0714_dummy2.jpg,6/1/2022,Guam-CNMI,SAI-1909,dummy2,3214,3363,*TURFH,samantha.darin,2025-10-21 22:37:22+00:00
SAI-1909_IMG_0735_dummy2.jpg,6/1/2022,Guam-CNMI,SAI-1909,dummy2,854,1364,*CCAH,samantha.darin,2025-10-21 22:38:36+00:00
SAI-1909_IMG_0735_dummy2.jpg,6/1/2022,Guam-CNMI,SAI-1909,dummy2,452,979,*CCAH,samantha.darin,2025-10-21 22:38:36+00:00
SAI-1909_IMG_0735_dummy2.jpg,6/1/2022,Guam-CNMI,SAI-1909,dummy2,564,915,*CCAH,samantha.darin,2025-10-21 22:38:36+00:00
SAI-1909_IMG_0735_dummy2.jpg,6/1/2022,Guam-CNMI,SAI-1909,dummy2,590,2682,*TURFH,samantha.darin,2025-10-21 22:38:36+00:00
SAI-1909_IMG_0735_dummy2.jpg,6/1/2022,Guam-CNMI,SAI-1909,dummy2,3005,244,*TURFH,samantha.darin,2025-10-21 22:38:36+00:00
SAI-1909_IMG_0735_dummy2.jpg,6/1/2022,Guam-CNMI,SAI-1909,dummy2,2927,10,*CCAH,samantha.darin,2025-10-21 22:38:36+00:00
SAI-1909_IMG_0735_dummy2.jpg,6/1/2022,Guam-CNMI,SAI-1909,dummy2,3084,1240,*BGMA,samantha.darin,2025-10-21 22:38:36+00:00
SAI-1909_IMG_0735_dummy2.jpg,6/1/2022,Guam-CNMI,SAI-1909,dummy2,2937,2457,*TURFH,samantha.darin,2025-10-21 22:38:36+00:00
SAI-1909_IMG_0735_dummy2.jpg,6/1/2022,Guam-CNMI,SAI-1909,dummy2,3652,5,*TURFH,samantha.darin,2025-10-21 22:38:36+00:00
SAI-1909_IMG_0735_dummy2.jpg,6/1/2022,Guam-CNMI,SAI-1909,dummy2,4928,3304,*CCAH,samantha.darin,2025-10-21 22:38:36+00:00
SAI-1915_IMG_9876_dummy2.jpg,6/1/2022,Guam-CNMI,SAI-1915,dummy2,477,4284,*BGMA,samantha.darin,2025-10-21 22:53:55+00:00
SAI-1915_IMG_9876_dummy2.jpg,6/1/2022,Guam-CNMI,SAI-1915,dummy2,1127,2557,*TURFH,samantha.darin,2025-10-21 22:53:55+00:00
SAI-1915_IMG_9876_dummy2.jpg,6/1/2022,Guam-CNMI,SAI-1915,dummy2,1636,862,*BGMA,samantha.darin,2025-10-21 22:53:55+00:00
SAI-1915_IMG_9876_dummy2.jpg,6/1/2022,Guam-CNMI,SAI-1915,dummy2,1873,2399,*TURFH,samantha.darin,2025-10-21 22:53:55+00:00
SAI-1915_IMG_9876_dummy2.jpg,6/1/2022,Guam-CNMI,SAI-1915,dummy2,3124,1974,*GASP,samantha.darin,2025-10-21 22:53:55+00:00
SAI-1915_IMG_9876_dummy2.jpg,6/1/2022,Guam-CNMI,SAI-1915,dummy2,3355,2080,*GASP,samantha.darin,2025-10-21 22:53:55+00:00
SAI-1915_IMG_9876_dummy2.jpg,6/1/2022,Guam-CNMI,SAI-1915,dummy2,3522,1191,*TURFH,samantha.darin,2025-10-21 22:53:55+00:00
SAI-1915_IMG_9876_dummy2.jpg,6/1/2022,Guam-CNMI,SAI-1915,dummy2,2974,1381,*BGMA,samantha.darin,2025-10-21 22:53:55+00:00
SAI-1915_IMG_9876_dummy2.jpg,6/1/2022,Guam-CNMI,SAI-1915,dummy2,3287,2591,*ASSP,samantha.darin,2025-10-21 22:53:55+00:00
SAI-1915_IMG_9876_dummy2.jpg,6/1/2022,Guam-CNMI,SAI-1915,dummy2,3607,4671,*MOEN,samantha.darin,2025-10-21 22:53:55+00:00
SAI-1916_IMG_0506_dummy2.jpg,6/1/2022,Guam-CNMI,SAI-1916,dummy2,546,1086,*TURFH,samantha.darin,2025-10-21 22:55:22+00:00
SAI-1916_IMG_0506_dummy2.jpg,6/1/2022,Guam-CNMI,SAI-1916,dummy2,259,2592,*TURFH,samantha.darin,2025-10-21 22:55:22+00:00
SAI-1916_IMG_0506_dummy2.jpg,6/1/2022,Guam-CNMI,SAI-1916,dummy2,1128,1239,*CCAH,samantha.darin,2025-10-21 22:55:22+00:00
SAI-1916_IMG_0506_dummy2.jpg,6/1/2022,Guam-CNMI,SAI-1916,dummy2,1128,2886,*TURFH,samantha.darin,2025-10-21 22:55:22+00:00
SAI-1916_IMG_0506_dummy2.jpg,6/1/2022,Guam-CNMI,SAI-1916,dummy2,1632,3515,*PESP,samantha.darin,2025-10-21 22:55:22+00:00
SAI-1916_IMG_0506_dummy2.jpg,6/1/2022,Guam-CNMI,SAI-1916,dummy2,2698,867,*CCAH,samantha.darin,2025-10-21 22:55:22+00:00
SAI-1916_IMG_0506_dummy2.jpg,6/1/2022,Guam-CNMI,SAI-1916,dummy2,2217,1707,*GOAL,samantha.darin,2025-10-21 22:55:22+00:00
SAI-1916_IMG_0506_dummy2.jpg,6/1/2022,Guam-CNMI,SAI-1916,dummy2,2859,2905,*CCAH,samantha.darin,2025-10-21 22:55:22+00:00
SAI-1916_IMG_0506_dummy2.jpg,6/1/2022,Guam-CNMI,SAI-1916,dummy2,4346,1571,*SAND,samantha.darin,2025-10-21 22:55:22+00:00
SAI-1916_IMG_0506_dummy2.jpg,6/1/2022,Guam-CNMI,SAI-1916,dummy2,4327,3010,*TURFH,samantha.darin,2025-10-21 22:55:22+00:00
SAI-1916_IMG_0510_dummy2.jpg,6/1/2022,Guam-CNMI,SAI-1916,dummy2,1601,860,*PESP,samantha.darin,2025-10-21 22:58:19+00:00
SAI-1916_IMG_0510_dummy2.jpg,6/1/2022,Guam-CNMI,SAI-1916,dummy2,1758,4061,*CCAH,samantha.darin,2025-10-21 22:58:19+00:00
SAI-1916_IMG_0510_dummy2.jpg,6/1/2022,Guam-CNMI,SAI-1916,dummy2,2909,249,*RDMA,samantha.darin,2025-10-21 22:58:19+00:00
SAI-1916_IMG_0510_dummy2.jpg,6/1/2022,Guam-CNMI,SAI-1916,dummy2,2918,397,*RDMA,samantha.darin,2025-10-21 22:58:19+00:00
SAI-1916_IMG_0510_dummy2.jpg,6/1/2022,Guam-CNMI,SAI-1916,dummy2,2819,260,*TURFH,samantha.darin,2025-10-21 22:58:19+00:00
SAI-1916_IMG_0510_dummy2.jpg,6/1/2022,Guam-CNMI,SAI-1916,dummy2,2325,1856,*CCAH,samantha.darin,2025-10-21 22:58:19+00:00
SAI-1916_IMG_0510_dummy2.jpg,6/1/2022,Guam-CNMI,SAI-1916,dummy2,2517,1112,*TURFH,samantha.darin,2025-10-21 22:58:19+00:00
SAI-1916_IMG_0510_dummy2.jpg,6/1/2022,Guam-CNMI,SAI-1916,dummy2,2840,4680,*POEN,samantha.darin,2025-10-21 22:58:19+00:00
SAI-1916_IMG_0510_dummy2.jpg,6/1/2022,Guam-CNMI,SAI-1916,dummy2,3583,4,*TURFH,samantha.darin,2025-10-21 22:58:19+00:00
SAI-1916_IMG_0510_dummy2.jpg,6/1/2022,Guam-CNMI,SAI-1916,dummy2,3559,189,*TURFH,samantha.darin,2025-10-21 22:58:19+00:00
SAI-1918_IMG_0604_dummy2.jpg,6/1/2022,Guam-CNMI,SAI-1918,dummy2,108,2439,*TURFH,samantha.darin,2025-10-21 23:03:56+00:00
SAI-1918_IMG_0604_dummy2.jpg,6/1/2022,Guam-CNMI,SAI-1918,dummy2,1868,105,*TURFH,samantha.darin,2025-10-21 23:03:56+00:00
SAI-1918_IMG_0604_dummy2.jpg,6/1/2022,Guam-CNMI,SAI-1918,dummy2,1907,909,*CCAH,samantha.darin,2025-10-21 23:03:56+00:00
SAI-1918_IMG_0604_dummy2.jpg,6/1/2022,Guam-CNMI,SAI-1918,dummy2,1687,1723,*CCAH,samantha.darin,2025-10-21 23:03:56+00:00
SAI-1918_IMG_0604_dummy2.jpg,6/1/2022,Guam-CNMI,SAI-1918,dummy2,2551,437,*TURFH,samantha.darin,2025-10-21 23:03:56+00:00
SAI-1918_IMG_0604_dummy2.jpg,6/1/2022,Guam-CNMI,SAI-1918,dummy2,2449,2691,*BGMA,samantha.darin,2025-10-21 23:03:56+00:00
SAI-1918_IMG_0604_dummy2.jpg,6/1/2022,Guam-CNMI,SAI-1918,dummy2,2348,3184,*BGMA,samantha.darin,2025-10-21 23:03:56+00:00
SAI-1918_IMG_0604_dummy2.jpg,6/1/2022,Guam-CNMI,SAI-1918,dummy2,3411,453,*TURFH,samantha.darin,2025-10-21 23:03:56+00:00
SAI-1918_IMG_0604_dummy2.jpg,6/1/2022,Guam-CNMI,SAI-1918,dummy2,3408,3634,*TURFH,samantha.darin,2025-10-21 23:03:55+00:00
SAI-1918_IMG_0604_dummy2.jpg,6/1/2022,Guam-CNMI,SAI-1918,dummy2,4737,804,*SP,samantha.darin,2025-10-21 23:03:55+00:00
SAI-1921_IMG_0550_dummy2.jpg,6/1/2022,Guam-CNMI,SAI-1921,dummy2,880,1015,*TURFH,samantha.darin,2025-10-21 23:04:40+00:00
SAI-1921_IMG_0550_dummy2.jpg,6/1/2022,Guam-CNMI,SAI-1921,dummy2,1353,2866,*SAND,samantha.darin,2025-10-21 23:04:40+00:00
SAI-1921_IMG_0550_dummy2.jpg,6/1/2022,Guam-CNMI,SAI-1921,dummy2,1716,2585,*TURFH,samantha.darin,2025-10-21 23:04:40+00:00
SAI-1921_IMG_0550_dummy2.jpg,6/1/2022,Guam-CNMI,SAI-1921,dummy2,2188,5103,*ASSP,samantha.darin,2025-10-21 23:04:40+00:00
SAI-1921_IMG_0550_dummy2.jpg,6/1/2022,Guam-CNMI,SAI-1921,dummy2,1564,5393,*TURFH,samantha.darin,2025-10-21 23:04:40+00:00
SAI-1921_IMG_0550_dummy2.jpg,6/1/2022,Guam-CNMI,SAI-1921,dummy2,2195,2058,*TURFH,samantha.darin,2025-10-21 23:04:40+00:00
SAI-1921_IMG_0550_dummy2.jpg,6/1/2022,Guam-CNMI,SAI-1921,dummy2,2411,1869,*TURFH,samantha.darin,2025-10-21 23:04:40+00:00
SAI-1921_IMG_0550_dummy2.jpg,6/1/2022,Guam-CNMI,SAI-1921,dummy2,2839,2935,*TURFH,samantha.darin,2025-10-21 23:04:40+00:00
SAI-1921_IMG_0550_dummy2.jpg,6/1/2022,Guam-CNMI,SAI-1921,dummy2,2295,2759,*TURFH,samantha.darin,2025-10-21 23:04:40+00:00
SAI-1921_IMG_0550_dummy2.jpg,6/1/2022,Guam-CNMI,SAI-1921,dummy2,3273,4193,*TURFH,samantha.darin,2025-10-21 23:04:40+00:00
SAI-1921_IMG_0552_dummy2.jpg,6/1/2022,Guam-CNMI,SAI-1921,dummy2,275,3725,*PESP,samantha.darin,2025-10-21 23:07:50+00:00
SAI-1921_IMG_0552_dummy2.jpg,6/1/2022,Guam-CNMI,SAI-1921,dummy2,1523,1541,*GOAL,samantha.darin,2025-10-21 23:07:49+00:00
SAI-1921_IMG_0552_dummy2.jpg,6/1/2022,Guam-CNMI,SAI-1921,dummy2,1901,5235,*TURFH,samantha.darin,2025-10-21 23:07:49+00:00
SAI-1921_IMG_0552_dummy2.jpg,6/1/2022,Guam-CNMI,SAI-1921,dummy2,2536,555,*POMA,samantha.darin,2025-10-21 23:07:49+00:00
SAI-1921_IMG_0552_dummy2.jpg,6/1/2022,Guam-CNMI,SAI-1921,dummy2,2606,102,*POMA,samantha.darin,2025-10-21 23:07:49+00:00
SAI-1921_IMG_0552_dummy2.jpg,6/1/2022,Guam-CNMI,SAI-1921,dummy2,2846,1180,*POMA,samantha.darin,2025-10-21 23:07:49+00:00
SAI-1921_IMG_0552_dummy2.jpg,6/1/2022,Guam-CNMI,SAI-1921,dummy2,2555,3084,*TURFH,samantha.darin,2025-10-21 23:07:49+00:00
SAI-1921_IMG_0552_dummy2.jpg,6/1/2022,Guam-CNMI,SAI-1921,dummy2,2433,3180,*SAND,samantha.darin,2025-10-21 23:07:49+00:00
SAI-1921_IMG_0552_dummy2.jpg,6/1/2022,Guam-CNMI,SAI-1921,dummy2,2791,3305,*ASSP,samantha.darin,2025-10-21 23:07:49+00:00
SAI-1921_IMG_0552_dummy2.jpg,6/1/2022,Guam-CNMI,SAI-1921,dummy2,2920,1551,*TURFH,samantha.darin,2025-10-21 23:07:49+00:00
TIN-838_IMG_1104_dummy2.jpg,6/1/2022,Guam-CNMI,TIN-838,dummy2,10,1290,*TURFH,samantha.darin,2025-10-21 23:11:35+00:00
TIN-838_IMG_1104_dummy2.jpg,6/1/2022,Guam-CNMI,TIN-838,dummy2,346,2930,*TURFH,samantha.darin,2025-10-21 23:11:35+00:00
TIN-838_IMG_1104_dummy2.jpg,6/1/2022,Guam-CNMI,TIN-838,dummy2,1865,941,*TURFH,samantha.darin,2025-10-21 23:11:35+00:00
TIN-838_IMG_1104_dummy2.jpg,6/1/2022,Guam-CNMI,TIN-838,dummy2,1607,1792,*TURFH,samantha.darin,2025-10-21 23:11:35+00:00
TIN-838_IMG_1104_dummy2.jpg,6/1/2022,Guam-CNMI,TIN-838,dummy2,2112,2911,*TURFH,samantha.darin,2025-10-21 23:11:35+00:00
TIN-838_IMG_1104_dummy2.jpg,6/1/2022,Guam-CNMI,TIN-838,dummy2,1653,2554,*BGMA,samantha.darin,2025-10-21 23:11:35+00:00
TIN-838_IMG_1104_dummy2.jpg,6/1/2022,Guam-CNMI,TIN-838,dummy2,2692,50,*TURFH,samantha.darin,2025-10-21 23:11:35+00:00
TIN-838_IMG_1104_dummy2.jpg,6/1/2022,Guam-CNMI,TIN-838,dummy2,2971,1815,*BGMA,samantha.darin,2025-10-21 23:11:35+00:00
TIN-838_IMG_1104_dummy2.jpg,6/1/2022,Guam-CNMI,TIN-838,dummy2,3618,1974,*BGMA,samantha.darin,2025-10-21 23:11:35+00:00
TIN-838_IMG_1104_dummy2.jpg,6/1/2022,Guam-CNMI,TIN-838,dummy2,4854,2096,*TURFH,samantha.darin,2025-10-21 23:11:35+00:00
TIN-855_IMG_9718_dummy2.jpg,6/1/2022,Guam-CNMI,TIN-855,dummy2,780,1137,*POCS,samantha.darin,2025-10-21 23:13:49+00:00
TIN-855_IMG_9718_dummy2.jpg,6/1/2022,Guam-CNMI,TIN-855,dummy2,1568,127,*TURFH,samantha.darin,2025-10-21 23:13:49+00:00
TIN-855_IMG_9718_dummy2.jpg,6/1/2022,Guam-CNMI,TIN-855,dummy2,2066,2349,*TURFH,samantha.darin,2025-10-21 23:13:49+00:00
TIN-855_IMG_9718_dummy2.jpg,6/1/2022,Guam-CNMI,TIN-855,dummy2,2931,482,*PESP,samantha.darin,2025-10-21 23:13:49+00:00
TIN-855_IMG_9718_dummy2.jpg,6/1/2022,Guam-CNMI,TIN-855,dummy2,2952,1726,*TURFH,samantha.darin,2025-10-21 23:13:49+00:00
TIN-855_IMG_9718_dummy2.jpg,6/1/2022,Guam-CNMI,TIN-855,dummy2,3167,2867,*PESP,samantha.darin,2025-10-21 23:13:49+00:00
TIN-855_IMG_9718_dummy2.jpg,6/1/2022,Guam-CNMI,TIN-855,dummy2,3604,284,*TURFH,samantha.darin,2025-10-21 23:13:49+00:00
TIN-855_IMG_9718_dummy2.jpg,6/1/2022,Guam-CNMI,TIN-855,dummy2,4223,1445,*PAEN,samantha.darin,2025-10-21 23:13:49+00:00
TIN-855_IMG_9718_dummy2.jpg,6/1/2022,Guam-CNMI,TIN-855,dummy2,4833,252,*HALI,samantha.darin,2025-10-21 23:13:49+00:00
TIN-855_IMG_9718_dummy2.jpg,6/1/2022,Guam-CNMI,TIN-855,dummy2,5093,2456,*TURFH,samantha.darin,2025-10-21 23:13:49+00:00
TIN-855_IMG_9723_dummy2.jpg,6/1/2022,Guam-CNMI,TIN-855,dummy2,486,997,*PESP,samantha.darin,2025-10-21 23:14:40+00:00
TIN-855_IMG_9723_dummy2.jpg,6/1/2022,Guam-CNMI,TIN-855,dummy2,397,1190,*CCAH,samantha.darin,2025-10-21 23:14:40+00:00
TIN-855_IMG_9723_dummy2.jpg,6/1/2022,Guam-CNMI,TIN-855,dummy2,829,1621,*SHAD,samantha.darin,2025-10-21 23:14:40+00:00
TIN-855_IMG_9723_dummy2.jpg,6/1/2022,Guam-CNMI,TIN-855,dummy2,757,1569,*SHAD,samantha.darin,2025-10-21 23:14:40+00:00
TIN-855_IMG_9723_dummy2.jpg,6/1/2022,Guam-CNMI,TIN-855,dummy2,483,2033,*TURFH,samantha.darin,2025-10-21 23:14:40+00:00
TIN-855_IMG_9723_dummy2.jpg,6/1/2022,Guam-CNMI,TIN-855,dummy2,1256,2474,*TURFH,samantha.darin,2025-10-21 23:14:40+00:00
TIN-855_IMG_9723_dummy2.jpg,6/1/2022,Guam-CNMI,TIN-855,dummy2,3465,139,*POMA,samantha.darin,2025-10-21 23:14:39+00:00
TIN-855_IMG_9723_dummy2.jpg,6/1/2022,Guam-CNMI,TIN-855,dummy2,3758,2963,*TURFH,samantha.darin,2025-10-21 23:14:39+00:00
TIN-855_IMG_9723_dummy2.jpg,6/1/2022,Guam-CNMI,TIN-855,dummy2,5170,344,*HALI,samantha.darin,2025-10-21 23:14:39+00:00
TIN-855_IMG_9723_dummy2.jpg,6/1/2022,Guam-CNMI,TIN-855,dummy2,5149,2683,*TURFH,samantha.darin,2025-10-21 23:14:39+00:00
TIN-855_IMG_9725_dummy2.jpg,6/1/2022,Guam-CNMI,TIN-855,dummy2,830,1118,*LPHY,samantha.darin,2025-10-21 23:16:18+00:00
TIN-855_IMG_9725_dummy2.jpg,6/1/2022,Guam-CNMI,TIN-855,dummy2,1768,73,*TURFH,samantha.darin,2025-10-21 23:16:18+00:00
TIN-855_IMG_9725_dummy2.jpg,6/1/2022,Guam-CNMI,TIN-855,dummy2,1806,465,*SAND,samantha.darin,2025-10-21 23:16:18+00:00
TIN-855_IMG_9725_dummy2.jpg,6/1/2022,Guam-CNMI,TIN-855,dummy2,1518,766,*TURFH,samantha.darin,2025-10-21 23:16:18+00:00
TIN-855_IMG_9725_dummy2.jpg,6/1/2022,Guam-CNMI,TIN-855,dummy2,2523,150,*CCAH,samantha.darin,2025-10-21 23:16:18+00:00
TIN-855_IMG_9725_dummy2.jpg,6/1/2022,Guam-CNMI,TIN-855,dummy2,2813,2538,*TURFH,samantha.darin,2025-10-21 23:16:18+00:00
TIN-855_IMG_9725_dummy2.jpg,6/1/2022,Guam-CNMI,TIN-855,dummy2,3627,2694,*PESP,samantha.darin,2025-10-21 23:16:18+00:00
TIN-855_IMG_9725_dummy2.jpg,6/1/2022,Guam-CNMI,TIN-855,dummy2,4600,769,*TURFH,samantha.darin,2025-10-21 23:16:18+00:00
TIN-855_IMG_9725_dummy2.jpg,6/1/2022,Guam-CNMI,TIN-855,dummy2,5294,1378,*CCAH,samantha.darin,2025-10-21 23:16:18+00:00
TIN-855_IMG_9725_dummy2.jpg,6/1/2022,Guam-CNMI,TIN-855,dummy2,5264,1413,*CCAH,samantha.darin,2025-10-21 23:16:18+00:00
TIN-868_IMG_1956_dummy2.jpg,6/1/2022,Guam-CNMI,TIN-868,dummy2,192,4593,*PSSP,samantha.darin,2025-10-21 23:19:13+00:00
TIN-868_IMG_1956_dummy2.jpg,6/1/2022,Guam-CNMI,TIN-868,dummy2,135,5332,*PSSP,samantha.darin,2025-10-21 23:19:13+00:00
TIN-868_IMG_1956_dummy2.jpg,6/1/2022,Guam-CNMI,TIN-868,dummy2,1402,4777,*CCAH,samantha.darin,2025-10-21 23:19:13+00:00
TIN-868_IMG_1956_dummy2.jpg,6/1/2022,Guam-CNMI,TIN-868,dummy2,1735,1545,*POMA,samantha.darin,2025-10-21 23:19:13+00:00
TIN-868_IMG_1956_dummy2.jpg,6/1/2022,Guam-CNMI,TIN-868,dummy2,1862,2250,*POMA,samantha.darin,2025-10-21 23:19:13+00:00
TIN-868_IMG_1956_dummy2.jpg,6/1/2022,Guam-CNMI,TIN-868,dummy2,1920,4776,*TURFH,samantha.darin,2025-10-21 23:19:13+00:00
TIN-868_IMG_1956_dummy2.jpg,6/1/2022,Guam-CNMI,TIN-868,dummy2,2287,3316,*CCAH,samantha.darin,2025-10-21 23:19:13+00:00
TIN-868_IMG_1956_dummy2.jpg,6/1/2022,Guam-CNMI,TIN-868,dummy2,3098,2112,*CCAH,samantha.darin,2025-10-21 23:19:12+00:00
TIN-868_IMG_1956_dummy2.jpg,6/1/2022,Guam-CNMI,TIN-868,dummy2,3364,5402,*CCAH,samantha.darin,2025-10-21 23:19:12+00:00
TIN-868_IMG_1956_dummy2.jpg,6/1/2022,Guam-CNMI,TIN-868,dummy2,3334,5226,*CCAH,samantha.darin,2025-10-21 23:19:12+00:00
TIN-885_IMG_0741_dummy2.jpg,6/1/2022,Guam-CNMI,TIN-885,dummy2,1157,2358,*ASSP,samantha.darin,2025-10-21 23:20:11+00:00
TIN-885_IMG_0741_dummy2.jpg,6/1/2022,Guam-CNMI,TIN-885,dummy2,1570,4,*TURFH,samantha.darin,2025-10-21 23:20:11+00:00
TIN-885_IMG_0741_dummy2.jpg,6/1/2022,Guam-CNMI,TIN-885,dummy2,1523,4137,*TURFH,samantha.darin,2025-10-21 23:20:11+00:00
TIN-885_IMG_0741_dummy2.jpg,6/1/2022,Guam-CNMI,TIN-885,dummy2,1917,3978,*TURFH,samantha.darin,2025-10-21 23:20:11+00:00
TIN-885_IMG_0741_dummy2.jpg,6/1/2022,Guam-CNMI,TIN-885,dummy2,2895,1438,*TURFH,samantha.darin,2025-10-21 23:20:11+00:00
TIN-885_IMG_0741_dummy2.jpg,6/1/2022,Guam-CNMI,TIN-885,dummy2,3007,441,*TURFH,samantha.darin,2025-10-21 23:20:11+00:00
TIN-885_IMG_0741_dummy2.jpg,6/1/2022,Guam-CNMI,TIN-885,dummy2,3534,1107,*TURFH,samantha.darin,2025-10-21 23:20:10+00:00
TIN-885_IMG_0741_dummy2.jpg,6/1/2022,Guam-CNMI,TIN-885,dummy2,3133,3238,*TURFH,samantha.darin,2025-10-21 23:20:10+00:00
TIN-885_IMG_0741_dummy2.jpg,6/1/2022,Guam-CNMI,TIN-885,dummy2,3496,2884,*TURFH,samantha.darin,2025-10-21 23:20:10+00:00
TIN-885_IMG_0741_dummy2.jpg,6/1/2022,Guam-CNMI,TIN-885,dummy2,3504,2639,*TURFH,samantha.darin,2025-10-21 23:20:10+00:00
TIN-896_IMG_9790_dummy2.jpg,6/1/2022,Guam-CNMI,TIN-896,dummy2,117,2438,*TURFH,samantha.darin,2025-10-21 23:22:27+00:00
TIN-896_IMG_9790_dummy2.jpg,6/1/2022,Guam-CNMI,TIN-896,dummy2,460,3964,*TURFH,samantha.darin,2025-10-21 23:22:27+00:00
TIN-896_IMG_9790_dummy2.jpg,6/1/2022,Guam-CNMI,TIN-896,dummy2,730,1038,*TURFH,samantha.darin,2025-10-21 23:22:27+00:00
TIN-896_IMG_9790_dummy2.jpg,6/1/2022,Guam-CNMI,TIN-896,dummy2,930,1796,*PESP,samantha.darin,2025-10-21 23:22:27+00:00
TIN-896_IMG_9790_dummy2.jpg,6/1/2022,Guam-CNMI,TIN-896,dummy2,1211,2587,*TURFH,samantha.darin,2025-10-21 23:22:27+00:00
TIN-896_IMG_9790_dummy2.jpg,6/1/2022,Guam-CNMI,TIN-896,dummy2,1120,5447,*TURFH,samantha.darin,2025-10-21 23:22:27+00:00
TIN-896_IMG_9790_dummy2.jpg,6/1/2022,Guam-CNMI,TIN-896,dummy2,1387,4489,*PESP,samantha.darin,2025-10-21 23:22:27+00:00
TIN-896_IMG_9790_dummy2.jpg,6/1/2022,Guam-CNMI,TIN-896,dummy2,2794,1803,*TURFH,samantha.darin,2025-10-21 23:22:27+00:00
TIN-896_IMG_9790_dummy2.jpg,6/1/2022,Guam-CNMI,TIN-896,dummy2,2753,1213,*TURFH,samantha.darin,2025-10-21 23:22:27+00:00
TIN-896_IMG_9790_dummy2.jpg,6/1/2022,Guam-CNMI,TIN-896,dummy2,2854,5153,*TURFH,samantha.darin,2025-10-21 23:22:27+00:00
AGU-532_IMG_9142_dummy1.jpg,6/1/2022,Guam-CNMI,AGU-532,dummy1,34,69,*GONS,mskye13,2025-10-17 18:06:38+00:00
AGU-532_IMG_9142_dummy1.jpg,6/1/2022,Guam-CNMI,AGU-532,dummy1,580,4878,*MOBF,mskye13,2025-10-17 18:06:38+00:00
AGU-532_IMG_9142_dummy1.jpg,6/1/2022,Guam-CNMI,AGU-532,dummy1,1068,831,*HALI,mskye13,2025-10-17 18:06:38+00:00
AGU-532_IMG_9142_dummy1.jpg,6/1/2022,Guam-CNMI,AGU-532,dummy1,1336,1895,*SHAD,mskye13,2025-10-17 18:06:38+00:00
AGU-532_IMG_9142_dummy1.jpg,6/1/2022,Guam-CNMI,AGU-532,dummy1,1622,3187,*TURFH,mskye13,2025-10-17 18:06:38+00:00
AGU-532_IMG_9142_dummy1.jpg,6/1/2022,Guam-CNMI,AGU-532,dummy1,2522,2561,*HALI,mskye13,2025-10-17 18:06:38+00:00
AGU-532_IMG_9142_dummy1.jpg,6/1/2022,Guam-CNMI,AGU-532,dummy1,2367,2388,*EMA,mskye13,2025-10-17 18:06:38+00:00
AGU-532_IMG_9142_dummy1.jpg,6/1/2022,Guam-CNMI,AGU-532,dummy1,2766,2694,*TURFH,mskye13,2025-10-17 18:06:38+00:00
AGU-532_IMG_9142_dummy1.jpg,6/1/2022,Guam-CNMI,AGU-532,dummy1,2749,4682,*PAMA,mskye13,2025-10-17 18:06:38+00:00
AGU-532_IMG_9142_dummy1.jpg,6/1/2022,Guam-CNMI,AGU-532,dummy1,3389,1870,*PAEN,mskye13,2025-10-17 18:06:38+00:00
AGU-541_IMG_9632_dummy1.jpg,6/1/2022,Guam-CNMI,AGU-541,dummy1,613,2472,*HALI,mskye13,2025-10-17 18:08:25+00:00
AGU-541_IMG_9632_dummy1.jpg,6/1/2022,Guam-CNMI,AGU-541,dummy1,1621,1987,*GONS,mskye13,2025-10-17 18:08:25+00:00
AGU-541_IMG_9632_dummy1.jpg,6/1/2022,Guam-CNMI,AGU-541,dummy1,1452,2790,*CCAH,mskye13,2025-10-17 18:08:25+00:00
AGU-541_IMG_9632_dummy1.jpg,6/1/2022,Guam-CNMI,AGU-541,dummy1,3512,731,*POMA,mskye13,2025-10-17 18:08:25+00:00
AGU-541_IMG_9632_dummy1.jpg,6/1/2022,Guam-CNMI,AGU-541,dummy1,3309,2557,*CCAH,mskye13,2025-10-17 18:08:25+00:00
AGU-541_IMG_9632_dummy1.jpg,6/1/2022,Guam-CNMI,AGU-541,dummy1,3987,2577,*CYPS,mskye13,2025-10-17 18:08:25+00:00
AGU-541_IMG_9632_dummy1.jpg,6/1/2022,Guam-CNMI,AGU-541,dummy1,3829,3586,*HALI,mskye13,2025-10-17 18:08:25+00:00
AGU-541_IMG_9632_dummy1.jpg,6/1/2022,Guam-CNMI,AGU-541,dummy1,4906,1931,*POMA,mskye13,2025-10-17 18:08:25+00:00
AGU-541_IMG_9632_dummy1.jpg,6/1/2022,Guam-CNMI,AGU-541,dummy1,5295,3162,*POMA,mskye13,2025-10-17 18:08:25+00:00
AGU-541_IMG_9632_dummy1.jpg,6/1/2022,Guam-CNMI,AGU-541,dummy1,5307,3047,*SAND,mskye13,2025-10-17 18:08:25+00:00
AGU-543_IMG_9673_dummy1.jpg,6/1/2022,Guam-CNMI,AGU-543,dummy1,583,3931,*TURFH,mskye13,2025-10-17 18:10:21+00:00
AGU-543_IMG_9673_dummy1.jpg,6/1/2022,Guam-CNMI,AGU-543,dummy1,125,5046,*TURFH,mskye13,2025-10-17 18:10:21+00:00
AGU-543_IMG_9673_dummy1.jpg,6/1/2022,Guam-CNMI,AGU-543,dummy1,1111,1623,*TURFH,mskye13,2025-10-17 18:10:21+00:00
AGU-543_IMG_9673_dummy1.jpg,6/1/2022,Guam-CNMI,AGU-543,dummy1,1065,1249,*TURFH,mskye13,2025-10-17 18:10:21+00:00
AGU-543_IMG_9673_dummy1.jpg,6/1/2022,Guam-CNMI,AGU-543,dummy1,1246,2216,*EMA,mskye13,2025-10-17 18:10:21+00:00
AGU-543_IMG_9673_dummy1.jpg,6/1/2022,Guam-CNMI,AGU-543,dummy1,1044,3989,*CCAH,mskye13,2025-10-17 18:10:21+00:00
AGU-543_IMG_9673_dummy1.jpg,6/1/2022,Guam-CNMI,AGU-543,dummy1,2040,1153,*TURFH,mskye13,2025-10-17 18:10:21+00:00
AGU-543_IMG_9673_dummy1.jpg,6/1/2022,Guam-CNMI,AGU-543,dummy1,3388,1742,*TURFH,mskye13,2025-10-17 18:10:21+00:00
AGU-543_IMG_9673_dummy1.jpg,6/1/2022,Guam-CNMI,AGU-543,dummy1,3447,1329,*TURFH,mskye13,2025-10-17 18:10:21+00:00
AGU-543_IMG_9673_dummy1.jpg,6/1/2022,Guam-CNMI,AGU-543,dummy1,3322,3156,*SHAD,mskye13,2025-10-17 18:10:21+00:00
AGU-548_IMG_1423_dummy1.jpg,6/1/2022,Guam-CNMI,AGU-548,dummy1,499,3547,*TURFH,mskye13,2025-10-17 18:11:16+00:00
AGU-548_IMG_1423_dummy1.jpg,6/1/2022,Guam-CNMI,AGU-548,dummy1,487,3851,*HALI,mskye13,2025-10-17 18:11:16+00:00
AGU-548_IMG_1423_dummy1.jpg,6/1/2022,Guam-CNMI,AGU-548,dummy1,203,4002,*TURFH,mskye13,2025-10-17 18:11:16+00:00
AGU-548_IMG_1423_dummy1.jpg,6/1/2022,Guam-CNMI,AGU-548,dummy1,1420,2403,*FASP,mskye13,2025-10-17 18:11:16+00:00
AGU-548_IMG_1423_dummy1.jpg,6/1/2022,Guam-CNMI,AGU-548,dummy1,891,4029,*TURFH,mskye13,2025-10-17 18:11:16+00:00
AGU-548_IMG_1423_dummy1.jpg,6/1/2022,Guam-CNMI,AGU-548,dummy1,2019,1533,*HALI,mskye13,2025-10-17 18:11:16+00:00
AGU-548_IMG_1423_dummy1.jpg,6/1/2022,Guam-CNMI,AGU-548,dummy1,1893,2193,*TURFH,mskye13,2025-10-17 18:11:16+00:00
AGU-548_IMG_1423_dummy1.jpg,6/1/2022,Guam-CNMI,AGU-548,dummy1,1646,5213,*ASSP,mskye13,2025-10-17 18:11:16+00:00
AGU-548_IMG_1423_dummy1.jpg,6/1/2022,Guam-CNMI,AGU-548,dummy1,3177,1521,*POEN,mskye13,2025-10-17 18:11:16+00:00
AGU-548_IMG_1423_dummy1.jpg,6/1/2022,Guam-CNMI,AGU-548,dummy1,3263,2923,*TURFH,mskye13,2025-10-17 18:11:16+00:00
AGU-558_IMG_9708_dummy1.jpg,6/1/2022,Guam-CNMI,AGU-558,dummy1,360,297,*BGMA,mskye13,2025-10-17 18:13:28+00:00
AGU-558_IMG_9708_dummy1.jpg,6/1/2022,Guam-CNMI,AGU-558,dummy1,434,1844,*TURFH,mskye13,2025-10-17 18:13:28+00:00
AGU-558_IMG_9708_dummy1.jpg,6/1/2022,Guam-CNMI,AGU-558,dummy1,862,2336,*POCS,mskye13,2025-10-17 18:13:28+00:00
AGU-558_IMG_9708_dummy1.jpg,6/1/2022,Guam-CNMI,AGU-558,dummy1,1079,3518,*TURFH,mskye13,2025-10-17 18:13:28+00:00
AGU-558_IMG_9708_dummy1.jpg,6/1/2022,Guam-CNMI,AGU-558,dummy1,1806,1722,*PAEN,mskye13,2025-10-17 18:13:28+00:00
AGU-558_IMG_9708_dummy1.jpg,6/1/2022,Guam-CNMI,AGU-558,dummy1,1761,3218,*TURFH,mskye13,2025-10-17 18:13:28+00:00
AGU-558_IMG_9708_dummy1.jpg,6/1/2022,Guam-CNMI,AGU-558,dummy1,2190,1853,*MOEN,mskye13,2025-10-17 18:13:28+00:00
AGU-558_IMG_9708_dummy1.jpg,6/1/2022,Guam-CNMI,AGU-558,dummy1,3482,2739,*TURFH,mskye13,2025-10-17 18:13:28+00:00
AGU-558_IMG_9708_dummy1.jpg,6/1/2022,Guam-CNMI,AGU-558,dummy1,3151,3221,*MOEN,mskye13,2025-10-17 18:13:28+00:00
AGU-558_IMG_9708_dummy1.jpg,6/1/2022,Guam-CNMI,AGU-558,dummy1,2966,3277,*TURFH,mskye13,2025-10-17 18:13:28+00:00
AGU-558_IMG_9713_dummy1.jpg,6/1/2022,Guam-CNMI,AGU-558,dummy1,1438,3687,*TURFH,mskye13,2025-10-17 18:15:01+00:00
AGU-558_IMG_9713_dummy1.jpg,6/1/2022,Guam-CNMI,AGU-558,dummy1,1618,847,*CCAH,mskye13,2025-10-17 18:15:01+00:00
AGU-558_IMG_9713_dummy1.jpg,6/1/2022,Guam-CNMI,AGU-558,dummy1,1576,3645,*TURFH,mskye13,2025-10-17 18:15:01+00:00
AGU-558_IMG_9713_dummy1.jpg,6/1/2022,Guam-CNMI,AGU-558,dummy1,1713,5293,*CYPS,mskye13,2025-10-17 18:15:01+00:00
AGU-558_IMG_9713_dummy1.jpg,6/1/2022,Guam-CNMI,AGU-558,dummy1,2312,2882,*TURFH,mskye13,2025-10-17 18:15:01+00:00
AGU-558_IMG_9713_dummy1.jpg,6/1/2022,Guam-CNMI,AGU-558,dummy1,2542,4803,*TURFH,mskye13,2025-10-17 18:15:01+00:00
AGU-558_IMG_9713_dummy1.jpg,6/1/2022,Guam-CNMI,AGU-558,dummy1,2400,4438,*TURFH,mskye13,2025-10-17 18:15:01+00:00
AGU-558_IMG_9713_dummy1.jpg,6/1/2022,Guam-CNMI,AGU-558,dummy1,2466,5277,*TURFH,mskye13,2025-10-17 18:15:01+00:00
AGU-558_IMG_9713_dummy1.jpg,6/1/2022,Guam-CNMI,AGU-558,dummy1,3460,2082,*TURFH,mskye13,2025-10-17 18:15:01+00:00
AGU-558_IMG_9713_dummy1.jpg,6/1/2022,Guam-CNMI,AGU-558,dummy1,2996,4034,*CYPS,mskye13,2025-10-17 18:15:01+00:00
AGU-558_IMG_9720_dummy1.jpg,6/1/2022,Guam-CNMI,AGU-558,dummy1,241,1650,*CCAH,mskye13,2025-10-17 18:17:16+00:00
AGU-558_IMG_9720_dummy1.jpg,6/1/2022,Guam-CNMI,AGU-558,dummy1,145,2933,*HALI,mskye13,2025-10-17 18:17:16+00:00
AGU-558_IMG_9720_dummy1.jpg,6/1/2022,Guam-CNMI,AGU-558,dummy1,1202,1086,*CCAH,mskye13,2025-10-17 18:17:16+00:00
AGU-558_IMG_9720_dummy1.jpg,6/1/2022,Guam-CNMI,AGU-558,dummy1,2182,708,*HALI,mskye13,2025-10-17 18:17:16+00:00
AGU-558_IMG_9720_dummy1.jpg,6/1/2022,Guam-CNMI,AGU-558,dummy1,2067,672,*HALI,mskye13,2025-10-17 18:17:16+00:00
AGU-558_IMG_9720_dummy1.jpg,6/1/2022,Guam-CNMI,AGU-558,dummy1,1881,4150,*HALI,mskye13,2025-10-17 18:17:16+00:00
AGU-558_IMG_9720_dummy1.jpg,6/1/2022,Guam-CNMI,AGU-558,dummy1,1977,4158,*CCAH,mskye13,2025-10-17 18:17:16+00:00
AGU-558_IMG_9720_dummy1.jpg,6/1/2022,Guam-CNMI,AGU-558,dummy1,3287,2091,*TURFH,mskye13,2025-10-17 18:17:16+00:00
AGU-558_IMG_9720_dummy1.jpg,6/1/2022,Guam-CNMI,AGU-558,dummy1,3357,5382,*TURFH,mskye13,2025-10-17 18:17:16+00:00
AGU-558_IMG_9720_dummy1.jpg,6/1/2022,Guam-CNMI,AGU-558,dummy1,2994,5238,*HALI,mskye13,2025-10-17 18:17:16+00:00
ASC-366_2017_A_11_dummy1.jpg,5/1/2017,Guam-CNMI,ASC-366,dummy1,485,2277,*TURFH,mskye13,2025-10-17 18:18:05+00:00
ASC-366_2017_A_11_dummy1.jpg,5/1/2017,Guam-CNMI,ASC-366,dummy1,441,3110,*TURFH,mskye13,2025-10-17 18:18:05+00:00
ASC-366_2017_A_11_dummy1.jpg,5/1/2017,Guam-CNMI,ASC-366,dummy1,440,3944,*CYPS,mskye13,2025-10-17 18:18:05+00:00
ASC-366_2017_A_11_dummy1.jpg,5/1/2017,Guam-CNMI,ASC-366,dummy1,1125,609,*TURFH,mskye13,2025-10-17 18:18:05+00:00
ASC-366_2017_A_11_dummy1.jpg,5/1/2017,Guam-CNMI,ASC-366,dummy1,990,787,*TURFH,mskye13,2025-10-17 18:18:05+00:00
ASC-366_2017_A_11_dummy1.jpg,5/1/2017,Guam-CNMI,ASC-366,dummy1,1723,35,*ENC,mskye13,2025-10-17 18:18:05+00:00
ASC-366_2017_A_11_dummy1.jpg,5/1/2017,Guam-CNMI,ASC-366,dummy1,1233,1339,*TURFH,mskye13,2025-10-17 18:18:05+00:00
ASC-366_2017_A_11_dummy1.jpg,5/1/2017,Guam-CNMI,ASC-366,dummy1,1720,1274,*TURFH,mskye13,2025-10-17 18:18:05+00:00
ASC-366_2017_A_11_dummy1.jpg,5/1/2017,Guam-CNMI,ASC-366,dummy1,2270,1726,*TURFH,mskye13,2025-10-17 18:18:05+00:00
ASC-366_2017_A_11_dummy1.jpg,5/1/2017,Guam-CNMI,ASC-366,dummy1,2987,2997,*CYPS,mskye13,2025-10-17 18:18:05+00:00
ASC-369_2017_A_26_dummy1.jpg,5/1/2017,Guam-CNMI,ASC-369,dummy1,412,1343,*TURFH,mskye13,2025-10-17 18:19:00+00:00
ASC-369_2017_A_26_dummy1.jpg,5/1/2017,Guam-CNMI,ASC-369,dummy1,245,4081,*CCAH,mskye13,2025-10-17 18:19:00+00:00
ASC-369_2017_A_26_dummy1.jpg,5/1/2017,Guam-CNMI,ASC-369,dummy1,483,4774,*ASSP,mskye13,2025-10-17 18:19:00+00:00
ASC-369_2017_A_26_dummy1.jpg,5/1/2017,Guam-CNMI,ASC-369,dummy1,218,5175,*ASSP,mskye13,2025-10-17 18:19:00+00:00
ASC-369_2017_A_26_dummy1.jpg,5/1/2017,Guam-CNMI,ASC-369,dummy1,369,4943,*ASSP,mskye13,2025-10-17 18:19:00+00:00
ASC-369_2017_A_26_dummy1.jpg,5/1/2017,Guam-CNMI,ASC-369,dummy1,1011,197,*TURFH,mskye13,2025-10-17 18:19:00+00:00
ASC-369_2017_A_26_dummy1.jpg,5/1/2017,Guam-CNMI,ASC-369,dummy1,1820,3404,*PESP,mskye13,2025-10-17 18:19:00+00:00
ASC-369_2017_A_26_dummy1.jpg,5/1/2017,Guam-CNMI,ASC-369,dummy1,2203,663,*TURFH,mskye13,2025-10-17 18:19:00+00:00
ASC-369_2017_A_26_dummy1.jpg,5/1/2017,Guam-CNMI,ASC-369,dummy1,2413,3604,*TURFH,mskye13,2025-10-17 18:19:00+00:00
ASC-369_2017_A_26_dummy1.jpg,5/1/2017,Guam-CNMI,ASC-369,dummy1,2739,5357,*TURFH,mskye13,2025-10-17 18:19:00+00:00
ASC-372_2017_A_10_dummy1.jpg,5/1/2017,Guam-CNMI,ASC-372,dummy1,1404,2031,*CCAH,mskye13,2025-10-17 18:19:47+00:00
ASC-372_2017_A_10_dummy1.jpg,5/1/2017,Guam-CNMI,ASC-372,dummy1,2132,698,*GOAL,mskye13,2025-10-17 18:19:47+00:00
ASC-372_2017_A_10_dummy1.jpg,5/1/2017,Guam-CNMI,ASC-372,dummy1,1904,2612,*TURFH,mskye13,2025-10-17 18:19:47+00:00
ASC-372_2017_A_10_dummy1.jpg,5/1/2017,Guam-CNMI,ASC-372,dummy1,2739,275,*GOAL,mskye13,2025-10-17 18:19:47+00:00
ASC-372_2017_A_10_dummy1.jpg,5/1/2017,Guam-CNMI,ASC-372,dummy1,2489,2586,*TURFH,mskye13,2025-10-17 18:19:47+00:00
ASC-372_2017_A_10_dummy1.jpg,5/1/2017,Guam-CNMI,ASC-372,dummy1,2344,3953,*CCAH,mskye13,2025-10-17 18:19:47+00:00
ASC-372_2017_A_10_dummy1.jpg,5/1/2017,Guam-CNMI,ASC-372,dummy1,2715,5060,*TURFH,mskye13,2025-10-17 18:19:47+00:00
ASC-372_2017_A_10_dummy1.jpg,5/1/2017,Guam-CNMI,ASC-372,dummy1,3182,1377,*CCAH,mskye13,2025-10-17 18:19:47+00:00
ASC-372_2017_A_10_dummy1.jpg,5/1/2017,Guam-CNMI,ASC-372,dummy1,3165,4018,*TURFH,mskye13,2025-10-17 18:19:47+00:00
ASC-372_2017_A_10_dummy1.jpg,5/1/2017,Guam-CNMI,ASC-372,dummy1,3224,5125,*PESP,mskye13,2025-10-17 18:19:47+00:00
ASC-373_2017_A_29_dummy1.jpg,5/1/2017,Guam-CNMI,ASC-373,dummy1,44,1084,*TURFH,mskye13,2025-10-17 18:23:41+00:00
ASC-373_2017_A_29_dummy1.jpg,5/1/2017,Guam-CNMI,ASC-373,dummy1,762,855,*CCAH,mskye13,2025-10-17 18:23:41+00:00
ASC-373_2017_A_29_dummy1.jpg,5/1/2017,Guam-CNMI,ASC-373,dummy1,779,1028,*TURFH,mskye13,2025-10-17 18:23:41+00:00
ASC-373_2017_A_29_dummy1.jpg,5/1/2017,Guam-CNMI,ASC-373,dummy1,753,1084,*TURFH,mskye13,2025-10-17 18:23:41+00:00
ASC-373_2017_A_29_dummy1.jpg,5/1/2017,Guam-CNMI,ASC-373,dummy1,691,1421,*TURFH,mskye13,2025-10-17 18:23:41+00:00
ASC-373_2017_A_29_dummy1.jpg,5/1/2017,Guam-CNMI,ASC-373,dummy1,1090,410,*TURFH,mskye13,2025-10-17 18:23:41+00:00
ASC-373_2017_A_29_dummy1.jpg,5/1/2017,Guam-CNMI,ASC-373,dummy1,989,1747,*POMA,mskye13,2025-10-17 18:23:41+00:00
ASC-373_2017_A_29_dummy1.jpg,5/1/2017,Guam-CNMI,ASC-373,dummy1,1262,341,*TURFH,mskye13,2025-10-17 18:23:41+00:00
ASC-373_2017_A_29_dummy1.jpg,5/1/2017,Guam-CNMI,ASC-373,dummy1,1506,828,*TURFH,mskye13,2025-10-17 18:23:41+00:00
ASC-373_2017_A_29_dummy1.jpg,5/1/2017,Guam-CNMI,ASC-373,dummy1,1490,465,*TURFH,mskye13,2025-10-17 18:23:41+00:00
ASC-377_2017_A_27_dummy1.jpg,5/1/2017,Guam-CNMI,ASC-377,dummy1,216,814,*PESP,mskye13,2025-10-17 18:24:48+00:00
ASC-377_2017_A_27_dummy1.jpg,5/1/2017,Guam-CNMI,ASC-377,dummy1,931,310,*TURFH,mskye13,2025-10-17 18:24:48+00:00
ASC-377_2017_A_27_dummy1.jpg,5/1/2017,Guam-CNMI,ASC-377,dummy1,1150,2534,*CCAH,mskye13,2025-10-17 18:24:48+00:00
ASC-377_2017_A_27_dummy1.jpg,5/1/2017,Guam-CNMI,ASC-377,dummy1,732,2683,*TURFH,mskye13,2025-10-17 18:24:48+00:00
ASC-377_2017_A_27_dummy1.jpg,5/1/2017,Guam-CNMI,ASC-377,dummy1,1776,405,*TURFH,mskye13,2025-10-17 18:24:48+00:00
ASC-377_2017_A_27_dummy1.jpg,5/1/2017,Guam-CNMI,ASC-377,dummy1,2017,417,*TURFH,mskye13,2025-10-17 18:24:47+00:00
ASC-377_2017_A_27_dummy1.jpg,5/1/2017,Guam-CNMI,ASC-377,dummy1,2071,1441,*TURFH,mskye13,2025-10-17 18:24:47+00:00
ASC-377_2017_A_27_dummy1.jpg,5/1/2017,Guam-CNMI,ASC-377,dummy1,1907,4770,*TURFH,mskye13,2025-10-17 18:24:47+00:00
ASC-377_2017_A_27_dummy1.jpg,5/1/2017,Guam-CNMI,ASC-377,dummy1,2675,1639,*TURFH,mskye13,2025-10-17 18:24:47+00:00
ASC-377_2017_A_27_dummy1.jpg,5/1/2017,Guam-CNMI,ASC-377,dummy1,3050,1120,*PESP,mskye13,2025-10-17 18:24:47+00:00
ASC-379_2017_A_04_dummy1.jpg,5/1/2017,Guam-CNMI,ASC-379,dummy1,193,701,*ECHP,mskye13,2025-10-17 18:29:28+00:00
ASC-379_2017_A_04_dummy1.jpg,5/1/2017,Guam-CNMI,ASC-379,dummy1,441,4624,*FASP,mskye13,2025-10-17 18:29:28+00:00
ASC-379_2017_A_04_dummy1.jpg,5/1/2017,Guam-CNMI,ASC-379,dummy1,1104,3769,*ACBR,mskye13,2025-10-17 18:29:28+00:00
ASC-379_2017_A_04_dummy1.jpg,5/1/2017,Guam-CNMI,ASC-379,dummy1,833,5110,*CCAH,mskye13,2025-10-17 18:29:28+00:00
ASC-379_2017_A_04_dummy1.jpg,5/1/2017,Guam-CNMI,ASC-379,dummy1,2425,2656,*TURFH,mskye13,2025-10-17 18:29:28+00:00
ASC-379_2017_A_04_dummy1.jpg,5/1/2017,Guam-CNMI,ASC-379,dummy1,2654,4006,*TURFH,mskye13,2025-10-17 18:29:28+00:00
ASC-379_2017_A_04_dummy1.jpg,5/1/2017,Guam-CNMI,ASC-379,dummy1,2199,5403,*CCAH,mskye13,2025-10-17 18:29:28+00:00
ASC-379_2017_A_04_dummy1.jpg,5/1/2017,Guam-CNMI,ASC-379,dummy1,3076,2841,*ECHP,mskye13,2025-10-17 18:29:28+00:00
ASC-379_2017_A_04_dummy1.jpg,5/1/2017,Guam-CNMI,ASC-379,dummy1,3069,2961,*ECHP,mskye13,2025-10-17 18:29:28+00:00
ASC-379_2017_A_04_dummy1.jpg,5/1/2017,Guam-CNMI,ASC-379,dummy1,3033,3589,*TURFH,mskye13,2025-10-17 18:29:28+00:00
ASC-380_2017_A_02_dummy1.jpg,5/1/2017,Guam-CNMI,ASC-380,dummy1,23,417,*POEN,mskye13,2025-10-17 18:30:40+00:00
ASC-380_2017_A_02_dummy1.jpg,5/1/2017,Guam-CNMI,ASC-380,dummy1,101,522,*POEN,mskye13,2025-10-17 18:30:40+00:00
ASC-380_2017_A_02_dummy1.jpg,5/1/2017,Guam-CNMI,ASC-380,dummy1,461,643,*GRMA,mskye13,2025-10-17 20:57:58+00:00
ASC-380_2017_A_02_dummy1.jpg,5/1/2017,Guam-CNMI,ASC-380,dummy1,731,1211,*TURFH,mskye13,2025-10-17 18:30:40+00:00
ASC-380_2017_A_02_dummy1.jpg,5/1/2017,Guam-CNMI,ASC-380,dummy1,857,1551,*OCTO,mskye13,2025-10-17 18:30:40+00:00
ASC-380_2017_A_02_dummy1.jpg,5/1/2017,Guam-CNMI,ASC-380,dummy1,692,1428,*TURFH,mskye13,2025-10-17 18:30:40+00:00
ASC-380_2017_A_02_dummy1.jpg,5/1/2017,Guam-CNMI,ASC-380,dummy1,1094,765,*TURFH,mskye13,2025-10-17 18:30:40+00:00
ASC-380_2017_A_02_dummy1.jpg,5/1/2017,Guam-CNMI,ASC-380,dummy1,1134,620,*TURFH,mskye13,2025-10-17 18:30:40+00:00
ASC-380_2017_A_02_dummy1.jpg,5/1/2017,Guam-CNMI,ASC-380,dummy1,1389,725,*TURFH,mskye13,2025-10-17 18:30:40+00:00
ASC-380_2017_A_02_dummy1.jpg,5/1/2017,Guam-CNMI,ASC-380,dummy1,1330,1491,*TURFH,mskye13,2025-10-17 18:30:40+00:00
ASC-385_2017_A_12_dummy1.jpg,5/1/2017,Guam-CNMI,ASC-385,dummy1,656,745,*CCAH,mskye13,2025-10-17 18:34:58+00:00
ASC-385_2017_A_12_dummy1.jpg,5/1/2017,Guam-CNMI,ASC-385,dummy1,147,4869,*CCAH,mskye13,2025-10-17 18:34:58+00:00
ASC-385_2017_A_12_dummy1.jpg,5/1/2017,Guam-CNMI,ASC-385,dummy1,1279,344,*TURFH,mskye13,2025-10-17 18:34:57+00:00
ASC-385_2017_A_12_dummy1.jpg,5/1/2017,Guam-CNMI,ASC-385,dummy1,1792,1977,*CCAH,mskye13,2025-10-17 18:34:57+00:00
ASC-385_2017_A_12_dummy1.jpg,5/1/2017,Guam-CNMI,ASC-385,dummy1,1905,3229,*CCAH,mskye13,2025-10-17 18:34:57+00:00
ASC-385_2017_A_12_dummy1.jpg,5/1/2017,Guam-CNMI,ASC-385,dummy1,2841,3959,*EMA,mskye13,2025-10-17 18:34:57+00:00
ASC-385_2017_A_12_dummy1.jpg,5/1/2017,Guam-CNMI,ASC-385,dummy1,2485,5067,*EMA,mskye13,2025-10-17 18:34:57+00:00
ASC-385_2017_A_12_dummy1.jpg,5/1/2017,Guam-CNMI,ASC-385,dummy1,2784,4438,*EMA,mskye13,2025-10-17 18:34:57+00:00
ASC-385_2017_A_12_dummy1.jpg,5/1/2017,Guam-CNMI,ASC-385,dummy1,3031,925,*EMA,mskye13,2025-10-17 18:34:57+00:00
ASC-385_2017_A_12_dummy1.jpg,5/1/2017,Guam-CNMI,ASC-385,dummy1,3256,4943,*BGMA,mskye13,2025-10-17 18:34:57+00:00
ASC-386_2017_A_25_dummy1.jpg,5/1/2017,Guam-CNMI,ASC-386,dummy1,366,3220,*POMA,mskye13,2025-10-17 18:37:44+00:00
ASC-386_2017_A_25_dummy1.jpg,5/1/2017,Guam-CNMI,ASC-386,dummy1,206,4957,*HCOE,mskye13,2025-10-17 18:37:44+00:00
ASC-386_2017_A_25_dummy1.jpg,5/1/2017,Guam-CNMI,ASC-386,dummy1,784,2443,*POEN,mskye13,2025-10-17 18:37:44+00:00
ASC-386_2017_A_25_dummy1.jpg,5/1/2017,Guam-CNMI,ASC-386,dummy1,1317,2831,*HARD,mskye13,2025-10-17 18:37:44+00:00
ASC-386_2017_A_25_dummy1.jpg,5/1/2017,Guam-CNMI,ASC-386,dummy1,1046,4724,*TURFH,mskye13,2025-10-17 18:37:44+00:00
ASC-386_2017_A_25_dummy1.jpg,5/1/2017,Guam-CNMI,ASC-386,dummy1,859,5247,*HCOE,mskye13,2025-10-17 18:37:44+00:00
ASC-386_2017_A_25_dummy1.jpg,5/1/2017,Guam-CNMI,ASC-386,dummy1,774,4545,*ZO,mskye13,2025-10-17 18:37:44+00:00
ASC-386_2017_A_25_dummy1.jpg,5/1/2017,Guam-CNMI,ASC-386,dummy1,2110,1164,*FAVS,mskye13,2025-10-17 18:37:44+00:00
ASC-386_2017_A_25_dummy1.jpg,5/1/2017,Guam-CNMI,ASC-386,dummy1,1886,3402,*HCOE,mskye13,2025-10-17 18:37:44+00:00
ASC-386_2017_A_25_dummy1.jpg,5/1/2017,Guam-CNMI,ASC-386,dummy1,3220,2577,*POEN,mskye13,2025-10-17 18:37:44+00:00
ASC-388_2017_A_01_dummy1.jpg,5/1/2017,Guam-CNMI,ASC-388,dummy1,651,488,*ASSP,mskye13,2025-10-17 18:38:49+00:00
ASC-388_2017_A_01_dummy1.jpg,5/1/2017,Guam-CNMI,ASC-388,dummy1,903,2281,*LEPT,mskye13,2025-10-17 18:38:49+00:00
ASC-388_2017_A_01_dummy1.jpg,5/1/2017,Guam-CNMI,ASC-388,dummy1,1608,4728,*TURFH,mskye13,2025-10-17 18:38:49+00:00
ASC-388_2017_A_01_dummy1.jpg,5/1/2017,Guam-CNMI,ASC-388,dummy1,1873,4924,*TURFH,mskye13,2025-10-17 18:38:49+00:00
ASC-388_2017_A_01_dummy1.jpg,5/1/2017,Guam-CNMI,ASC-388,dummy1,2561,338,*PAEN,mskye13,2025-10-17 18:38:49+00:00
ASC-388_2017_A_01_dummy1.jpg,5/1/2017,Guam-CNMI,ASC-388,dummy1,2480,2667,*BGMA,mskye13,2025-10-17 18:38:49+00:00
ASC-388_2017_A_01_dummy1.jpg,5/1/2017,Guam-CNMI,ASC-388,dummy1,2886,4241,*TURFH,mskye13,2025-10-17 18:38:49+00:00
ASC-388_2017_A_01_dummy1.jpg,5/1/2017,Guam-CNMI,ASC-388,dummy1,2638,3303,*EMA,mskye13,2025-10-17 18:38:49+00:00
ASC-388_2017_A_01_dummy1.jpg,5/1/2017,Guam-CNMI,ASC-388,dummy1,3467,310,*TURFH,mskye13,2025-10-17 18:38:49+00:00
ASC-388_2017_A_01_dummy1.jpg,5/1/2017,Guam-CNMI,ASC-388,dummy1,3057,871,*GRMA,mskye13,2025-10-17 18:38:49+00:00
ASC-392_2017_A_21_dummy1.jpg,5/1/2017,Guam-CNMI,ASC-392,dummy1,116,319,*SHAD,mskye13,2025-10-17 18:41:37+00:00
ASC-392_2017_A_21_dummy1.jpg,5/1/2017,Guam-CNMI,ASC-392,dummy1,32,1549,*ENC,mskye13,2025-10-17 18:41:37+00:00
ASC-392_2017_A_21_dummy1.jpg,5/1/2017,Guam-CNMI,ASC-392,dummy1,423,840,*TURFH,mskye13,2025-10-17 18:41:37+00:00
ASC-392_2017_A_21_dummy1.jpg,5/1/2017,Guam-CNMI,ASC-392,dummy1,804,438,*STYS,mskye13,2025-10-17 18:41:37+00:00
ASC-392_2017_A_21_dummy1.jpg,5/1/2017,Guam-CNMI,ASC-392,dummy1,906,1354,*TURFH,mskye13,2025-10-17 18:41:37+00:00
ASC-392_2017_A_21_dummy1.jpg,5/1/2017,Guam-CNMI,ASC-392,dummy1,740,2080,*TURFH,mskye13,2025-10-17 18:41:37+00:00
ASC-392_2017_A_21_dummy1.jpg,5/1/2017,Guam-CNMI,ASC-392,dummy1,1007,1647,*TURFH,mskye13,2025-10-17 18:41:37+00:00
ASC-392_2017_A_21_dummy1.jpg,5/1/2017,Guam-CNMI,ASC-392,dummy1,1101,1447,*TURFH,mskye13,2025-10-17 18:41:37+00:00
ASC-392_2017_A_21_dummy1.jpg,5/1/2017,Guam-CNMI,ASC-392,dummy1,1346,273,*CCAH,mskye13,2025-10-17 18:41:37+00:00
ASC-392_2017_A_21_dummy1.jpg,5/1/2017,Guam-CNMI,ASC-392,dummy1,1508,2128,*SHAD,mskye13,2025-10-17 18:41:37+00:00
ASC-394_2017_A_27_dummy1.jpg,5/1/2017,Guam-CNMI,ASC-394,dummy1,393,672,*CCAH,mskye13,2025-10-17 18:42:52+00:00
ASC-394_2017_A_27_dummy1.jpg,5/1/2017,Guam-CNMI,ASC-394,dummy1,505,2778,*TURFH,mskye13,2025-10-17 18:42:52+00:00
ASC-394_2017_A_27_dummy1.jpg,5/1/2017,Guam-CNMI,ASC-394,dummy1,1174,3194,*TURFH,mskye13,2025-10-17 18:42:52+00:00
ASC-394_2017_A_27_dummy1.jpg,5/1/2017,Guam-CNMI,ASC-394,dummy1,1214,3319,*TURFH,mskye13,2025-10-17 18:42:52+00:00
ASC-394_2017_A_27_dummy1.jpg,5/1/2017,Guam-CNMI,ASC-394,dummy1,1388,3877,*HCOE,mskye13,2025-10-17 18:42:52+00:00
ASC-394_2017_A_27_dummy1.jpg,5/1/2017,Guam-CNMI,ASC-394,dummy1,2035,352,*TURFH,mskye13,2025-10-17 18:42:52+00:00
ASC-394_2017_A_27_dummy1.jpg,5/1/2017,Guam-CNMI,ASC-394,dummy1,1868,2205,*TURFH,mskye13,2025-10-17 18:42:52+00:00
ASC-394_2017_A_27_dummy1.jpg,5/1/2017,Guam-CNMI,ASC-394,dummy1,1482,2526,*TURFH,mskye13,2025-10-17 18:42:52+00:00
ASC-394_2017_A_27_dummy1.jpg,5/1/2017,Guam-CNMI,ASC-394,dummy1,2565,2215,*TURFH,mskye13,2025-10-17 18:42:52+00:00
ASC-394_2017_A_27_dummy1.jpg,5/1/2017,Guam-CNMI,ASC-394,dummy1,3590,4664,*POMA,mskye13,2025-10-17 18:42:52+00:00
ASC-401_2017_A_15_dummy1.jpg,5/1/2017,Guam-CNMI,ASC-401,dummy1,24,2384,*CCAH,mskye13,2025-10-17 18:45:59+00:00
ASC-401_2017_A_15_dummy1.jpg,5/1/2017,Guam-CNMI,ASC-401,dummy1,345,2517,*POCS,mskye13,2025-10-17 18:45:59+00:00
ASC-401_2017_A_15_dummy1.jpg,5/1/2017,Guam-CNMI,ASC-401,dummy1,312,3516,*TURFH,mskye13,2025-10-17 18:45:59+00:00
ASC-401_2017_A_15_dummy1.jpg,5/1/2017,Guam-CNMI,ASC-401,dummy1,882,3138,*TURFH,mskye13,2025-10-17 18:45:59+00:00
ASC-401_2017_A_15_dummy1.jpg,5/1/2017,Guam-CNMI,ASC-401,dummy1,1407,1466,*SP,mskye13,2025-10-17 18:45:59+00:00
ASC-401_2017_A_15_dummy1.jpg,5/1/2017,Guam-CNMI,ASC-401,dummy1,1385,3093,*FASP,mskye13,2025-10-17 18:45:59+00:00
ASC-401_2017_A_15_dummy1.jpg,5/1/2017,Guam-CNMI,ASC-401,dummy1,1489,3239,*FASP,mskye13,2025-10-17 18:45:59+00:00
ASC-401_2017_A_15_dummy1.jpg,5/1/2017,Guam-CNMI,ASC-401,dummy1,1828,2818,*GONS,mskye13,2025-10-17 18:45:59+00:00
ASC-401_2017_A_15_dummy1.jpg,5/1/2017,Guam-CNMI,ASC-401,dummy1,2238,3952,*SAND,mskye13,2025-10-17 18:45:59+00:00
ASC-401_2017_A_15_dummy1.jpg,5/1/2017,Guam-CNMI,ASC-401,dummy1,2179,3396,*SAND,mskye13,2025-10-17 18:45:59+00:00
FDP-251_2017_A_24_dummy1.jpg,5/1/2017,Guam-CNMI,FDP-251,dummy1,504,2180,*TURFH,mskye13,2025-10-17 18:46:49+00:00
FDP-251_2017_A_24_dummy1.jpg,5/1/2017,Guam-CNMI,FDP-251,dummy1,965,851,*TURFH,mskye13,2025-10-17 18:46:49+00:00
FDP-251_2017_A_24_dummy1.jpg,5/1/2017,Guam-CNMI,FDP-251,dummy1,1370,1483,*TURFH,mskye13,2025-10-17 18:46:49+00:00
FDP-251_2017_A_24_dummy1.jpg,5/1/2017,Guam-CNMI,FDP-251,dummy1,1626,1715,*TURFH,mskye13,2025-10-17 18:46:49+00:00
FDP-251_2017_A_24_dummy1.jpg,5/1/2017,Guam-CNMI,FDP-251,dummy1,1256,2992,*POCS,mskye13,2025-10-17 18:46:49+00:00
FDP-251_2017_A_24_dummy1.jpg,5/1/2017,Guam-CNMI,FDP-251,dummy1,1229,3120,*TURFH,mskye13,2025-10-17 18:46:49+00:00
FDP-251_2017_A_24_dummy1.jpg,5/1/2017,Guam-CNMI,FDP-251,dummy1,1241,3920,*TURFH,mskye13,2025-10-17 18:46:49+00:00
FDP-251_2017_A_24_dummy1.jpg,5/1/2017,Guam-CNMI,FDP-251,dummy1,2033,4,*POCS,mskye13,2025-10-17 18:46:49+00:00
FDP-251_2017_A_24_dummy1.jpg,5/1/2017,Guam-CNMI,FDP-251,dummy1,2325,3306,*POCS,mskye13,2025-10-17 18:46:49+00:00
FDP-251_2017_A_24_dummy1.jpg,5/1/2017,Guam-CNMI,FDP-251,dummy1,2345,3848,*TURFH,mskye13,2025-10-17 18:46:49+00:00
FDP-254_2017_A_16_dummy1.jpg,5/1/2017,Guam-CNMI,FDP-254,dummy1,249,917,*CCAH,mskye13,2025-10-17 18:48:25+00:00
FDP-254_2017_A_16_dummy1.jpg,5/1/2017,Guam-CNMI,FDP-254,dummy1,480,2142,*CCAH,mskye13,2025-10-17 18:48:25+00:00
FDP-254_2017_A_16_dummy1.jpg,5/1/2017,Guam-CNMI,FDP-254,dummy1,486,4978,*POCS,mskye13,2025-10-17 18:48:25+00:00
FDP-254_2017_A_16_dummy1.jpg,5/1/2017,Guam-CNMI,FDP-254,dummy1,1099,488,*TURFH,mskye13,2025-10-17 18:48:25+00:00
FDP-254_2017_A_16_dummy1.jpg,5/1/2017,Guam-CNMI,FDP-254,dummy1,788,2832,*TURFH,mskye13,2025-10-17 18:48:25+00:00
FDP-254_2017_A_16_dummy1.jpg,5/1/2017,Guam-CNMI,FDP-254,dummy1,1346,4127,*EMA,mskye13,2025-10-17 18:48:25+00:00
FDP-254_2017_A_16_dummy1.jpg,5/1/2017,Guam-CNMI,FDP-254,dummy1,1836,4319,*TURFH,mskye13,2025-10-17 18:48:24+00:00
FDP-254_2017_A_16_dummy1.jpg,5/1/2017,Guam-CNMI,FDP-254,dummy1,2508,759,*POCS,mskye13,2025-10-17 18:48:24+00:00
FDP-254_2017_A_16_dummy1.jpg,5/1/2017,Guam-CNMI,FDP-254,dummy1,2388,3037,*SP,mskye13,2025-10-17 18:48:24+00:00
FDP-254_2017_A_16_dummy1.jpg,5/1/2017,Guam-CNMI,FDP-254,dummy1,3411,3678,*TURFH,mskye13,2025-10-17 18:48:24+00:00
FDP-282_2017_A_16_dummy1.jpg,5/1/2017,Guam-CNMI,FDP-282,dummy1,218,1710,*TURFH,mskye13,2025-10-17 18:50:00+00:00
FDP-282_2017_A_16_dummy1.jpg,5/1/2017,Guam-CNMI,FDP-282,dummy1,728,1598,*TURFH,mskye13,2025-10-17 18:50:00+00:00
FDP-282_2017_A_16_dummy1.jpg,5/1/2017,Guam-CNMI,FDP-282,dummy1,1092,3619,*TURFH,mskye13,2025-10-17 18:50:00+00:00
FDP-282_2017_A_16_dummy1.jpg,5/1/2017,Guam-CNMI,FDP-282,dummy1,1704,2257,*TURFH,mskye13,2025-10-17 18:50:00+00:00
FDP-282_2017_A_16_dummy1.jpg,5/1/2017,Guam-CNMI,FDP-282,dummy1,1238,3385,*TURFH,mskye13,2025-10-17 18:50:00+00:00
FDP-282_2017_A_16_dummy1.jpg,5/1/2017,Guam-CNMI,FDP-282,dummy1,2064,1369,*TURFH,mskye13,2025-10-17 18:50:00+00:00
FDP-282_2017_A_16_dummy1.jpg,5/1/2017,Guam-CNMI,FDP-282,dummy1,2154,1379,*TURFH,mskye13,2025-10-17 18:50:00+00:00
FDP-282_2017_A_16_dummy1.jpg,5/1/2017,Guam-CNMI,FDP-282,dummy1,1938,2985,*TURFH,mskye13,2025-10-17 18:50:00+00:00
FDP-282_2017_A_16_dummy1.jpg,5/1/2017,Guam-CNMI,FDP-282,dummy1,2563,1782,*TURFH,mskye13,2025-10-17 18:50:00+00:00
FDP-282_2017_A_16_dummy1.jpg,5/1/2017,Guam-CNMI,FDP-282,dummy1,2829,2732,*TURFH,mskye13,2025-10-17 18:50:00+00:00
GUA-2662_IMG_2505_dummy1.jpg,6/1/2022,Guam-CNMI,GUA-2662,dummy1,137,1112,*TURFH,mskye13,2025-10-17 18:51:02+00:00
GUA-2662_IMG_2505_dummy1.jpg,6/1/2022,Guam-CNMI,GUA-2662,dummy1,1464,2151,*TURFH,mskye13,2025-10-17 18:51:02+00:00
GUA-2662_IMG_2505_dummy1.jpg,6/1/2022,Guam-CNMI,GUA-2662,dummy1,1312,2497,*TURFH,mskye13,2025-10-17 18:51:02+00:00
GUA-2662_IMG_2505_dummy1.jpg,6/1/2022,Guam-CNMI,GUA-2662,dummy1,1752,3539,*TURFH,mskye13,2025-10-17 18:51:02+00:00
GUA-2662_IMG_2505_dummy1.jpg,6/1/2022,Guam-CNMI,GUA-2662,dummy1,3071,1402,*ASTS,mskye13,2025-10-17 18:51:02+00:00
GUA-2662_IMG_2505_dummy1.jpg,6/1/2022,Guam-CNMI,GUA-2662,dummy1,3276,1686,*TURFH,mskye13,2025-10-17 18:51:02+00:00
GUA-2662_IMG_2505_dummy1.jpg,6/1/2022,Guam-CNMI,GUA-2662,dummy1,4292,360,*TURFH,mskye13,2025-10-17 18:51:02+00:00
GUA-2662_IMG_2505_dummy1.jpg,6/1/2022,Guam-CNMI,GUA-2662,dummy1,4163,3080,*TURFH,mskye13,2025-10-17 18:51:02+00:00
GUA-2662_IMG_2505_dummy1.jpg,6/1/2022,Guam-CNMI,GUA-2662,dummy1,4921,604,*HALI,mskye13,2025-10-17 18:51:02+00:00
GUA-2662_IMG_2505_dummy1.jpg,6/1/2022,Guam-CNMI,GUA-2662,dummy1,4523,3072,*HALI,mskye13,2025-10-17 18:51:02+00:00
GUA-2662_IMG_2515_dummy1.jpg,6/1/2022,Guam-CNMI,GUA-2662,dummy1,736,1031,*POCS,mskye13,2025-10-17 18:54:01+00:00
GUA-2662_IMG_2515_dummy1.jpg,6/1/2022,Guam-CNMI,GUA-2662,dummy1,131,2078,*HALI,mskye13,2025-10-17 18:54:01+00:00
GUA-2662_IMG_2515_dummy1.jpg,6/1/2022,Guam-CNMI,GUA-2662,dummy1,152,1625,*TURFH,mskye13,2025-10-17 18:54:01+00:00
GUA-2662_IMG_2515_dummy1.jpg,6/1/2022,Guam-CNMI,GUA-2662,dummy1,3261,1453,*TURFH,mskye13,2025-10-17 18:54:01+00:00
GUA-2662_IMG_2515_dummy1.jpg,6/1/2022,Guam-CNMI,GUA-2662,dummy1,3274,3133,*TURFH,mskye13,2025-10-17 18:54:01+00:00
GUA-2662_IMG_2515_dummy1.jpg,6/1/2022,Guam-CNMI,GUA-2662,dummy1,3335,369,*POEN,mskye13,2025-10-17 18:54:01+00:00
GUA-2662_IMG_2515_dummy1.jpg,6/1/2022,Guam-CNMI,GUA-2662,dummy1,4262,3366,*TURFH,mskye13,2025-10-17 18:54:01+00:00
GUA-2662_IMG_2515_dummy1.jpg,6/1/2022,Guam-CNMI,GUA-2662,dummy1,3634,3195,*TURFH,mskye13,2025-10-17 18:54:01+00:00
GUA-2662_IMG_2515_dummy1.jpg,6/1/2022,Guam-CNMI,GUA-2662,dummy1,4266,3502,*TURFH,mskye13,2025-10-17 18:54:01+00:00
GUA-2662_IMG_2515_dummy1.jpg,6/1/2022,Guam-CNMI,GUA-2662,dummy1,4739,1843,*TURFH,mskye13,2025-10-17 18:54:01+00:00
GUA-2677_IMG_9574_dummy1.jpg,6/1/2022,Guam-CNMI,GUA-2677,dummy1,543,108,*TURFH,mskye13,2025-10-17 18:56:16+00:00
GUA-2677_IMG_9574_dummy1.jpg,6/1/2022,Guam-CNMI,GUA-2677,dummy1,108,859,*ASTS,mskye13,2025-10-17 18:56:16+00:00
GUA-2677_IMG_9574_dummy1.jpg,6/1/2022,Guam-CNMI,GUA-2677,dummy1,623,3297,*TURFH,mskye13,2025-10-17 18:56:16+00:00
GUA-2677_IMG_9574_dummy1.jpg,6/1/2022,Guam-CNMI,GUA-2677,dummy1,451,3637,*TURFH,mskye13,2025-10-17 18:56:16+00:00
GUA-2677_IMG_9574_dummy1.jpg,6/1/2022,Guam-CNMI,GUA-2677,dummy1,1404,3641,*PHSP,mskye13,2025-10-17 18:56:16+00:00
GUA-2677_IMG_9574_dummy1.jpg,6/1/2022,Guam-CNMI,GUA-2677,dummy1,2732,548,*CCAH,mskye13,2025-10-17 18:56:16+00:00
GUA-2677_IMG_9574_dummy1.jpg,6/1/2022,Guam-CNMI,GUA-2677,dummy1,2692,1139,*TURFH,mskye13,2025-10-17 18:56:16+00:00
GUA-2677_IMG_9574_dummy1.jpg,6/1/2022,Guam-CNMI,GUA-2677,dummy1,2800,2327,*CCAH,mskye13,2025-10-17 18:56:16+00:00
GUA-2677_IMG_9574_dummy1.jpg,6/1/2022,Guam-CNMI,GUA-2677,dummy1,2411,2487,*TURFH,mskye13,2025-10-17 18:56:15+00:00
GUA-2677_IMG_9574_dummy1.jpg,6/1/2022,Guam-CNMI,GUA-2677,dummy1,4162,2654,*TURFH,mskye13,2025-10-17 18:56:15+00:00
GUA-2684_IMG_0688_dummy1.jpg,6/1/2022,Guam-CNMI,GUA-2684,dummy1,468,1380,*PAMA,mskye13,2025-10-17 18:57:27+00:00
GUA-2684_IMG_0688_dummy1.jpg,6/1/2022,Guam-CNMI,GUA-2684,dummy1,9,4335,*CCAH,mskye13,2025-10-17 18:57:27+00:00
GUA-2684_IMG_0688_dummy1.jpg,6/1/2022,Guam-CNMI,GUA-2684,dummy1,1368,95,*TURFH,mskye13,2025-10-17 18:57:27+00:00
GUA-2684_IMG_0688_dummy1.jpg,6/1/2022,Guam-CNMI,GUA-2684,dummy1,1225,486,*CCAH,mskye13,2025-10-17 18:57:27+00:00
GUA-2684_IMG_0688_dummy1.jpg,6/1/2022,Guam-CNMI,GUA-2684,dummy1,2235,1391,*CCAH,mskye13,2025-10-17 18:57:27+00:00
GUA-2684_IMG_0688_dummy1.jpg,6/1/2022,Guam-CNMI,GUA-2684,dummy1,2410,1201,*SHAD,mskye13,2025-10-17 18:57:27+00:00
GUA-2684_IMG_0688_dummy1.jpg,6/1/2022,Guam-CNMI,GUA-2684,dummy1,2459,1499,*ACBR,mskye13,2025-10-17 18:57:27+00:00
GUA-2684_IMG_0688_dummy1.jpg,6/1/2022,Guam-CNMI,GUA-2684,dummy1,3596,744,*CCAH,mskye13,2025-10-17 18:57:27+00:00
GUA-2684_IMG_0688_dummy1.jpg,6/1/2022,Guam-CNMI,GUA-2684,dummy1,3452,1963,*CCAH,mskye13,2025-10-17 18:57:27+00:00
GUA-2684_IMG_0688_dummy1.jpg,6/1/2022,Guam-CNMI,GUA-2684,dummy1,3134,1516,*CCAH,mskye13,2025-10-17 18:57:27+00:00
GUA-2696_IMG_2566_dummy1.jpg,6/1/2022,Guam-CNMI,GUA-2696,dummy1,43,222,*TURFH,mskye13,2025-10-17 19:01:24+00:00
GUA-2696_IMG_2566_dummy1.jpg,6/1/2022,Guam-CNMI,GUA-2696,dummy1,87,802,*TURFH,mskye13,2025-10-17 19:01:24+00:00
GUA-2696_IMG_2566_dummy1.jpg,6/1/2022,Guam-CNMI,GUA-2696,dummy1,25,2244,*TURFH,mskye13,2025-10-17 19:01:24+00:00
GUA-2696_IMG_2566_dummy1.jpg,6/1/2022,Guam-CNMI,GUA-2696,dummy1,1794,1339,*TURFH,mskye13,2025-10-17 19:01:24+00:00
GUA-2696_IMG_2566_dummy1.jpg,6/1/2022,Guam-CNMI,GUA-2696,dummy1,1391,1141,*TURFH,mskye13,2025-10-17 19:01:24+00:00
GUA-2696_IMG_2566_dummy1.jpg,6/1/2022,Guam-CNMI,GUA-2696,dummy1,2139,1100,*TURFH,mskye13,2025-10-17 19:01:24+00:00
GUA-2696_IMG_2566_dummy1.jpg,6/1/2022,Guam-CNMI,GUA-2696,dummy1,2973,2897,*TURFH,mskye13,2025-10-17 19:01:24+00:00
GUA-2696_IMG_2566_dummy1.jpg,6/1/2022,Guam-CNMI,GUA-2696,dummy1,4326,3186,*POEN,mskye13,2025-10-17 19:01:24+00:00
GUA-2696_IMG_2566_dummy1.jpg,6/1/2022,Guam-CNMI,GUA-2696,dummy1,5001,363,*PADI,mskye13,2025-10-17 19:01:24+00:00
GUA-2696_IMG_2566_dummy1.jpg,6/1/2022,Guam-CNMI,GUA-2696,dummy1,4603,2284,*TURFH,mskye13,2025-10-17 19:01:24+00:00
GUA-2699_IMG_9545_dummy1.jpg,6/1/2022,Guam-CNMI,GUA-2699,dummy1,396,3054,*TURFH,mskye13,2025-10-17 19:02:26+00:00
GUA-2699_IMG_9545_dummy1.jpg,6/1/2022,Guam-CNMI,GUA-2699,dummy1,31,3833,*SAND,mskye13,2025-10-17 19:02:26+00:00
GUA-2699_IMG_9545_dummy1.jpg,6/1/2022,Guam-CNMI,GUA-2699,dummy1,309,4789,*TURFH,mskye13,2025-10-17 19:02:26+00:00
GUA-2699_IMG_9545_dummy1.jpg,6/1/2022,Guam-CNMI,GUA-2699,dummy1,1443,2954,*TURFH,mskye13,2025-10-17 19:02:26+00:00
GUA-2699_IMG_9545_dummy1.jpg,6/1/2022,Guam-CNMI,GUA-2699,dummy1,1337,2369,*TURFH,mskye13,2025-10-17 19:02:26+00:00
GUA-2699_IMG_9545_dummy1.jpg,6/1/2022,Guam-CNMI,GUA-2699,dummy1,1647,1838,*TURFH,mskye13,2025-10-17 19:02:26+00:00
GUA-2699_IMG_9545_dummy1.jpg,6/1/2022,Guam-CNMI,GUA-2699,dummy1,1960,2173,*TURFH,mskye13,2025-10-17 19:02:26+00:00
GUA-2699_IMG_9545_dummy1.jpg,6/1/2022,Guam-CNMI,GUA-2699,dummy1,2578,1189,*TURFH,mskye13,2025-10-17 19:02:26+00:00
GUA-2699_IMG_9545_dummy1.jpg,6/1/2022,Guam-CNMI,GUA-2699,dummy1,2236,5206,*ENC,mskye13,2025-10-17 19:02:25+00:00
GUA-2699_IMG_9545_dummy1.jpg,6/1/2022,Guam-CNMI,GUA-2699,dummy1,2630,5034,*ENC,mskye13,2025-10-17 19:02:25+00:00
GUA-2699_IMG_9546_dummy1.jpg,6/1/2022,Guam-CNMI,GUA-2699,dummy1,689,521,*POMA,mskye13,2025-10-17 19:03:40+00:00
GUA-2699_IMG_9546_dummy1.jpg,6/1/2022,Guam-CNMI,GUA-2699,dummy1,183,941,*POMA,mskye13,2025-10-17 19:03:40+00:00
GUA-2699_IMG_9546_dummy1.jpg,6/1/2022,Guam-CNMI,GUA-2699,dummy1,864,790,*POMA,mskye13,2025-10-17 19:03:40+00:00
GUA-2699_IMG_9546_dummy1.jpg,6/1/2022,Guam-CNMI,GUA-2699,dummy1,175,3129,*POMA,mskye13,2025-10-17 19:03:40+00:00
GUA-2699_IMG_9546_dummy1.jpg,6/1/2022,Guam-CNMI,GUA-2699,dummy1,1866,1891,*ASSP,mskye13,2025-10-17 19:03:40+00:00
GUA-2699_IMG_9546_dummy1.jpg,6/1/2022,Guam-CNMI,GUA-2699,dummy1,2598,360,*TURFH,mskye13,2025-10-17 19:03:40+00:00
GUA-2699_IMG_9546_dummy1.jpg,6/1/2022,Guam-CNMI,GUA-2699,dummy1,2541,1599,*CAUL,mskye13,2025-10-17 19:03:40+00:00
GUA-2699_IMG_9546_dummy1.jpg,6/1/2022,Guam-CNMI,GUA-2699,dummy1,2734,2478,*TURFH,mskye13,2025-10-17 19:03:40+00:00
GUA-2699_IMG_9546_dummy1.jpg,6/1/2022,Guam-CNMI,GUA-2699,dummy1,5137,2926,*POMA,mskye13,2025-10-17 19:03:40+00:00
GUA-2699_IMG_9546_dummy1.jpg,6/1/2022,Guam-CNMI,GUA-2699,dummy1,5148,2992,*POMA,mskye13,2025-10-17 19:03:40+00:00
GUA-2701_IMG_0973_dummy1.jpg,6/1/2022,Guam-CNMI,GUA-2701,dummy1,617,527,*SHAD,mskye13,2025-10-17 19:05:32+00:00
GUA-2701_IMG_0973_dummy1.jpg,6/1/2022,Guam-CNMI,GUA-2701,dummy1,799,1963,*POMA,mskye13,2025-10-17 19:05:32+00:00
GUA-2701_IMG_0973_dummy1.jpg,6/1/2022,Guam-CNMI,GUA-2701,dummy1,2078,2817,*MISP,mskye13,2025-10-17 19:05:32+00:00
GUA-2701_IMG_0973_dummy1.jpg,6/1/2022,Guam-CNMI,GUA-2701,dummy1,2487,681,*TURFH,mskye13,2025-10-17 19:05:32+00:00
GUA-2701_IMG_0973_dummy1.jpg,6/1/2022,Guam-CNMI,GUA-2701,dummy1,2687,242,*MISP,mskye13,2025-10-17 19:05:32+00:00
GUA-2701_IMG_0973_dummy1.jpg,6/1/2022,Guam-CNMI,GUA-2701,dummy1,3921,480,*HALI,mskye13,2025-10-17 19:05:32+00:00
GUA-2701_IMG_0973_dummy1.jpg,6/1/2022,Guam-CNMI,GUA-2701,dummy1,3564,2689,*CCAH,mskye13,2025-10-17 19:05:32+00:00
GUA-2701_IMG_0973_dummy1.jpg,6/1/2022,Guam-CNMI,GUA-2701,dummy1,3970,3243,*CCAH,mskye13,2025-10-17 19:05:32+00:00
GUA-2701_IMG_0973_dummy1.jpg,6/1/2022,Guam-CNMI,GUA-2701,dummy1,5099,3221,*HALI,mskye13,2025-10-17 19:05:32+00:00
GUA-2701_IMG_0973_dummy1.jpg,6/1/2022,Guam-CNMI,GUA-2701,dummy1,4725,3210,*CCAH,mskye13,2025-10-17 19:05:32+00:00
GUA-2701_IMG_0977_dummy1.jpg,6/1/2022,Guam-CNMI,GUA-2701,dummy1,541,270,*HALI,mskye13,2025-10-17 19:06:29+00:00
GUA-2701_IMG_0977_dummy1.jpg,6/1/2022,Guam-CNMI,GUA-2701,dummy1,281,229,*HALI,mskye13,2025-10-17 19:06:29+00:00
GUA-2701_IMG_0977_dummy1.jpg,6/1/2022,Guam-CNMI,GUA-2701,dummy1,276,911,*CCAH,mskye13,2025-10-17 19:06:29+00:00
GUA-2701_IMG_0977_dummy1.jpg,6/1/2022,Guam-CNMI,GUA-2701,dummy1,821,3391,*GASP,mskye13,2025-10-17 19:06:29+00:00
GUA-2701_IMG_0977_dummy1.jpg,6/1/2022,Guam-CNMI,GUA-2701,dummy1,1593,607,*CCAH,mskye13,2025-10-17 19:06:29+00:00
GUA-2701_IMG_0977_dummy1.jpg,6/1/2022,Guam-CNMI,GUA-2701,dummy1,4082,69,*TURFH,mskye13,2025-10-17 19:06:29+00:00
GUA-2701_IMG_0977_dummy1.jpg,6/1/2022,Guam-CNMI,GUA-2701,dummy1,3479,1054,*GONS,mskye13,2025-10-17 19:06:29+00:00
GUA-2701_IMG_0977_dummy1.jpg,6/1/2022,Guam-CNMI,GUA-2701,dummy1,4416,1773,*GONS,mskye13,2025-10-17 19:06:29+00:00
GUA-2701_IMG_0977_dummy1.jpg,6/1/2022,Guam-CNMI,GUA-2701,dummy1,5274,3144,*GASP,mskye13,2025-10-17 19:06:29+00:00
GUA-2701_IMG_0977_dummy1.jpg,6/1/2022,Guam-CNMI,GUA-2701,dummy1,5188,3192,*GASP,mskye13,2025-10-17 19:06:29+00:00
GUA-2716_IMG_0384_dummy1.jpg,6/1/2022,Guam-CNMI,GUA-2716,dummy1,398,5461,*TURFH,mskye13,2025-10-17 19:08:02+00:00
GUA-2716_IMG_0384_dummy1.jpg,6/1/2022,Guam-CNMI,GUA-2716,dummy1,1835,704,*RDMA,mskye13,2025-10-17 19:08:02+00:00
GUA-2716_IMG_0384_dummy1.jpg,6/1/2022,Guam-CNMI,GUA-2716,dummy1,1783,461,*TURFH,mskye13,2025-10-17 19:08:02+00:00
GUA-2716_IMG_0384_dummy1.jpg,6/1/2022,Guam-CNMI,GUA-2716,dummy1,1761,1155,*RDMA,mskye13,2025-10-17 19:08:02+00:00
GUA-2716_IMG_0384_dummy1.jpg,6/1/2022,Guam-CNMI,GUA-2716,dummy1,1539,3956,*TURFH,mskye13,2025-10-17 19:08:02+00:00
GUA-2716_IMG_0384_dummy1.jpg,6/1/2022,Guam-CNMI,GUA-2716,dummy1,2082,3669,*TURFH,mskye13,2025-10-17 19:08:02+00:00
GUA-2716_IMG_0384_dummy1.jpg,6/1/2022,Guam-CNMI,GUA-2716,dummy1,2614,2878,*TURFH,mskye13,2025-10-17 19:08:02+00:00
GUA-2716_IMG_0384_dummy1.jpg,6/1/2022,Guam-CNMI,GUA-2716,dummy1,2402,3102,*TURFH,mskye13,2025-10-17 19:08:01+00:00
GUA-2716_IMG_0384_dummy1.jpg,6/1/2022,Guam-CNMI,GUA-2716,dummy1,3235,2314,*SHAD,mskye13,2025-10-17 19:08:01+00:00
GUA-2716_IMG_0384_dummy1.jpg,6/1/2022,Guam-CNMI,GUA-2716,dummy1,3272,4642,*ENC,mskye13,2025-10-17 19:08:01+00:00
GUA-2716_IMG_0398_dummy1.jpg,6/1/2022,Guam-CNMI,GUA-2716,dummy1,542,317,*PAEN,mskye13,2025-10-17 19:12:20+00:00
GUA-2716_IMG_0398_dummy1.jpg,6/1/2022,Guam-CNMI,GUA-2716,dummy1,1229,2606,*SHAD,mskye13,2025-10-17 19:12:20+00:00
GUA-2716_IMG_0398_dummy1.jpg,6/1/2022,Guam-CNMI,GUA-2716,dummy1,899,2361,*PAEN,mskye13,2025-10-17 19:12:20+00:00
GUA-2716_IMG_0398_dummy1.jpg,6/1/2022,Guam-CNMI,GUA-2716,dummy1,1028,3829,*CCAH,mskye13,2025-10-17 19:12:20+00:00
GUA-2716_IMG_0398_dummy1.jpg,6/1/2022,Guam-CNMI,GUA-2716,dummy1,838,4241,*CCAH,mskye13,2025-10-17 19:12:20+00:00
GUA-2716_IMG_0398_dummy1.jpg,6/1/2022,Guam-CNMI,GUA-2716,dummy1,1512,1007,*RDMA,mskye13,2025-10-17 19:12:20+00:00
GUA-2716_IMG_0398_dummy1.jpg,6/1/2022,Guam-CNMI,GUA-2716,dummy1,1608,2193,*CCAH,mskye13,2025-10-17 19:12:20+00:00
GUA-2716_IMG_0398_dummy1.jpg,6/1/2022,Guam-CNMI,GUA-2716,dummy1,1545,4613,*CCAH,mskye13,2025-10-17 19:12:20+00:00
GUA-2716_IMG_0398_dummy1.jpg,6/1/2022,Guam-CNMI,GUA-2716,dummy1,2702,507,*TURFH,mskye13,2025-10-17 19:12:20+00:00
GUA-2716_IMG_0398_dummy1.jpg,6/1/2022,Guam-CNMI,GUA-2716,dummy1,3596,3554,*TURFH,mskye13,2025-10-17 19:12:20+00:00
MAU-630_2017_A_28_dummy1.jpg,5/1/2017,Guam-CNMI,MAU-630,dummy1,226,1112,*TURFH,mskye13,2025-10-17 19:39:57+00:00
MAU-630_2017_A_28_dummy1.jpg,5/1/2017,Guam-CNMI,MAU-630,dummy1,1005,1970,*TURFH,mskye13,2025-10-17 19:39:57+00:00
MAU-630_2017_A_28_dummy1.jpg,5/1/2017,Guam-CNMI,MAU-630,dummy1,1336,3815,*TURFH,mskye13,2025-10-17 19:39:57+00:00
MAU-630_2017_A_28_dummy1.jpg,5/1/2017,Guam-CNMI,MAU-630,dummy1,1370,4918,*POCS,mskye13,2025-10-17 19:39:57+00:00
MAU-630_2017_A_28_dummy1.jpg,5/1/2017,Guam-CNMI,MAU-630,dummy1,1557,1063,*MOEN,mskye13,2025-10-17 19:39:57+00:00
MAU-630_2017_A_28_dummy1.jpg,5/1/2017,Guam-CNMI,MAU-630,dummy1,1851,4979,*STYS,mskye13,2025-10-17 19:39:57+00:00
MAU-630_2017_A_28_dummy1.jpg,5/1/2017,Guam-CNMI,MAU-630,dummy1,2805,304,*TURFH,mskye13,2025-10-17 19:39:57+00:00
MAU-630_2017_A_28_dummy1.jpg,5/1/2017,Guam-CNMI,MAU-630,dummy1,2352,235,*CCAH,mskye13,2025-10-17 19:39:57+00:00
MAU-630_2017_A_28_dummy1.jpg,5/1/2017,Guam-CNMI,MAU-630,dummy1,2270,4036,*STYS,mskye13,2025-10-17 19:39:57+00:00
MAU-630_2017_A_28_dummy1.jpg,5/1/2017,Guam-CNMI,MAU-630,dummy1,2402,4520,*STYS,mskye13,2025-10-17 19:39:57+00:00
MAU-640_2017_A_10_dummy1.jpg,5/1/2017,Guam-CNMI,MAU-640,dummy1,333,1859,*CCAH,mskye13,2025-10-17 19:41:03+00:00
MAU-640_2017_A_10_dummy1.jpg,5/1/2017,Guam-CNMI,MAU-640,dummy1,763,3003,*SHAD,mskye13,2025-10-17 19:41:03+00:00
MAU-640_2017_A_10_dummy1.jpg,5/1/2017,Guam-CNMI,MAU-640,dummy1,809,4123,*TURFH,mskye13,2025-10-17 19:41:03+00:00
MAU-640_2017_A_10_dummy1.jpg,5/1/2017,Guam-CNMI,MAU-640,dummy1,935,3725,*EMA,mskye13,2025-10-17 19:41:03+00:00
MAU-640_2017_A_10_dummy1.jpg,5/1/2017,Guam-CNMI,MAU-640,dummy1,2103,1533,*CCAH,mskye13,2025-10-17 19:41:03+00:00
MAU-640_2017_A_10_dummy1.jpg,5/1/2017,Guam-CNMI,MAU-640,dummy1,2454,239,*POMA,mskye13,2025-10-17 19:41:03+00:00
MAU-640_2017_A_10_dummy1.jpg,5/1/2017,Guam-CNMI,MAU-640,dummy1,2560,3197,*CCAH,mskye13,2025-10-17 19:41:02+00:00
MAU-640_2017_A_10_dummy1.jpg,5/1/2017,Guam-CNMI,MAU-640,dummy1,3248,1591,*CCAH,mskye13,2025-10-17 19:41:02+00:00
MAU-640_2017_A_10_dummy1.jpg,5/1/2017,Guam-CNMI,MAU-640,dummy1,3363,1836,*EMA,mskye13,2025-10-17 19:41:02+00:00
MAU-640_2017_A_10_dummy1.jpg,5/1/2017,Guam-CNMI,MAU-640,dummy1,3556,2274,*TURFH,mskye13,2025-10-17 19:41:02+00:00
MAU-649_2017_A_14_dummy1.jpg,5/1/2017,Guam-CNMI,MAU-649,dummy1,79,1311,*CCAH,mskye13,2025-10-17 19:42:31+00:00
MAU-649_2017_A_14_dummy1.jpg,5/1/2017,Guam-CNMI,MAU-649,dummy1,793,4764,*TURFH,mskye13,2025-10-17 19:42:31+00:00
MAU-649_2017_A_14_dummy1.jpg,5/1/2017,Guam-CNMI,MAU-649,dummy1,770,4735,*GONS,mskye13,2025-10-17 19:42:31+00:00
MAU-649_2017_A_14_dummy1.jpg,5/1/2017,Guam-CNMI,MAU-649,dummy1,1349,4448,*CCAH,mskye13,2025-10-17 19:42:31+00:00
MAU-649_2017_A_14_dummy1.jpg,5/1/2017,Guam-CNMI,MAU-649,dummy1,1975,4104,*CCAH,mskye13,2025-10-17 19:42:31+00:00
MAU-649_2017_A_14_dummy1.jpg,5/1/2017,Guam-CNMI,MAU-649,dummy1,2250,691,*TURFH,mskye13,2025-10-17 19:42:31+00:00
MAU-649_2017_A_14_dummy1.jpg,5/1/2017,Guam-CNMI,MAU-649,dummy1,2737,275,*UNK,mskye13,2025-10-17 19:42:31+00:00
MAU-649_2017_A_14_dummy1.jpg,5/1/2017,Guam-CNMI,MAU-649,dummy1,2557,3226,*SAND,mskye13,2025-10-17 19:42:31+00:00
MAU-649_2017_A_14_dummy1.jpg,5/1/2017,Guam-CNMI,MAU-649,dummy1,3014,4365,*TURFH,mskye13,2025-10-17 19:42:31+00:00
MAU-649_2017_A_14_dummy1.jpg,5/1/2017,Guam-CNMI,MAU-649,dummy1,3260,4095,*TURFH,mskye13,2025-10-17 19:42:31+00:00
MAU-651_2017_A_20_dummy1.jpg,5/1/2017,Guam-CNMI,MAU-651,dummy1,297,103,*POMA,mskye13,2025-10-17 19:44:02+00:00
MAU-651_2017_A_20_dummy1.jpg,5/1/2017,Guam-CNMI,MAU-651,dummy1,438,2808,*OCTO,mskye13,2025-10-17 19:44:02+00:00
MAU-651_2017_A_20_dummy1.jpg,5/1/2017,Guam-CNMI,MAU-651,dummy1,789,3316,*TURFH,mskye13,2025-10-17 19:44:02+00:00
MAU-651_2017_A_20_dummy1.jpg,5/1/2017,Guam-CNMI,MAU-651,dummy1,655,3641,*BGMA,mskye13,2025-10-17 19:44:02+00:00
MAU-651_2017_A_20_dummy1.jpg,5/1/2017,Guam-CNMI,MAU-651,dummy1,1029,3277,*BGMA,mskye13,2025-10-17 19:44:02+00:00
MAU-651_2017_A_20_dummy1.jpg,5/1/2017,Guam-CNMI,MAU-651,dummy1,1207,3573,*TURFH,mskye13,2025-10-17 19:44:02+00:00
MAU-651_2017_A_20_dummy1.jpg,5/1/2017,Guam-CNMI,MAU-651,dummy1,1916,316,*POMA,mskye13,2025-10-17 19:44:02+00:00
MAU-651_2017_A_20_dummy1.jpg,5/1/2017,Guam-CNMI,MAU-651,dummy1,2312,1990,*TAPE,mskye13,2025-10-17 19:44:01+00:00
MAU-651_2017_A_20_dummy1.jpg,5/1/2017,Guam-CNMI,MAU-651,dummy1,1946,2395,*GONS,mskye13,2025-10-17 19:44:01+00:00
MAU-651_2017_A_20_dummy1.jpg,5/1/2017,Guam-CNMI,MAU-651,dummy1,2455,143,*POMA,mskye13,2025-10-17 19:44:01+00:00
MAU-679_2017_A_17_dummy1.jpg,5/1/2017,Guam-CNMI,MAU-679,dummy1,191,1285,*TURFH,mskye13,2025-10-17 19:45:04+00:00
MAU-679_2017_A_17_dummy1.jpg,5/1/2017,Guam-CNMI,MAU-679,dummy1,96,2075,*TURFH,mskye13,2025-10-17 19:45:04+00:00
MAU-679_2017_A_17_dummy1.jpg,5/1/2017,Guam-CNMI,MAU-679,dummy1,837,507,*PAEN,mskye13,2025-10-17 19:45:04+00:00
MAU-679_2017_A_17_dummy1.jpg,5/1/2017,Guam-CNMI,MAU-679,dummy1,975,37,*TURFH,mskye13,2025-10-17 19:45:04+00:00
MAU-679_2017_A_17_dummy1.jpg,5/1/2017,Guam-CNMI,MAU-679,dummy1,1150,1222,*TURFH,mskye13,2025-10-17 19:45:04+00:00
MAU-679_2017_A_17_dummy1.jpg,5/1/2017,Guam-CNMI,MAU-679,dummy1,949,1945,*COSP,mskye13,2025-10-17 19:45:04+00:00
MAU-679_2017_A_17_dummy1.jpg,5/1/2017,Guam-CNMI,MAU-679,dummy1,1398,753,*CCAH,mskye13,2025-10-17 19:45:04+00:00
MAU-679_2017_A_17_dummy1.jpg,5/1/2017,Guam-CNMI,MAU-679,dummy1,1327,1792,*CCAH,mskye13,2025-10-17 19:45:04+00:00
MAU-679_2017_A_17_dummy1.jpg,5/1/2017,Guam-CNMI,MAU-679,dummy1,1530,1452,*TURFH,mskye13,2025-10-17 19:45:04+00:00
MAU-679_2017_A_17_dummy1.jpg,5/1/2017,Guam-CNMI,MAU-679,dummy1,1320,1591,*CCAH,mskye13,2025-10-17 19:45:04+00:00
MAU-686_2017_A_22_dummy1.jpg,5/1/2017,Guam-CNMI,MAU-686,dummy1,174,733,*PESP,mskye13,2025-10-17 19:46:15+00:00
MAU-686_2017_A_22_dummy1.jpg,5/1/2017,Guam-CNMI,MAU-686,dummy1,1162,1056,*TURFH,mskye13,2025-10-17 19:46:15+00:00
MAU-686_2017_A_22_dummy1.jpg,5/1/2017,Guam-CNMI,MAU-686,dummy1,821,248,*EMA,mskye13,2025-10-17 19:46:15+00:00
MAU-686_2017_A_22_dummy1.jpg,5/1/2017,Guam-CNMI,MAU-686,dummy1,1445,5224,*TURFH,mskye13,2025-10-17 19:46:15+00:00
MAU-686_2017_A_22_dummy1.jpg,5/1/2017,Guam-CNMI,MAU-686,dummy1,941,4505,*TURFH,mskye13,2025-10-17 19:46:15+00:00
MAU-686_2017_A_22_dummy1.jpg,5/1/2017,Guam-CNMI,MAU-686,dummy1,1815,1961,*EMA,mskye13,2025-10-17 19:46:15+00:00
MAU-686_2017_A_22_dummy1.jpg,5/1/2017,Guam-CNMI,MAU-686,dummy1,1893,3848,*TURFH,mskye13,2025-10-17 19:46:15+00:00
MAU-686_2017_A_22_dummy1.jpg,5/1/2017,Guam-CNMI,MAU-686,dummy1,1499,4146,*TURFH,mskye13,2025-10-17 19:46:15+00:00
MAU-686_2017_A_22_dummy1.jpg,5/1/2017,Guam-CNMI,MAU-686,dummy1,2459,1013,*PESP,mskye13,2025-10-17 19:46:15+00:00
MAU-686_2017_A_22_dummy1.jpg,5/1/2017,Guam-CNMI,MAU-686,dummy1,3115,1142,*PESP,mskye13,2025-10-17 19:46:14+00:00
MAU-691_2017_A_12_dummy1.jpg,5/1/2017,Guam-CNMI,MAU-691,dummy1,682,2471,*MASS,mskye13,2025-10-17 19:47:17+00:00
MAU-691_2017_A_12_dummy1.jpg,5/1/2017,Guam-CNMI,MAU-691,dummy1,34,5339,*TURFH,mskye13,2025-10-17 19:47:17+00:00
MAU-691_2017_A_12_dummy1.jpg,5/1/2017,Guam-CNMI,MAU-691,dummy1,1455,747,*MASS,mskye13,2025-10-17 19:47:17+00:00
MAU-691_2017_A_12_dummy1.jpg,5/1/2017,Guam-CNMI,MAU-691,dummy1,951,2351,*MASS,mskye13,2025-10-17 19:47:17+00:00
MAU-691_2017_A_12_dummy1.jpg,5/1/2017,Guam-CNMI,MAU-691,dummy1,1765,427,*MASS,mskye13,2025-10-17 19:47:17+00:00
MAU-691_2017_A_12_dummy1.jpg,5/1/2017,Guam-CNMI,MAU-691,dummy1,2251,1246,*TURFH,mskye13,2025-10-17 19:47:17+00:00
MAU-691_2017_A_12_dummy1.jpg,5/1/2017,Guam-CNMI,MAU-691,dummy1,2237,4879,*TURFH,mskye13,2025-10-17 19:47:17+00:00
MAU-691_2017_A_12_dummy1.jpg,5/1/2017,Guam-CNMI,MAU-691,dummy1,3372,1579,*TURFH,mskye13,2025-10-17 19:47:17+00:00
MAU-691_2017_A_12_dummy1.jpg,5/1/2017,Guam-CNMI,MAU-691,dummy1,3361,2637,*TURFH,mskye13,2025-10-17 19:47:17+00:00
MAU-691_2017_A_12_dummy1.jpg,5/1/2017,Guam-CNMI,MAU-691,dummy1,3110,5022,*TURFH,mskye13,2025-10-17 19:47:17+00:00
MAU-704_2017_A_09_dummy1.jpg,5/1/2017,Guam-CNMI,MAU-704,dummy1,140,735,*CCAH,mskye13,2025-10-17 19:48:18+00:00
MAU-704_2017_A_09_dummy1.jpg,5/1/2017,Guam-CNMI,MAU-704,dummy1,262,3200,*CCAH,mskye13,2025-10-17 19:48:18+00:00
MAU-704_2017_A_09_dummy1.jpg,5/1/2017,Guam-CNMI,MAU-704,dummy1,987,3337,*TURFH,mskye13,2025-10-17 19:48:18+00:00
MAU-704_2017_A_09_dummy1.jpg,5/1/2017,Guam-CNMI,MAU-704,dummy1,1255,4307,*MOEN,mskye13,2025-10-17 19:48:18+00:00
MAU-704_2017_A_09_dummy1.jpg,5/1/2017,Guam-CNMI,MAU-704,dummy1,1337,4675,*MOEN,mskye13,2025-10-17 19:48:18+00:00
MAU-704_2017_A_09_dummy1.jpg,5/1/2017,Guam-CNMI,MAU-704,dummy1,2865,400,*TURFH,mskye13,2025-10-17 19:48:18+00:00
MAU-704_2017_A_09_dummy1.jpg,5/1/2017,Guam-CNMI,MAU-704,dummy1,2401,658,*TURFH,mskye13,2025-10-17 19:48:18+00:00
MAU-704_2017_A_09_dummy1.jpg,5/1/2017,Guam-CNMI,MAU-704,dummy1,2624,1156,*EMA,mskye13,2025-10-17 19:48:18+00:00
MAU-704_2017_A_09_dummy1.jpg,5/1/2017,Guam-CNMI,MAU-704,dummy1,2412,4540,*EMA,mskye13,2025-10-17 19:48:18+00:00
MAU-704_2017_A_09_dummy1.jpg,5/1/2017,Guam-CNMI,MAU-704,dummy1,3504,3286,*TURFH,mskye13,2025-10-17 19:48:18+00:00
MAU-723_2017_A_30_dummy1.jpg,5/1/2017,Guam-CNMI,MAU-723,dummy1,342,337,*TURFH,mskye13,2025-10-17 19:49:34+00:00
MAU-723_2017_A_30_dummy1.jpg,5/1/2017,Guam-CNMI,MAU-723,dummy1,327,1210,*TURFH,mskye13,2025-10-17 19:49:34+00:00
MAU-723_2017_A_30_dummy1.jpg,5/1/2017,Guam-CNMI,MAU-723,dummy1,484,5398,*SHAD,mskye13,2025-10-17 19:49:34+00:00
MAU-723_2017_A_30_dummy1.jpg,5/1/2017,Guam-CNMI,MAU-723,dummy1,618,5398,*BGMA,mskye13,2025-10-17 19:49:34+00:00
MAU-723_2017_A_30_dummy1.jpg,5/1/2017,Guam-CNMI,MAU-723,dummy1,864,2053,*UNK,mskye13,2025-10-17 19:49:34+00:00
MAU-723_2017_A_30_dummy1.jpg,5/1/2017,Guam-CNMI,MAU-723,dummy1,858,2703,*TURFH,mskye13,2025-10-17 19:49:34+00:00
MAU-723_2017_A_30_dummy1.jpg,5/1/2017,Guam-CNMI,MAU-723,dummy1,2075,3039,*CCAH,mskye13,2025-10-17 19:49:34+00:00
MAU-723_2017_A_30_dummy1.jpg,5/1/2017,Guam-CNMI,MAU-723,dummy1,2193,1192,*SAND,mskye13,2025-10-17 19:49:34+00:00
MAU-723_2017_A_30_dummy1.jpg,5/1/2017,Guam-CNMI,MAU-723,dummy1,3636,3694,*CCAH,mskye13,2025-10-17 19:49:34+00:00
MAU-723_2017_A_30_dummy1.jpg,5/1/2017,Guam-CNMI,MAU-723,dummy1,3429,4790,*CCAH,mskye13,2025-10-17 19:49:34+00:00
MAU-838_2017_B_10_dummy1.jpg,5/1/2017,Guam-CNMI,MAU-838,dummy1,345,133,*CCAH,mskye13,2025-10-17 19:51:46+00:00
MAU-838_2017_B_10_dummy1.jpg,5/1/2017,Guam-CNMI,MAU-838,dummy1,365,1547,*CCAH,mskye13,2025-10-17 19:51:46+00:00
MAU-838_2017_B_10_dummy1.jpg,5/1/2017,Guam-CNMI,MAU-838,dummy1,296,1401,*CCAH,mskye13,2025-10-17 19:51:46+00:00
MAU-838_2017_B_10_dummy1.jpg,5/1/2017,Guam-CNMI,MAU-838,dummy1,211,2136,*CCAH,mskye13,2025-10-17 19:51:46+00:00
MAU-838_2017_B_10_dummy1.jpg,5/1/2017,Guam-CNMI,MAU-838,dummy1,669,938,*TURFH,mskye13,2025-10-17 19:51:46+00:00
MAU-838_2017_B_10_dummy1.jpg,5/1/2017,Guam-CNMI,MAU-838,dummy1,882,896,*CCAH,mskye13,2025-10-17 19:51:45+00:00
MAU-838_2017_B_10_dummy1.jpg,5/1/2017,Guam-CNMI,MAU-838,dummy1,1556,699,*ENC,mskye13,2025-10-17 19:51:45+00:00
MAU-838_2017_B_10_dummy1.jpg,5/1/2017,Guam-CNMI,MAU-838,dummy1,2511,1205,*HCOE,mskye13,2025-10-17 19:51:45+00:00
MAU-838_2017_B_10_dummy1.jpg,5/1/2017,Guam-CNMI,MAU-838,dummy1,2722,1327,*TURFH,mskye13,2025-10-17 19:51:45+00:00
MAU-838_2017_B_10_dummy1.jpg,5/1/2017,Guam-CNMI,MAU-838,dummy1,2663,2921,*SHAD,mskye13,2025-10-17 19:51:45+00:00
MAU-848_2017_B_02_dummy1.jpg,5/1/2017,Guam-CNMI,MAU-848,dummy1,205,42,*TURFH,mskye13,2025-10-17 19:53:05+00:00
MAU-848_2017_B_02_dummy1.jpg,5/1/2017,Guam-CNMI,MAU-848,dummy1,634,158,*POCS,mskye13,2025-10-17 19:53:05+00:00
MAU-848_2017_B_02_dummy1.jpg,5/1/2017,Guam-CNMI,MAU-848,dummy1,1083,311,*POCS,mskye13,2025-10-17 19:53:05+00:00
MAU-848_2017_B_02_dummy1.jpg,5/1/2017,Guam-CNMI,MAU-848,dummy1,1302,688,*POCS,mskye13,2025-10-17 19:53:05+00:00
MAU-848_2017_B_02_dummy1.jpg,5/1/2017,Guam-CNMI,MAU-848,dummy1,1835,2900,*TURFH,mskye13,2025-10-17 19:53:05+00:00
MAU-848_2017_B_02_dummy1.jpg,5/1/2017,Guam-CNMI,MAU-848,dummy1,1924,2413,*CCAH,mskye13,2025-10-17 19:53:05+00:00
MAU-848_2017_B_02_dummy1.jpg,5/1/2017,Guam-CNMI,MAU-848,dummy1,2455,2336,*TURFH,mskye13,2025-10-17 19:53:05+00:00
MAU-848_2017_B_02_dummy1.jpg,5/1/2017,Guam-CNMI,MAU-848,dummy1,3910,1031,*TURFH,mskye13,2025-10-17 19:53:05+00:00
MAU-848_2017_B_02_dummy1.jpg,5/1/2017,Guam-CNMI,MAU-848,dummy1,3699,1018,*TURFH,mskye13,2025-10-17 19:53:05+00:00
MAU-848_2017_B_02_dummy1.jpg,5/1/2017,Guam-CNMI,MAU-848,dummy1,3324,2524,*TURFH,mskye13,2025-10-17 19:53:05+00:00
MAU-855_2017_B_12_dummy1.jpg,5/1/2017,Guam-CNMI,MAU-855,dummy1,445,956,*TURFH,mskye13,2025-10-17 19:53:53+00:00
MAU-855_2017_B_12_dummy1.jpg,5/1/2017,Guam-CNMI,MAU-855,dummy1,570,2396,*TURFH,mskye13,2025-10-17 19:53:53+00:00
MAU-855_2017_B_12_dummy1.jpg,5/1/2017,Guam-CNMI,MAU-855,dummy1,462,3849,*TURFH,mskye13,2025-10-17 19:53:53+00:00
MAU-855_2017_B_12_dummy1.jpg,5/1/2017,Guam-CNMI,MAU-855,dummy1,512,3784,*TURFH,mskye13,2025-10-17 19:53:53+00:00
MAU-855_2017_B_12_dummy1.jpg,5/1/2017,Guam-CNMI,MAU-855,dummy1,737,1173,*GONS,mskye13,2025-10-17 19:53:53+00:00
MAU-855_2017_B_12_dummy1.jpg,5/1/2017,Guam-CNMI,MAU-855,dummy1,1105,2170,*TURFH,mskye13,2025-10-17 19:53:53+00:00
MAU-855_2017_B_12_dummy1.jpg,5/1/2017,Guam-CNMI,MAU-855,dummy1,818,2945,*TURFH,mskye13,2025-10-17 19:53:53+00:00
MAU-855_2017_B_12_dummy1.jpg,5/1/2017,Guam-CNMI,MAU-855,dummy1,631,3271,*GONS,mskye13,2025-10-17 19:53:53+00:00
MAU-855_2017_B_12_dummy1.jpg,5/1/2017,Guam-CNMI,MAU-855,dummy1,1725,2565,*TURFH,mskye13,2025-10-17 19:53:53+00:00
MAU-855_2017_B_12_dummy1.jpg,5/1/2017,Guam-CNMI,MAU-855,dummy1,2852,2867,*ENC,mskye13,2025-10-17 19:53:53+00:00
MAU-868_2017_A_07_dummy1.jpg,5/1/2017,Guam-CNMI,MAU-868,dummy1,931,2846,*TURFH,mskye13,2025-10-17 19:55:01+00:00
MAU-868_2017_A_07_dummy1.jpg,5/1/2017,Guam-CNMI,MAU-868,dummy1,716,3406,*TURFH,mskye13,2025-10-17 19:55:01+00:00
MAU-868_2017_A_07_dummy1.jpg,5/1/2017,Guam-CNMI,MAU-868,dummy1,1438,762,*TURFH,mskye13,2025-10-17 19:55:01+00:00
MAU-868_2017_A_07_dummy1.jpg,5/1/2017,Guam-CNMI,MAU-868,dummy1,1229,2857,*TURFH,mskye13,2025-10-17 19:55:01+00:00
MAU-868_2017_A_07_dummy1.jpg,5/1/2017,Guam-CNMI,MAU-868,dummy1,2328,365,*BGMA,mskye13,2025-10-17 19:55:01+00:00
MAU-868_2017_A_07_dummy1.jpg,5/1/2017,Guam-CNMI,MAU-868,dummy1,2023,1295,*TURFH,mskye13,2025-10-17 19:55:01+00:00
MAU-868_2017_A_07_dummy1.jpg,5/1/2017,Guam-CNMI,MAU-868,dummy1,2197,2723,*CCAH,mskye13,2025-10-17 19:55:01+00:00
MAU-868_2017_A_07_dummy1.jpg,5/1/2017,Guam-CNMI,MAU-868,dummy1,2067,3812,*SHAD,mskye13,2025-10-17 19:55:01+00:00
MAU-868_2017_A_07_dummy1.jpg,5/1/2017,Guam-CNMI,MAU-868,dummy1,2860,482,*TURFH,mskye13,2025-10-17 19:55:01+00:00
MAU-868_2017_A_07_dummy1.jpg,5/1/2017,Guam-CNMI,MAU-868,dummy1,2872,1803,*CCAH,mskye13,2025-10-17 19:55:01+00:00
MAU-870_2017_B_04_dummy1.jpg,5/1/2017,Guam-CNMI,MAU-870,dummy1,453,1112,*SHAD,mskye13,2025-10-17 19:56:39+00:00
MAU-870_2017_B_04_dummy1.jpg,5/1/2017,Guam-CNMI,MAU-870,dummy1,620,2409,*TURFH,mskye13,2025-10-17 19:56:39+00:00
MAU-870_2017_B_04_dummy1.jpg,5/1/2017,Guam-CNMI,MAU-870,dummy1,604,3383,*CCAH,mskye13,2025-10-17 19:56:39+00:00
MAU-870_2017_B_04_dummy1.jpg,5/1/2017,Guam-CNMI,MAU-870,dummy1,1305,1121,*TURFH,mskye13,2025-10-17 19:56:39+00:00
MAU-870_2017_B_04_dummy1.jpg,5/1/2017,Guam-CNMI,MAU-870,dummy1,1242,2172,*EMA,mskye13,2025-10-17 19:56:39+00:00
MAU-870_2017_B_04_dummy1.jpg,5/1/2017,Guam-CNMI,MAU-870,dummy1,2212,329,*SHAD,mskye13,2025-10-17 19:56:39+00:00
MAU-870_2017_B_04_dummy1.jpg,5/1/2017,Guam-CNMI,MAU-870,dummy1,2732,406,*CCAH,mskye13,2025-10-17 19:56:39+00:00
MAU-870_2017_B_04_dummy1.jpg,5/1/2017,Guam-CNMI,MAU-870,dummy1,2562,3620,*SHAD,mskye13,2025-10-17 19:56:39+00:00
MAU-870_2017_B_04_dummy1.jpg,5/1/2017,Guam-CNMI,MAU-870,dummy1,2723,3844,*TURFH,mskye13,2025-10-17 19:56:39+00:00
MAU-870_2017_B_04_dummy1.jpg,5/1/2017,Guam-CNMI,MAU-870,dummy1,2928,3382,*GASP,mskye13,2025-10-17 19:56:39+00:00
MAU-907_2017_B_04_dummy1.jpg,5/1/2017,Guam-CNMI,MAU-907,dummy1,613,539,*TURFH,mskye13,2025-10-17 20:03:44+00:00
MAU-907_2017_B_04_dummy1.jpg,5/1/2017,Guam-CNMI,MAU-907,dummy1,828,164,*TURFH,mskye13,2025-10-17 20:03:44+00:00
MAU-907_2017_B_04_dummy1.jpg,5/1/2017,Guam-CNMI,MAU-907,dummy1,750,2903,*TURFH,mskye13,2025-10-17 20:03:44+00:00
MAU-907_2017_B_04_dummy1.jpg,5/1/2017,Guam-CNMI,MAU-907,dummy1,1182,2925,*TURFH,mskye13,2025-10-17 20:03:44+00:00
MAU-907_2017_B_04_dummy1.jpg,5/1/2017,Guam-CNMI,MAU-907,dummy1,886,3325,*SAND,mskye13,2025-10-17 20:03:44+00:00
MAU-907_2017_B_04_dummy1.jpg,5/1/2017,Guam-CNMI,MAU-907,dummy1,1632,1518,*TURFH,mskye13,2025-10-17 20:03:44+00:00
MAU-907_2017_B_04_dummy1.jpg,5/1/2017,Guam-CNMI,MAU-907,dummy1,1598,3651,*TURFH,mskye13,2025-10-17 20:03:44+00:00
MAU-907_2017_B_04_dummy1.jpg,5/1/2017,Guam-CNMI,MAU-907,dummy1,2079,700,*TURFH,mskye13,2025-10-17 20:03:44+00:00
MAU-907_2017_B_04_dummy1.jpg,5/1/2017,Guam-CNMI,MAU-907,dummy1,2054,1035,*TURFH,mskye13,2025-10-17 20:03:44+00:00
MAU-907_2017_B_04_dummy1.jpg,5/1/2017,Guam-CNMI,MAU-907,dummy1,2003,1062,*TURFH,mskye13,2025-10-17 20:03:44+00:00
MAU-951_2017_B_11_dummy1.jpg,5/1/2017,Guam-CNMI,MAU-951,dummy1,176,1166,*TURFH,mskye13,2025-10-17 20:05:13+00:00
MAU-951_2017_B_11_dummy1.jpg,5/1/2017,Guam-CNMI,MAU-951,dummy1,255,2413,*TURFH,mskye13,2025-10-17 20:05:13+00:00
MAU-951_2017_B_11_dummy1.jpg,5/1/2017,Guam-CNMI,MAU-951,dummy1,117,2856,*TURFH,mskye13,2025-10-17 20:05:13+00:00
MAU-951_2017_B_11_dummy1.jpg,5/1/2017,Guam-CNMI,MAU-951,dummy1,1454,668,*PESP,mskye13,2025-10-17 20:05:13+00:00
MAU-951_2017_B_11_dummy1.jpg,5/1/2017,Guam-CNMI,MAU-951,dummy1,1253,632,*TURFH,mskye13,2025-10-17 20:05:13+00:00
MAU-951_2017_B_11_dummy1.jpg,5/1/2017,Guam-CNMI,MAU-951,dummy1,1603,1815,*BGMA,mskye13,2025-10-17 20:05:13+00:00
MAU-951_2017_B_11_dummy1.jpg,5/1/2017,Guam-CNMI,MAU-951,dummy1,1691,2464,*TURFH,mskye13,2025-10-17 20:05:13+00:00
MAU-951_2017_B_11_dummy1.jpg,5/1/2017,Guam-CNMI,MAU-951,dummy1,1718,3695,*MOEN,mskye13,2025-10-17 20:05:13+00:00
MAU-951_2017_B_11_dummy1.jpg,5/1/2017,Guam-CNMI,MAU-951,dummy1,2147,2654,*TURFH,mskye13,2025-10-17 20:05:13+00:00
MAU-951_2017_B_11_dummy1.jpg,5/1/2017,Guam-CNMI,MAU-951,dummy1,2538,3155,*TURFH,mskye13,2025-10-17 20:05:13+00:00
MAU-953_2017_B_11_dummy1.jpg,5/1/2017,Guam-CNMI,MAU-953,dummy1,190,1394,*TURFH,mskye13,2025-10-17 20:06:07+00:00
MAU-953_2017_B_11_dummy1.jpg,5/1/2017,Guam-CNMI,MAU-953,dummy1,213,969,*GONS,mskye13,2025-10-17 20:06:07+00:00
MAU-953_2017_B_11_dummy1.jpg,5/1/2017,Guam-CNMI,MAU-953,dummy1,160,2274,*TURFH,mskye13,2025-10-17 20:06:07+00:00
MAU-953_2017_B_11_dummy1.jpg,5/1/2017,Guam-CNMI,MAU-953,dummy1,909,3884,*TURFH,mskye13,2025-10-17 20:06:07+00:00
MAU-953_2017_B_11_dummy1.jpg,5/1/2017,Guam-CNMI,MAU-953,dummy1,1676,601,*TURFH,mskye13,2025-10-17 20:06:07+00:00
MAU-953_2017_B_11_dummy1.jpg,5/1/2017,Guam-CNMI,MAU-953,dummy1,1732,924,*PESP,mskye13,2025-10-17 20:06:07+00:00
MAU-953_2017_B_11_dummy1.jpg,5/1/2017,Guam-CNMI,MAU-953,dummy1,2117,250,*SHAD,mskye13,2025-10-17 20:06:07+00:00
MAU-953_2017_B_11_dummy1.jpg,5/1/2017,Guam-CNMI,MAU-953,dummy1,2022,3129,*BGMA,mskye13,2025-10-17 20:06:07+00:00
MAU-953_2017_B_11_dummy1.jpg,5/1/2017,Guam-CNMI,MAU-953,dummy1,2711,2338,*BGMA,mskye13,2025-10-17 20:06:07+00:00
MAU-953_2017_B_11_dummy1.jpg,5/1/2017,Guam-CNMI,MAU-953,dummy1,2940,3964,*POMA,mskye13,2025-10-17 20:06:07+00:00
MAU-994_2017_B_06_dummy1.jpg,5/1/2017,Guam-CNMI,MAU-994,dummy1,337,961,*SHAD,mskye13,2025-10-17 20:07:26+00:00
MAU-994_2017_B_06_dummy1.jpg,5/1/2017,Guam-CNMI,MAU-994,dummy1,1227,2225,*TURFH,mskye13,2025-10-17 20:07:26+00:00
MAU-994_2017_B_06_dummy1.jpg,5/1/2017,Guam-CNMI,MAU-994,dummy1,1382,2402,*TURFH,mskye13,2025-10-17 20:07:26+00:00
MAU-994_2017_B_06_dummy1.jpg,5/1/2017,Guam-CNMI,MAU-994,dummy1,1822,2951,*TURFH,mskye13,2025-10-17 20:07:26+00:00
MAU-994_2017_B_06_dummy1.jpg,5/1/2017,Guam-CNMI,MAU-994,dummy1,1763,2943,*TURFH,mskye13,2025-10-17 20:07:26+00:00
MAU-994_2017_B_06_dummy1.jpg,5/1/2017,Guam-CNMI,MAU-994,dummy1,2520,2931,*SHAD,mskye13,2025-10-17 20:07:26+00:00
MAU-994_2017_B_06_dummy1.jpg,5/1/2017,Guam-CNMI,MAU-994,dummy1,2508,2876,*SHAD,mskye13,2025-10-17 20:07:26+00:00
MAU-994_2017_B_06_dummy1.jpg,5/1/2017,Guam-CNMI,MAU-994,dummy1,3674,387,*TURFH,mskye13,2025-10-17 20:07:26+00:00
MAU-994_2017_B_06_dummy1.jpg,5/1/2017,Guam-CNMI,MAU-994,dummy1,3375,1192,*TURFH,mskye13,2025-10-17 20:07:26+00:00
MAU-994_2017_B_06_dummy1.jpg,5/1/2017,Guam-CNMI,MAU-994,dummy1,3266,2441,*EMA,mskye13,2025-10-17 20:07:26+00:00
MAU-997_2017_A_01_dummy1.jpg,5/1/2017,Guam-CNMI,MAU-997,dummy1,492,965,*TURFH,mskye13,2025-10-17 20:10:26+00:00
MAU-997_2017_A_01_dummy1.jpg,5/1/2017,Guam-CNMI,MAU-997,dummy1,554,1292,*PSSP,mskye13,2025-10-17 20:10:26+00:00
MAU-997_2017_A_01_dummy1.jpg,5/1/2017,Guam-CNMI,MAU-997,dummy1,206,1419,*TURFH,mskye13,2025-10-17 20:10:26+00:00
MAU-997_2017_A_01_dummy1.jpg,5/1/2017,Guam-CNMI,MAU-997,dummy1,1620,47,*TURFH,mskye13,2025-10-17 20:10:26+00:00
MAU-997_2017_A_01_dummy1.jpg,5/1/2017,Guam-CNMI,MAU-997,dummy1,1450,1707,*TURFH,mskye13,2025-10-17 20:10:26+00:00
MAU-997_2017_A_01_dummy1.jpg,5/1/2017,Guam-CNMI,MAU-997,dummy1,1308,3768,*TURFH,mskye13,2025-10-17 20:10:26+00:00
MAU-997_2017_A_01_dummy1.jpg,5/1/2017,Guam-CNMI,MAU-997,dummy1,2135,858,*SHAD,mskye13,2025-10-17 20:10:26+00:00
MAU-997_2017_A_01_dummy1.jpg,5/1/2017,Guam-CNMI,MAU-997,dummy1,2738,158,*TURFH,mskye13,2025-10-17 20:10:26+00:00
MAU-997_2017_A_01_dummy1.jpg,5/1/2017,Guam-CNMI,MAU-997,dummy1,2590,2024,*TURFH,mskye13,2025-10-17 20:10:26+00:00
MAU-997_2017_A_01_dummy1.jpg,5/1/2017,Guam-CNMI,MAU-997,dummy1,2677,2995,*TURFH,mskye13,2025-10-17 20:10:26+00:00
PAG-631_2017_A_17_dummy1.jpg,5/1/2017,Guam-CNMI,PAG-631,dummy1,505,573,*SAND,mskye13,2025-10-17 20:11:11+00:00
PAG-631_2017_A_17_dummy1.jpg,5/1/2017,Guam-CNMI,PAG-631,dummy1,72,3147,*TURFH,mskye13,2025-10-17 20:11:11+00:00
PAG-631_2017_A_17_dummy1.jpg,5/1/2017,Guam-CNMI,PAG-631,dummy1,878,2275,*TURFH,mskye13,2025-10-17 20:11:11+00:00
PAG-631_2017_A_17_dummy1.jpg,5/1/2017,Guam-CNMI,PAG-631,dummy1,1377,4016,*TURFH,mskye13,2025-10-17 20:11:11+00:00
PAG-631_2017_A_17_dummy1.jpg,5/1/2017,Guam-CNMI,PAG-631,dummy1,2786,2663,*TURFH,mskye13,2025-10-17 20:11:11+00:00
PAG-631_2017_A_17_dummy1.jpg,5/1/2017,Guam-CNMI,PAG-631,dummy1,2956,852,*TURFH,mskye13,2025-10-17 20:11:11+00:00
PAG-631_2017_A_17_dummy1.jpg,5/1/2017,Guam-CNMI,PAG-631,dummy1,3501,916,*TURFH,mskye13,2025-10-17 20:11:11+00:00
PAG-631_2017_A_17_dummy1.jpg,5/1/2017,Guam-CNMI,PAG-631,dummy1,3158,1186,*TURFH,mskye13,2025-10-17 20:11:11+00:00
PAG-631_2017_A_17_dummy1.jpg,5/1/2017,Guam-CNMI,PAG-631,dummy1,3578,3577,*TURFH,mskye13,2025-10-17 20:11:11+00:00
PAG-631_2017_A_17_dummy1.jpg,5/1/2017,Guam-CNMI,PAG-631,dummy1,3214,3584,*TURFH,mskye13,2025-10-17 20:11:11+00:00
PAG-636_2017_A_09_dummy1.jpg,5/1/2017,Guam-CNMI,PAG-636,dummy1,382,461,*ZO,mskye13,2025-10-17 20:12:19+00:00
PAG-636_2017_A_09_dummy1.jpg,5/1/2017,Guam-CNMI,PAG-636,dummy1,128,1817,*TURFH,mskye13,2025-10-17 20:12:19+00:00
PAG-636_2017_A_09_dummy1.jpg,5/1/2017,Guam-CNMI,PAG-636,dummy1,771,792,*SHAD,mskye13,2025-10-17 20:12:19+00:00
PAG-636_2017_A_09_dummy1.jpg,5/1/2017,Guam-CNMI,PAG-636,dummy1,841,1051,*TURFH,mskye13,2025-10-17 20:12:19+00:00
PAG-636_2017_A_09_dummy1.jpg,5/1/2017,Guam-CNMI,PAG-636,dummy1,1035,2409,*EMA,mskye13,2025-10-17 20:12:19+00:00
PAG-636_2017_A_09_dummy1.jpg,5/1/2017,Guam-CNMI,PAG-636,dummy1,1576,2199,*EMA,mskye13,2025-10-17 20:12:19+00:00
PAG-636_2017_A_09_dummy1.jpg,5/1/2017,Guam-CNMI,PAG-636,dummy1,1441,2973,*POEN,mskye13,2025-10-17 20:12:19+00:00
PAG-636_2017_A_09_dummy1.jpg,5/1/2017,Guam-CNMI,PAG-636,dummy1,1398,3542,*TURFH,mskye13,2025-10-17 20:12:19+00:00
PAG-636_2017_A_09_dummy1.jpg,5/1/2017,Guam-CNMI,PAG-636,dummy1,1320,3409,*GASP,mskye13,2025-10-17 20:12:19+00:00
PAG-636_2017_A_09_dummy1.jpg,5/1/2017,Guam-CNMI,PAG-636,dummy1,2390,3431,*POEN,mskye13,2025-10-17 20:12:18+00:00
PAG-639_2017_A_24_dummy1.jpg,5/1/2017,Guam-CNMI,PAG-639,dummy1,1096,2205,*TURFH,mskye13,2025-10-17 20:12:49+00:00
PAG-639_2017_A_24_dummy1.jpg,5/1/2017,Guam-CNMI,PAG-639,dummy1,1658,1310,*SAND,mskye13,2025-10-17 20:12:49+00:00
PAG-639_2017_A_24_dummy1.jpg,5/1/2017,Guam-CNMI,PAG-639,dummy1,1764,2774,*ASSP,mskye13,2025-10-17 20:12:49+00:00
PAG-639_2017_A_24_dummy1.jpg,5/1/2017,Guam-CNMI,PAG-639,dummy1,1836,560,*TURFH,mskye13,2025-10-17 20:12:49+00:00
PAG-639_2017_A_24_dummy1.jpg,5/1/2017,Guam-CNMI,PAG-639,dummy1,2374,1239,*TURFH,mskye13,2025-10-17 20:12:49+00:00
PAG-639_2017_A_24_dummy1.jpg,5/1/2017,Guam-CNMI,PAG-639,dummy1,2370,2270,*TURFH,mskye13,2025-10-17 20:12:49+00:00
PAG-639_2017_A_24_dummy1.jpg,5/1/2017,Guam-CNMI,PAG-639,dummy1,2376,1882,*TURFH,mskye13,2025-10-17 20:12:49+00:00
PAG-639_2017_A_24_dummy1.jpg,5/1/2017,Guam-CNMI,PAG-639,dummy1,2105,2551,*POMA,mskye13,2025-10-17 20:12:49+00:00
PAG-639_2017_A_24_dummy1.jpg,5/1/2017,Guam-CNMI,PAG-639,dummy1,2095,3240,*TURFH,mskye13,2025-10-17 20:12:49+00:00
PAG-639_2017_A_24_dummy1.jpg,5/1/2017,Guam-CNMI,PAG-639,dummy1,2550,45,*TURFH,mskye13,2025-10-17 20:12:49+00:00
PAG-642_2017_A_26_dummy1.jpg,5/1/2017,Guam-CNMI,PAG-642,dummy1,614,582,*LEPT,mskye13,2025-10-17 20:13:51+00:00
PAG-642_2017_A_26_dummy1.jpg,5/1/2017,Guam-CNMI,PAG-642,dummy1,278,2809,*SHAD,mskye13,2025-10-17 20:13:51+00:00
PAG-642_2017_A_26_dummy1.jpg,5/1/2017,Guam-CNMI,PAG-642,dummy1,634,2911,*SHAD,mskye13,2025-10-17 20:13:50+00:00
PAG-642_2017_A_26_dummy1.jpg,5/1/2017,Guam-CNMI,PAG-642,dummy1,1127,923,*TURFH,mskye13,2025-10-17 20:13:50+00:00
PAG-642_2017_A_26_dummy1.jpg,5/1/2017,Guam-CNMI,PAG-642,dummy1,1931,1149,*TURFH,mskye13,2025-10-17 20:13:50+00:00
PAG-642_2017_A_26_dummy1.jpg,5/1/2017,Guam-CNMI,PAG-642,dummy1,2121,2527,*SHAD,mskye13,2025-10-17 20:13:50+00:00
PAG-642_2017_A_26_dummy1.jpg,5/1/2017,Guam-CNMI,PAG-642,dummy1,2711,909,*POCS,mskye13,2025-10-17 20:13:50+00:00
PAG-642_2017_A_26_dummy1.jpg,5/1/2017,Guam-CNMI,PAG-642,dummy1,3152,2127,*POCS,mskye13,2025-10-17 20:13:50+00:00
PAG-642_2017_A_26_dummy1.jpg,5/1/2017,Guam-CNMI,PAG-642,dummy1,2494,2501,*TURFH,mskye13,2025-10-17 20:13:50+00:00
PAG-642_2017_A_26_dummy1.jpg,5/1/2017,Guam-CNMI,PAG-642,dummy1,3856,868,*POCS,mskye13,2025-10-17 20:13:50+00:00
PAG-655_2017_A_12_dummy1.jpg,5/1/2017,Guam-CNMI,PAG-655,dummy1,697,2708,*TURFH,mskye13,2025-10-17 20:14:16+00:00
PAG-655_2017_A_12_dummy1.jpg,5/1/2017,Guam-CNMI,PAG-655,dummy1,1822,385,*TURFH,mskye13,2025-10-17 20:14:16+00:00
PAG-655_2017_A_12_dummy1.jpg,5/1/2017,Guam-CNMI,PAG-655,dummy1,1877,3158,*TURFH,mskye13,2025-10-17 20:14:16+00:00
PAG-655_2017_A_12_dummy1.jpg,5/1/2017,Guam-CNMI,PAG-655,dummy1,2003,3451,*TURFH,mskye13,2025-10-17 20:14:16+00:00
PAG-655_2017_A_12_dummy1.jpg,5/1/2017,Guam-CNMI,PAG-655,dummy1,1948,3945,*TURFH,mskye13,2025-10-17 20:14:16+00:00
PAG-655_2017_A_12_dummy1.jpg,5/1/2017,Guam-CNMI,PAG-655,dummy1,2455,3153,*MOEN,mskye13,2025-10-17 20:14:16+00:00
PAG-655_2017_A_12_dummy1.jpg,5/1/2017,Guam-CNMI,PAG-655,dummy1,3300,1809,*TURFH,mskye13,2025-10-17 20:14:15+00:00
PAG-655_2017_A_12_dummy1.jpg,5/1/2017,Guam-CNMI,PAG-655,dummy1,3282,1581,*TURFH,mskye13,2025-10-17 20:14:15+00:00
PAG-655_2017_A_12_dummy1.jpg,5/1/2017,Guam-CNMI,PAG-655,dummy1,2984,1178,*TURFH,mskye13,2025-10-17 20:14:15+00:00
PAG-655_2017_A_12_dummy1.jpg,5/1/2017,Guam-CNMI,PAG-655,dummy1,3209,4927,*TURFH,mskye13,2025-10-17 20:14:15+00:00
PAG-671_2017_A_27_dummy1.jpg,5/1/2017,Guam-CNMI,PAG-671,dummy1,679,630,*TURFH,mskye13,2025-10-17 20:18:56+00:00
PAG-671_2017_A_27_dummy1.jpg,5/1/2017,Guam-CNMI,PAG-671,dummy1,1454,1773,*PHSP,mskye13,2025-10-17 20:18:56+00:00
PAG-671_2017_A_27_dummy1.jpg,5/1/2017,Guam-CNMI,PAG-671,dummy1,1498,271,*PHSP,mskye13,2025-10-17 20:18:56+00:00
PAG-671_2017_A_27_dummy1.jpg,5/1/2017,Guam-CNMI,PAG-671,dummy1,2011,2464,*PHSP,mskye13,2025-10-17 20:18:56+00:00
PAG-671_2017_A_27_dummy1.jpg,5/1/2017,Guam-CNMI,PAG-671,dummy1,1763,3547,*TURFH,mskye13,2025-10-17 20:18:56+00:00
PAG-671_2017_A_27_dummy1.jpg,5/1/2017,Guam-CNMI,PAG-671,dummy1,1519,5308,*TURFH,mskye13,2025-10-17 20:18:56+00:00
PAG-671_2017_A_27_dummy1.jpg,5/1/2017,Guam-CNMI,PAG-671,dummy1,2252,2373,*PHSP,mskye13,2025-10-17 20:18:56+00:00
PAG-671_2017_A_27_dummy1.jpg,5/1/2017,Guam-CNMI,PAG-671,dummy1,2573,2397,*PHSP,mskye13,2025-10-17 20:18:56+00:00
PAG-671_2017_A_27_dummy1.jpg,5/1/2017,Guam-CNMI,PAG-671,dummy1,3403,1407,*CYPS,mskye13,2025-10-17 20:18:56+00:00
PAG-671_2017_A_27_dummy1.jpg,5/1/2017,Guam-CNMI,PAG-671,dummy1,3508,2323,*TURFH,mskye13,2025-10-17 20:18:56+00:00
PAG-693_2017_A_19_dummy1.jpg,5/1/2017,Guam-CNMI,PAG-693,dummy1,294,596,*PLSP,mskye13,2025-10-17 20:19:36+00:00
PAG-693_2017_A_19_dummy1.jpg,5/1/2017,Guam-CNMI,PAG-693,dummy1,510,2748,*TURFH,mskye13,2025-10-17 20:19:36+00:00
PAG-693_2017_A_19_dummy1.jpg,5/1/2017,Guam-CNMI,PAG-693,dummy1,413,3902,*TURFH,mskye13,2025-10-17 20:19:36+00:00
PAG-693_2017_A_19_dummy1.jpg,5/1/2017,Guam-CNMI,PAG-693,dummy1,609,3858,*PAEN,mskye13,2025-10-17 20:19:36+00:00
PAG-693_2017_A_19_dummy1.jpg,5/1/2017,Guam-CNMI,PAG-693,dummy1,1443,1280,*TURFH,mskye13,2025-10-17 20:19:36+00:00
PAG-693_2017_A_19_dummy1.jpg,5/1/2017,Guam-CNMI,PAG-693,dummy1,1455,1847,*POEN,mskye13,2025-10-17 20:19:36+00:00
PAG-693_2017_A_19_dummy1.jpg,5/1/2017,Guam-CNMI,PAG-693,dummy1,1219,2856,*FASP,mskye13,2025-10-17 20:19:36+00:00
PAG-693_2017_A_19_dummy1.jpg,5/1/2017,Guam-CNMI,PAG-693,dummy1,1467,2498,*FASP,mskye13,2025-10-17 20:19:36+00:00
PAG-693_2017_A_19_dummy1.jpg,5/1/2017,Guam-CNMI,PAG-693,dummy1,2978,866,*TURFH,mskye13,2025-10-17 20:19:36+00:00
PAG-693_2017_A_19_dummy1.jpg,5/1/2017,Guam-CNMI,PAG-693,dummy1,2726,3735,*TURFH,mskye13,2025-10-17 20:19:36+00:00
PAG-713_2017_A_05_dummy1.jpg,5/1/2017,Guam-CNMI,PAG-713,dummy1,533,608,*TURFH,mskye13,2025-10-17 20:20:26+00:00
PAG-713_2017_A_05_dummy1.jpg,5/1/2017,Guam-CNMI,PAG-713,dummy1,536,1507,*BGMA,mskye13,2025-10-17 20:20:26+00:00
PAG-713_2017_A_05_dummy1.jpg,5/1/2017,Guam-CNMI,PAG-713,dummy1,1615,1896,*TURFH,mskye13,2025-10-17 20:20:26+00:00
PAG-713_2017_A_05_dummy1.jpg,5/1/2017,Guam-CNMI,PAG-713,dummy1,1968,2403,*TURFH,mskye13,2025-10-17 20:20:26+00:00
PAG-713_2017_A_05_dummy1.jpg,5/1/2017,Guam-CNMI,PAG-713,dummy1,1869,2827,*TURFH,mskye13,2025-10-17 20:20:26+00:00
PAG-713_2017_A_05_dummy1.jpg,5/1/2017,Guam-CNMI,PAG-713,dummy1,1856,2924,*TURFH,mskye13,2025-10-17 20:20:26+00:00
PAG-713_2017_A_05_dummy1.jpg,5/1/2017,Guam-CNMI,PAG-713,dummy1,2345,386,*BGMA,mskye13,2025-10-17 20:20:26+00:00
PAG-713_2017_A_05_dummy1.jpg,5/1/2017,Guam-CNMI,PAG-713,dummy1,3496,258,*TURFH,mskye13,2025-10-17 20:20:26+00:00
PAG-713_2017_A_05_dummy1.jpg,5/1/2017,Guam-CNMI,PAG-713,dummy1,3381,1826,*BGMA,mskye13,2025-10-17 20:20:25+00:00
PAG-713_2017_A_05_dummy1.jpg,5/1/2017,Guam-CNMI,PAG-713,dummy1,3281,5038,*TURFH,mskye13,2025-10-17 20:20:25+00:00
PAG-732_2017_A_02_dummy1.jpg,5/1/2017,Guam-CNMI,PAG-732,dummy1,106,821,*TURFH,mskye13,2025-10-17 20:21:11+00:00
PAG-732_2017_A_02_dummy1.jpg,5/1/2017,Guam-CNMI,PAG-732,dummy1,7,2588,*TURFH,mskye13,2025-10-17 20:21:11+00:00
PAG-732_2017_A_02_dummy1.jpg,5/1/2017,Guam-CNMI,PAG-732,dummy1,1558,2082,*TURFH,mskye13,2025-10-17 20:21:11+00:00
PAG-732_2017_A_02_dummy1.jpg,5/1/2017,Guam-CNMI,PAG-732,dummy1,1762,3191,*HALI,mskye13,2025-10-17 20:21:11+00:00
PAG-732_2017_A_02_dummy1.jpg,5/1/2017,Guam-CNMI,PAG-732,dummy1,1685,2715,*SAND,mskye13,2025-10-17 20:21:11+00:00
PAG-732_2017_A_02_dummy1.jpg,5/1/2017,Guam-CNMI,PAG-732,dummy1,1745,2414,*SAND,mskye13,2025-10-17 20:21:11+00:00
PAG-732_2017_A_02_dummy1.jpg,5/1/2017,Guam-CNMI,PAG-732,dummy1,2303,17,*TURFH,mskye13,2025-10-17 20:21:11+00:00
PAG-732_2017_A_02_dummy1.jpg,5/1/2017,Guam-CNMI,PAG-732,dummy1,2106,2146,*TURFH,mskye13,2025-10-17 20:21:11+00:00
PAG-732_2017_A_02_dummy1.jpg,5/1/2017,Guam-CNMI,PAG-732,dummy1,2586,2697,*ASPP,mskye13,2025-10-17 20:21:11+00:00
PAG-732_2017_A_02_dummy1.jpg,5/1/2017,Guam-CNMI,PAG-732,dummy1,2472,2880,*TURFH,mskye13,2025-10-17 20:21:11+00:00
PAG-747_2017_A_25_dummy1.jpg,5/1/2017,Guam-CNMI,PAG-747,dummy1,588,20,*TURFH,mskye13,2025-10-17 20:22:04+00:00
PAG-747_2017_A_25_dummy1.jpg,5/1/2017,Guam-CNMI,PAG-747,dummy1,693,5060,*TURFH,mskye13,2025-10-17 20:22:04+00:00
PAG-747_2017_A_25_dummy1.jpg,5/1/2017,Guam-CNMI,PAG-747,dummy1,1787,996,*PAEN,mskye13,2025-10-17 20:22:04+00:00
PAG-747_2017_A_25_dummy1.jpg,5/1/2017,Guam-CNMI,PAG-747,dummy1,1543,1245,*TURFH,mskye13,2025-10-17 20:22:04+00:00
PAG-747_2017_A_25_dummy1.jpg,5/1/2017,Guam-CNMI,PAG-747,dummy1,1846,4951,*TURFH,mskye13,2025-10-17 20:22:04+00:00
PAG-747_2017_A_25_dummy1.jpg,5/1/2017,Guam-CNMI,PAG-747,dummy1,2683,587,*POMA,mskye13,2025-10-17 20:22:04+00:00
PAG-747_2017_A_25_dummy1.jpg,5/1/2017,Guam-CNMI,PAG-747,dummy1,2597,1726,*FAVS,mskye13,2025-10-17 20:22:04+00:00
PAG-747_2017_A_25_dummy1.jpg,5/1/2017,Guam-CNMI,PAG-747,dummy1,2546,5157,*TURFH,mskye13,2025-10-17 20:22:04+00:00
PAG-747_2017_A_25_dummy1.jpg,5/1/2017,Guam-CNMI,PAG-747,dummy1,2387,4759,*TURFH,mskye13,2025-10-17 20:22:04+00:00
PAG-747_2017_A_25_dummy1.jpg,5/1/2017,Guam-CNMI,PAG-747,dummy1,3521,916,*CYPS,mskye13,2025-10-17 20:22:04+00:00
PAG-836_2017_A_15_dummy1.jpg,5/1/2017,Guam-CNMI,PAG-836,dummy1,757,465,*POCS,mskye13,2025-10-17 20:27:00+00:00
PAG-836_2017_A_15_dummy1.jpg,5/1/2017,Guam-CNMI,PAG-836,dummy1,104,1394,*POMA,mskye13,2025-10-17 20:27:00+00:00
PAG-836_2017_A_15_dummy1.jpg,5/1/2017,Guam-CNMI,PAG-836,dummy1,1498,2567,*TURFH,mskye13,2025-10-17 20:27:00+00:00
PAG-836_2017_A_15_dummy1.jpg,5/1/2017,Guam-CNMI,PAG-836,dummy1,1674,2131,*TURFH,mskye13,2025-10-17 20:27:00+00:00
PAG-836_2017_A_15_dummy1.jpg,5/1/2017,Guam-CNMI,PAG-836,dummy1,2700,333,*TURFH,mskye13,2025-10-17 20:27:00+00:00
PAG-836_2017_A_15_dummy1.jpg,5/1/2017,Guam-CNMI,PAG-836,dummy1,2640,1471,*TURFH,mskye13,2025-10-17 20:27:00+00:00
PAG-836_2017_A_15_dummy1.jpg,5/1/2017,Guam-CNMI,PAG-836,dummy1,2492,2714,*TURFH,mskye13,2025-10-17 20:27:00+00:00
PAG-836_2017_A_15_dummy1.jpg,5/1/2017,Guam-CNMI,PAG-836,dummy1,3613,336,*TURFH,mskye13,2025-10-17 20:27:00+00:00
PAG-836_2017_A_15_dummy1.jpg,5/1/2017,Guam-CNMI,PAG-836,dummy1,3795,1758,*TURFH,mskye13,2025-10-17 20:27:00+00:00
PAG-836_2017_A_15_dummy1.jpg,5/1/2017,Guam-CNMI,PAG-836,dummy1,3374,1490,*TURFH,mskye13,2025-10-17 20:27:00+00:00
PAG-886_2017_A_13_dummy1.jpg,5/1/2017,Guam-CNMI,PAG-886,dummy1,42,612,*TURFH,mskye13,2025-10-17 20:28:10+00:00
PAG-886_2017_A_13_dummy1.jpg,5/1/2017,Guam-CNMI,PAG-886,dummy1,137,954,*TURFH,mskye13,2025-10-17 20:28:10+00:00
PAG-886_2017_A_13_dummy1.jpg,5/1/2017,Guam-CNMI,PAG-886,dummy1,599,1972,*PAMA,mskye13,2025-10-17 20:28:10+00:00
PAG-886_2017_A_13_dummy1.jpg,5/1/2017,Guam-CNMI,PAG-886,dummy1,691,2049,*PAMA,mskye13,2025-10-17 20:28:10+00:00
PAG-886_2017_A_13_dummy1.jpg,5/1/2017,Guam-CNMI,PAG-886,dummy1,1527,891,*TURFH,mskye13,2025-10-17 20:28:10+00:00
PAG-886_2017_A_13_dummy1.jpg,5/1/2017,Guam-CNMI,PAG-886,dummy1,2341,155,*TURFH,mskye13,2025-10-17 20:28:10+00:00
PAG-886_2017_A_13_dummy1.jpg,5/1/2017,Guam-CNMI,PAG-886,dummy1,1674,1250,*TURFH,mskye13,2025-10-17 20:28:10+00:00
PAG-886_2017_A_13_dummy1.jpg,5/1/2017,Guam-CNMI,PAG-886,dummy1,1981,2303,*PAMA,mskye13,2025-10-17 20:28:10+00:00
PAG-886_2017_A_13_dummy1.jpg,5/1/2017,Guam-CNMI,PAG-886,dummy1,3550,14,*TURFH,mskye13,2025-10-17 20:28:10+00:00
PAG-886_2017_A_13_dummy1.jpg,5/1/2017,Guam-CNMI,PAG-886,dummy1,3609,1558,*PAMA,mskye13,2025-10-17 20:28:10+00:00
PAG-891_2017_B_04_dummy1.jpg,5/1/2017,Guam-CNMI,PAG-891,dummy1,14,1264,*TURFH,mskye13,2025-10-17 20:28:39+00:00
PAG-891_2017_B_04_dummy1.jpg,5/1/2017,Guam-CNMI,PAG-891,dummy1,470,3109,*SHAD,mskye13,2025-10-17 20:28:39+00:00
PAG-891_2017_B_04_dummy1.jpg,5/1/2017,Guam-CNMI,PAG-891,dummy1,173,3190,*TURFH,mskye13,2025-10-17 20:28:39+00:00
PAG-891_2017_B_04_dummy1.jpg,5/1/2017,Guam-CNMI,PAG-891,dummy1,1730,241,*TURFH,mskye13,2025-10-17 20:28:39+00:00
PAG-891_2017_B_04_dummy1.jpg,5/1/2017,Guam-CNMI,PAG-891,dummy1,1672,375,*TURFH,mskye13,2025-10-17 20:28:39+00:00
PAG-891_2017_B_04_dummy1.jpg,5/1/2017,Guam-CNMI,PAG-891,dummy1,1478,510,*TURFH,mskye13,2025-10-17 20:28:39+00:00
PAG-891_2017_B_04_dummy1.jpg,5/1/2017,Guam-CNMI,PAG-891,dummy1,1606,364,*TURFH,mskye13,2025-10-17 20:28:39+00:00
PAG-891_2017_B_04_dummy1.jpg,5/1/2017,Guam-CNMI,PAG-891,dummy1,1584,1733,*PAEN,mskye13,2025-10-17 20:28:39+00:00
PAG-891_2017_B_04_dummy1.jpg,5/1/2017,Guam-CNMI,PAG-891,dummy1,2108,3493,*TURFH,mskye13,2025-10-17 20:28:39+00:00
PAG-891_2017_B_04_dummy1.jpg,5/1/2017,Guam-CNMI,PAG-891,dummy1,2826,1455,*TURFH,mskye13,2025-10-17 20:28:39+00:00
PAG-899_2017_B_03_dummy1.jpg,5/1/2017,Guam-CNMI,PAG-899,dummy1,340,3006,*TURFH,mskye13,2025-10-17 20:29:28+00:00
PAG-899_2017_B_03_dummy1.jpg,5/1/2017,Guam-CNMI,PAG-899,dummy1,732,61,*TURFH,mskye13,2025-10-17 20:29:28+00:00
PAG-899_2017_B_03_dummy1.jpg,5/1/2017,Guam-CNMI,PAG-899,dummy1,1102,1212,*TURFH,mskye13,2025-10-17 20:29:28+00:00
PAG-899_2017_B_03_dummy1.jpg,5/1/2017,Guam-CNMI,PAG-899,dummy1,2301,669,*TURFH,mskye13,2025-10-17 20:29:28+00:00
PAG-899_2017_B_03_dummy1.jpg,5/1/2017,Guam-CNMI,PAG-899,dummy1,1837,69,*TURFH,mskye13,2025-10-17 20:29:28+00:00
PAG-899_2017_B_03_dummy1.jpg,5/1/2017,Guam-CNMI,PAG-899,dummy1,2373,1392,*ASPP,mskye13,2025-10-17 20:29:28+00:00
PAG-899_2017_B_03_dummy1.jpg,5/1/2017,Guam-CNMI,PAG-899,dummy1,1883,2380,*POMA,mskye13,2025-10-17 20:29:28+00:00
PAG-899_2017_B_03_dummy1.jpg,5/1/2017,Guam-CNMI,PAG-899,dummy1,2039,2893,*TURFH,mskye13,2025-10-17 20:29:28+00:00
PAG-899_2017_B_03_dummy1.jpg,5/1/2017,Guam-CNMI,PAG-899,dummy1,2733,87,*SHAD,mskye13,2025-10-17 20:29:28+00:00
PAG-899_2017_B_03_dummy1.jpg,5/1/2017,Guam-CNMI,PAG-899,dummy1,2762,2871,*TURFH,mskye13,2025-10-17 20:29:28+00:00
PAG-997_2017_A_04_dummy1.jpg,5/1/2017,Guam-CNMI,PAG-997,dummy1,732,1414,*TURFH,mskye13,2025-10-17 20:30:44+00:00
PAG-997_2017_A_04_dummy1.jpg,5/1/2017,Guam-CNMI,PAG-997,dummy1,1287,1503,*FASP,mskye13,2025-10-17 20:30:44+00:00
PAG-997_2017_A_04_dummy1.jpg,5/1/2017,Guam-CNMI,PAG-997,dummy1,1022,2771,*TURFH,mskye13,2025-10-17 20:30:44+00:00
PAG-997_2017_A_04_dummy1.jpg,5/1/2017,Guam-CNMI,PAG-997,dummy1,1201,2825,*TURFH,mskye13,2025-10-17 20:30:44+00:00
PAG-997_2017_A_04_dummy1.jpg,5/1/2017,Guam-CNMI,PAG-997,dummy1,1678,921,*TURFH,mskye13,2025-10-17 20:30:44+00:00
PAG-997_2017_A_04_dummy1.jpg,5/1/2017,Guam-CNMI,PAG-997,dummy1,2845,1379,*SHAD,mskye13,2025-10-17 20:30:44+00:00
PAG-997_2017_A_04_dummy1.jpg,5/1/2017,Guam-CNMI,PAG-997,dummy1,2944,1960,*POEN,mskye13,2025-10-17 20:30:44+00:00
PAG-997_2017_A_04_dummy1.jpg,5/1/2017,Guam-CNMI,PAG-997,dummy1,3656,77,*TURFH,mskye13,2025-10-17 20:30:44+00:00
PAG-997_2017_A_04_dummy1.jpg,5/1/2017,Guam-CNMI,PAG-997,dummy1,3774,1893,*TURFH,mskye13,2025-10-17 20:30:44+00:00
PAG-997_2017_A_04_dummy1.jpg,5/1/2017,Guam-CNMI,PAG-997,dummy1,3327,2318,*CCAH,mskye13,2025-10-17 20:30:44+00:00
ROT-830_IMG_1861_dummy1.jpg,6/1/2022,Guam-CNMI,ROT-830,dummy1,829,410,*PESP,mskye13,2025-10-17 20:31:27+00:00
ROT-830_IMG_1861_dummy1.jpg,6/1/2022,Guam-CNMI,ROT-830,dummy1,2093,651,*PESP,mskye13,2025-10-17 20:31:27+00:00
ROT-830_IMG_1861_dummy1.jpg,6/1/2022,Guam-CNMI,ROT-830,dummy1,2114,2782,*GONS,mskye13,2025-10-17 20:31:27+00:00
ROT-830_IMG_1861_dummy1.jpg,6/1/2022,Guam-CNMI,ROT-830,dummy1,2554,131,*TURFH,mskye13,2025-10-17 20:31:27+00:00
ROT-830_IMG_1861_dummy1.jpg,6/1/2022,Guam-CNMI,ROT-830,dummy1,2675,728,*HALI,mskye13,2025-10-17 20:31:27+00:00
ROT-830_IMG_1861_dummy1.jpg,6/1/2022,Guam-CNMI,ROT-830,dummy1,2223,760,*CCAH,mskye13,2025-10-17 20:31:27+00:00
ROT-830_IMG_1861_dummy1.jpg,6/1/2022,Guam-CNMI,ROT-830,dummy1,2933,2313,*GONS,mskye13,2025-10-17 20:31:27+00:00
ROT-830_IMG_1861_dummy1.jpg,6/1/2022,Guam-CNMI,ROT-830,dummy1,2868,3499,*PESP,mskye13,2025-10-17 20:31:27+00:00
ROT-830_IMG_1861_dummy1.jpg,6/1/2022,Guam-CNMI,ROT-830,dummy1,3600,1240,*TURFH,mskye13,2025-10-17 20:31:27+00:00
ROT-830_IMG_1861_dummy1.jpg,6/1/2022,Guam-CNMI,ROT-830,dummy1,3521,2632,*SHAD,mskye13,2025-10-17 20:31:27+00:00
ROT-840_IMG_1799_dummy1.jpg,6/1/2022,Guam-CNMI,ROT-840,dummy1,476,335,*TURFH,mskye13,2025-10-17 20:32:12+00:00
ROT-840_IMG_1799_dummy1.jpg,6/1/2022,Guam-CNMI,ROT-840,dummy1,568,2866,*EMA,mskye13,2025-10-17 20:32:12+00:00
ROT-840_IMG_1799_dummy1.jpg,6/1/2022,Guam-CNMI,ROT-840,dummy1,1271,1936,*CCAH,mskye13,2025-10-17 20:32:12+00:00
ROT-840_IMG_1799_dummy1.jpg,6/1/2022,Guam-CNMI,ROT-840,dummy1,1797,2690,*TURFH,mskye13,2025-10-17 20:32:12+00:00
ROT-840_IMG_1799_dummy1.jpg,6/1/2022,Guam-CNMI,ROT-840,dummy1,2165,4835,*CCAH,mskye13,2025-10-17 20:32:12+00:00
ROT-840_IMG_1799_dummy1.jpg,6/1/2022,Guam-CNMI,ROT-840,dummy1,1585,4512,*TURFH,mskye13,2025-10-17 20:32:12+00:00
ROT-840_IMG_1799_dummy1.jpg,6/1/2022,Guam-CNMI,ROT-840,dummy1,2214,1602,*CCAH,mskye13,2025-10-17 20:32:12+00:00
ROT-840_IMG_1799_dummy1.jpg,6/1/2022,Guam-CNMI,ROT-840,dummy1,2731,2024,*CCAH,mskye13,2025-10-17 20:32:12+00:00
ROT-840_IMG_1799_dummy1.jpg,6/1/2022,Guam-CNMI,ROT-840,dummy1,2328,2289,*TURFH,mskye13,2025-10-17 20:32:12+00:00
ROT-840_IMG_1799_dummy1.jpg,6/1/2022,Guam-CNMI,ROT-840,dummy1,2503,5397,*TURFH,mskye13,2025-10-17 20:32:12+00:00
ROT-845_IMG_1917_dummy1.jpg,6/1/2022,Guam-CNMI,ROT-845,dummy1,574,1757,*TURFH,mskye13,2025-10-17 20:32:32+00:00
ROT-845_IMG_1917_dummy1.jpg,6/1/2022,Guam-CNMI,ROT-845,dummy1,591,2854,*TURFH,mskye13,2025-10-17 20:32:32+00:00
ROT-845_IMG_1917_dummy1.jpg,6/1/2022,Guam-CNMI,ROT-845,dummy1,1125,1304,*TURFH,mskye13,2025-10-17 20:32:32+00:00
ROT-845_IMG_1917_dummy1.jpg,6/1/2022,Guam-CNMI,ROT-845,dummy1,1501,530,*TURFH,mskye13,2025-10-17 20:32:32+00:00
ROT-845_IMG_1917_dummy1.jpg,6/1/2022,Guam-CNMI,ROT-845,dummy1,1868,1120,*TURFH,mskye13,2025-10-17 20:32:32+00:00
ROT-845_IMG_1917_dummy1.jpg,6/1/2022,Guam-CNMI,ROT-845,dummy1,1855,3211,*TURFH,mskye13,2025-10-17 20:32:32+00:00
ROT-845_IMG_1917_dummy1.jpg,6/1/2022,Guam-CNMI,ROT-845,dummy1,2632,3751,*TURFH,mskye13,2025-10-17 20:32:32+00:00
ROT-845_IMG_1917_dummy1.jpg,6/1/2022,Guam-CNMI,ROT-845,dummy1,2332,4412,*TURFH,mskye13,2025-10-17 20:32:32+00:00
ROT-845_IMG_1917_dummy1.jpg,6/1/2022,Guam-CNMI,ROT-845,dummy1,3048,3681,*TURFH,mskye13,2025-10-17 20:32:32+00:00
ROT-845_IMG_1917_dummy1.jpg,6/1/2022,Guam-CNMI,ROT-845,dummy1,3465,3555,*TURFH,mskye13,2025-10-17 20:32:32+00:00
ROT-845_IMG_1926_dummy1.jpg,6/1/2022,Guam-CNMI,ROT-845,dummy1,338,150,*TURFH,mskye13,2025-10-17 20:33:45+00:00
ROT-845_IMG_1926_dummy1.jpg,6/1/2022,Guam-CNMI,ROT-845,dummy1,116,1086,*TURFH,mskye13,2025-10-17 20:33:45+00:00
ROT-845_IMG_1926_dummy1.jpg,6/1/2022,Guam-CNMI,ROT-845,dummy1,137,3094,*HALI,mskye13,2025-10-17 20:33:45+00:00
ROT-845_IMG_1926_dummy1.jpg,6/1/2022,Guam-CNMI,ROT-845,dummy1,252,3406,*TURFH,mskye13,2025-10-17 20:33:45+00:00
ROT-845_IMG_1926_dummy1.jpg,6/1/2022,Guam-CNMI,ROT-845,dummy1,1187,371,*TURFH,mskye13,2025-10-17 20:33:45+00:00
ROT-845_IMG_1926_dummy1.jpg,6/1/2022,Guam-CNMI,ROT-845,dummy1,1985,635,*TURFH,mskye13,2025-10-17 20:33:45+00:00
ROT-845_IMG_1926_dummy1.jpg,6/1/2022,Guam-CNMI,ROT-845,dummy1,1941,3942,*HALI,mskye13,2025-10-17 20:33:45+00:00
ROT-845_IMG_1926_dummy1.jpg,6/1/2022,Guam-CNMI,ROT-845,dummy1,2691,1704,*TURFH,mskye13,2025-10-17 20:33:45+00:00
ROT-845_IMG_1926_dummy1.jpg,6/1/2022,Guam-CNMI,ROT-845,dummy1,2907,3877,*TURFH,mskye13,2025-10-17 20:33:45+00:00
ROT-845_IMG_1926_dummy1.jpg,6/1/2022,Guam-CNMI,ROT-845,dummy1,3281,3544,*HALI,mskye13,2025-10-17 20:33:45+00:00
ROT-848_IMG_0902_dummy1.jpg,6/1/2022,Guam-CNMI,ROT-848,dummy1,295,927,*TURFH,mskye13,2025-10-17 20:40:00+00:00
ROT-848_IMG_0902_dummy1.jpg,6/1/2022,Guam-CNMI,ROT-848,dummy1,715,1771,*TURFH,mskye13,2025-10-17 20:40:00+00:00
ROT-848_IMG_0902_dummy1.jpg,6/1/2022,Guam-CNMI,ROT-848,dummy1,10,1478,*TURFH,mskye13,2025-10-17 20:40:00+00:00
ROT-848_IMG_0902_dummy1.jpg,6/1/2022,Guam-CNMI,ROT-848,dummy1,1073,3470,*TURFH,mskye13,2025-10-17 20:40:00+00:00
ROT-848_IMG_0902_dummy1.jpg,6/1/2022,Guam-CNMI,ROT-848,dummy1,1560,850,*GRMA,mskye13,2025-10-17 20:40:00+00:00
ROT-848_IMG_0902_dummy1.jpg,6/1/2022,Guam-CNMI,ROT-848,dummy1,1529,2077,*CCAH,mskye13,2025-10-17 20:40:00+00:00
ROT-848_IMG_0902_dummy1.jpg,6/1/2022,Guam-CNMI,ROT-848,dummy1,1323,2002,*HALI,mskye13,2025-10-17 20:40:00+00:00
ROT-848_IMG_0902_dummy1.jpg,6/1/2022,Guam-CNMI,ROT-848,dummy1,2114,2573,*TURFH,mskye13,2025-10-17 20:40:00+00:00
ROT-848_IMG_0902_dummy1.jpg,6/1/2022,Guam-CNMI,ROT-848,dummy1,4187,2079,*TURFH,mskye13,2025-10-17 20:40:00+00:00
ROT-848_IMG_0902_dummy1.jpg,6/1/2022,Guam-CNMI,ROT-848,dummy1,4591,2421,*TURFH,mskye13,2025-10-17 20:40:00+00:00
ROT-848_IMG_0903_dummy1.jpg,6/1/2022,Guam-CNMI,ROT-848,dummy1,597,1003,*TURFH,mskye13,2025-10-17 20:40:32+00:00
ROT-848_IMG_0903_dummy1.jpg,6/1/2022,Guam-CNMI,ROT-848,dummy1,1028,1283,*TURFH,mskye13,2025-10-17 20:40:32+00:00
ROT-848_IMG_0903_dummy1.jpg,6/1/2022,Guam-CNMI,ROT-848,dummy1,1745,2675,*TURFH,mskye13,2025-10-17 20:40:32+00:00
ROT-848_IMG_0903_dummy1.jpg,6/1/2022,Guam-CNMI,ROT-848,dummy1,1671,2347,*TURFH,mskye13,2025-10-17 20:40:32+00:00
ROT-848_IMG_0903_dummy1.jpg,6/1/2022,Guam-CNMI,ROT-848,dummy1,2809,83,*TURFH,mskye13,2025-10-17 20:40:32+00:00
ROT-848_IMG_0903_dummy1.jpg,6/1/2022,Guam-CNMI,ROT-848,dummy1,3522,1855,*TURFH,mskye13,2025-10-17 20:40:32+00:00
ROT-848_IMG_0903_dummy1.jpg,6/1/2022,Guam-CNMI,ROT-848,dummy1,3290,3200,*TURFH,mskye13,2025-10-17 20:40:32+00:00
ROT-848_IMG_0903_dummy1.jpg,6/1/2022,Guam-CNMI,ROT-848,dummy1,3383,3211,*TURFH,mskye13,2025-10-17 20:40:32+00:00
ROT-848_IMG_0903_dummy1.jpg,6/1/2022,Guam-CNMI,ROT-848,dummy1,4890,71,*TURFH,mskye13,2025-10-17 20:40:32+00:00
ROT-848_IMG_0903_dummy1.jpg,6/1/2022,Guam-CNMI,ROT-848,dummy1,4841,3579,*TURFH,mskye13,2025-10-17 20:40:32+00:00
ROT-866_IMG_2363_dummy1.jpg,6/1/2022,Guam-CNMI,ROT-866,dummy1,459,2214,*MOBF,mskye13,2025-10-17 20:41:28+00:00
ROT-866_IMG_2363_dummy1.jpg,6/1/2022,Guam-CNMI,ROT-866,dummy1,2117,38,*TURFH,mskye13,2025-10-17 20:41:28+00:00
ROT-866_IMG_2363_dummy1.jpg,6/1/2022,Guam-CNMI,ROT-866,dummy1,1587,1608,*TURFH,mskye13,2025-10-17 20:41:28+00:00
ROT-866_IMG_2363_dummy1.jpg,6/1/2022,Guam-CNMI,ROT-866,dummy1,1189,2721,*TURFH,mskye13,2025-10-17 20:41:28+00:00
ROT-866_IMG_2363_dummy1.jpg,6/1/2022,Guam-CNMI,ROT-866,dummy1,2431,137,*TURFH,mskye13,2025-10-17 20:41:28+00:00
ROT-866_IMG_2363_dummy1.jpg,6/1/2022,Guam-CNMI,ROT-866,dummy1,2293,1095,*TURFH,mskye13,2025-10-17 20:41:28+00:00
ROT-866_IMG_2363_dummy1.jpg,6/1/2022,Guam-CNMI,ROT-866,dummy1,2382,3641,*CCAH,mskye13,2025-10-17 20:41:28+00:00
ROT-866_IMG_2363_dummy1.jpg,6/1/2022,Guam-CNMI,ROT-866,dummy1,4167,1567,*SAND,mskye13,2025-10-17 20:41:28+00:00
ROT-866_IMG_2363_dummy1.jpg,6/1/2022,Guam-CNMI,ROT-866,dummy1,3365,3479,*TURFH,mskye13,2025-10-17 20:41:28+00:00
ROT-866_IMG_2363_dummy1.jpg,6/1/2022,Guam-CNMI,ROT-866,dummy1,4798,2205,*BGMA,mskye13,2025-10-17 20:41:28+00:00
ROT-UNK_IMG_5773_dummy1.JPG,6/1/2022,Guam-CNMI,ROT-UNK,dummy1,87,5412,*TURFH,mskye13,2025-10-17 20:42:25+00:00
ROT-UNK_IMG_5773_dummy1.JPG,6/1/2022,Guam-CNMI,ROT-UNK,dummy1,1060,2567,*TURFH,mskye13,2025-10-17 20:42:25+00:00
ROT-UNK_IMG_5773_dummy1.JPG,6/1/2022,Guam-CNMI,ROT-UNK,dummy1,1016,2548,*TURFH,mskye13,2025-10-17 20:42:25+00:00
ROT-UNK_IMG_5773_dummy1.JPG,6/1/2022,Guam-CNMI,ROT-UNK,dummy1,1356,3912,*TURFH,mskye13,2025-10-17 20:42:25+00:00
ROT-UNK_IMG_5773_dummy1.JPG,6/1/2022,Guam-CNMI,ROT-UNK,dummy1,1540,557,*TURFH,mskye13,2025-10-17 20:42:25+00:00
ROT-UNK_IMG_5773_dummy1.JPG,6/1/2022,Guam-CNMI,ROT-UNK,dummy1,2489,36,*TURFH,mskye13,2025-10-17 20:42:25+00:00
ROT-UNK_IMG_5773_dummy1.JPG,6/1/2022,Guam-CNMI,ROT-UNK,dummy1,2864,1429,*TURFH,mskye13,2025-10-17 20:42:25+00:00
ROT-UNK_IMG_5773_dummy1.JPG,6/1/2022,Guam-CNMI,ROT-UNK,dummy1,2768,1631,*MICR,mskye13,2025-10-17 20:42:25+00:00
ROT-UNK_IMG_5773_dummy1.JPG,6/1/2022,Guam-CNMI,ROT-UNK,dummy1,2735,3499,*TURFH,mskye13,2025-10-17 20:42:25+00:00
ROT-UNK_IMG_5773_dummy1.JPG,6/1/2022,Guam-CNMI,ROT-UNK,dummy1,2951,1061,*TURFH,mskye13,2025-10-17 20:42:25+00:00
SAI-1820_IMG_0893_dummy1.jpg,6/1/2022,Guam-CNMI,SAI-1820,dummy1,289,2420,*TURFH,mskye13,2025-10-17 20:42:53+00:00
SAI-1820_IMG_0893_dummy1.jpg,6/1/2022,Guam-CNMI,SAI-1820,dummy1,1643,1506,*TURFH,mskye13,2025-10-17 20:42:53+00:00
SAI-1820_IMG_0893_dummy1.jpg,6/1/2022,Guam-CNMI,SAI-1820,dummy1,2592,379,*TURFH,mskye13,2025-10-17 20:42:53+00:00
SAI-1820_IMG_0893_dummy1.jpg,6/1/2022,Guam-CNMI,SAI-1820,dummy1,3840,1146,*TURFH,mskye13,2025-10-17 20:42:53+00:00
SAI-1820_IMG_0893_dummy1.jpg,6/1/2022,Guam-CNMI,SAI-1820,dummy1,3842,1891,*TURFH,mskye13,2025-10-17 20:42:53+00:00
SAI-1820_IMG_0893_dummy1.jpg,6/1/2022,Guam-CNMI,SAI-1820,dummy1,3815,2692,*CCAH,mskye13,2025-10-17 20:42:53+00:00
SAI-1820_IMG_0893_dummy1.jpg,6/1/2022,Guam-CNMI,SAI-1820,dummy1,3831,2611,*MOEN,mskye13,2025-10-17 20:42:53+00:00
SAI-1820_IMG_0893_dummy1.jpg,6/1/2022,Guam-CNMI,SAI-1820,dummy1,4462,1936,*TURFH,mskye13,2025-10-17 20:42:53+00:00
SAI-1820_IMG_0893_dummy1.jpg,6/1/2022,Guam-CNMI,SAI-1820,dummy1,4753,2537,*TURFH,mskye13,2025-10-17 20:42:53+00:00
SAI-1820_IMG_0893_dummy1.jpg,6/1/2022,Guam-CNMI,SAI-1820,dummy1,5013,2348,*TURFH,mskye13,2025-10-17 20:42:53+00:00
SAI-1822_IMG_2077_dummy1.jpg,6/1/2022,Guam-CNMI,SAI-1822,dummy1,303,877,*TURFH,mskye13,2025-10-17 20:43:36+00:00
SAI-1822_IMG_2077_dummy1.jpg,6/1/2022,Guam-CNMI,SAI-1822,dummy1,61,2238,*TURFH,mskye13,2025-10-17 20:43:36+00:00
SAI-1822_IMG_2077_dummy1.jpg,6/1/2022,Guam-CNMI,SAI-1822,dummy1,1296,4887,*TURFH,mskye13,2025-10-17 20:43:36+00:00
SAI-1822_IMG_2077_dummy1.jpg,6/1/2022,Guam-CNMI,SAI-1822,dummy1,1688,42,*TURFH,mskye13,2025-10-17 20:43:36+00:00
SAI-1822_IMG_2077_dummy1.jpg,6/1/2022,Guam-CNMI,SAI-1822,dummy1,2073,2636,*TURFH,mskye13,2025-10-17 20:43:36+00:00
SAI-1822_IMG_2077_dummy1.jpg,6/1/2022,Guam-CNMI,SAI-1822,dummy1,2693,1447,*TURFH,mskye13,2025-10-17 20:43:36+00:00
SAI-1822_IMG_2077_dummy1.jpg,6/1/2022,Guam-CNMI,SAI-1822,dummy1,2809,4992,*MOEN,mskye13,2025-10-17 20:43:36+00:00
SAI-1822_IMG_2077_dummy1.jpg,6/1/2022,Guam-CNMI,SAI-1822,dummy1,3042,2844,*TURFH,mskye13,2025-10-17 20:43:36+00:00
SAI-1822_IMG_2077_dummy1.jpg,6/1/2022,Guam-CNMI,SAI-1822,dummy1,3605,3033,*TURFH,mskye13,2025-10-17 20:43:36+00:00
SAI-1822_IMG_2077_dummy1.jpg,6/1/2022,Guam-CNMI,SAI-1822,dummy1,2988,2637,*CCAH,mskye13,2025-10-17 20:43:36+00:00
SAI-1822_IMG_2102_dummy1.jpg,6/1/2022,Guam-CNMI,SAI-1822,dummy1,289,3026,*TURFH,mskye13,2025-10-17 20:44:09+00:00
SAI-1822_IMG_2102_dummy1.jpg,6/1/2022,Guam-CNMI,SAI-1822,dummy1,579,3114,*TURFH,mskye13,2025-10-17 20:44:09+00:00
SAI-1822_IMG_2102_dummy1.jpg,6/1/2022,Guam-CNMI,SAI-1822,dummy1,73,2966,*TURFH,mskye13,2025-10-17 20:44:09+00:00
SAI-1822_IMG_2102_dummy1.jpg,6/1/2022,Guam-CNMI,SAI-1822,dummy1,2070,51,*EMA,mskye13,2025-10-17 20:44:09+00:00
SAI-1822_IMG_2102_dummy1.jpg,6/1/2022,Guam-CNMI,SAI-1822,dummy1,1655,1043,*TURFH,mskye13,2025-10-17 20:44:09+00:00
SAI-1822_IMG_2102_dummy1.jpg,6/1/2022,Guam-CNMI,SAI-1822,dummy1,3961,1700,*TURFH,mskye13,2025-10-17 20:44:09+00:00
SAI-1822_IMG_2102_dummy1.jpg,6/1/2022,Guam-CNMI,SAI-1822,dummy1,3965,3395,*TURFH,mskye13,2025-10-17 20:44:09+00:00
SAI-1822_IMG_2102_dummy1.jpg,6/1/2022,Guam-CNMI,SAI-1822,dummy1,4614,1048,*TURFH,mskye13,2025-10-17 20:44:09+00:00
SAI-1822_IMG_2102_dummy1.jpg,6/1/2022,Guam-CNMI,SAI-1822,dummy1,4945,1656,*CCAH,mskye13,2025-10-17 20:44:09+00:00
SAI-1822_IMG_2102_dummy1.jpg,6/1/2022,Guam-CNMI,SAI-1822,dummy1,4446,2163,*TURFH,mskye13,2025-10-17 20:44:09+00:00
SAI-1838_IMG_0564_dummy1.jpg,6/1/2022,Guam-CNMI,SAI-1838,dummy1,976,866,*TURFH,mskye13,2025-10-17 20:44:39+00:00
SAI-1838_IMG_0564_dummy1.jpg,6/1/2022,Guam-CNMI,SAI-1838,dummy1,2029,519,*TURFH,mskye13,2025-10-17 20:44:39+00:00
SAI-1838_IMG_0564_dummy1.jpg,6/1/2022,Guam-CNMI,SAI-1838,dummy1,1766,448,*TURFH,mskye13,2025-10-17 20:44:39+00:00
SAI-1838_IMG_0564_dummy1.jpg,6/1/2022,Guam-CNMI,SAI-1838,dummy1,1976,437,*TURFH,mskye13,2025-10-17 20:44:39+00:00
SAI-1838_IMG_0564_dummy1.jpg,6/1/2022,Guam-CNMI,SAI-1838,dummy1,2091,4016,*TURFH,mskye13,2025-10-17 20:44:39+00:00
SAI-1838_IMG_0564_dummy1.jpg,6/1/2022,Guam-CNMI,SAI-1838,dummy1,2045,4703,*TURFH,mskye13,2025-10-17 20:44:39+00:00
SAI-1838_IMG_0564_dummy1.jpg,6/1/2022,Guam-CNMI,SAI-1838,dummy1,2388,947,*GONS,mskye13,2025-10-17 20:44:39+00:00
SAI-1838_IMG_0564_dummy1.jpg,6/1/2022,Guam-CNMI,SAI-1838,dummy1,2894,2890,*TURFH,mskye13,2025-10-17 20:44:39+00:00
SAI-1838_IMG_0564_dummy1.jpg,6/1/2022,Guam-CNMI,SAI-1838,dummy1,2304,4309,*TURFH,mskye13,2025-10-17 20:44:39+00:00
SAI-1838_IMG_0564_dummy1.jpg,6/1/2022,Guam-CNMI,SAI-1838,dummy1,3602,1083,*TURFH,mskye13,2025-10-17 20:44:39+00:00
SAI-1852_IMG_1774_dummy1.jpg,6/1/2022,Guam-CNMI,SAI-1852,dummy1,147,5089,*TURFH,mskye13,2025-10-17 20:45:08+00:00
SAI-1852_IMG_1774_dummy1.jpg,6/1/2022,Guam-CNMI,SAI-1852,dummy1,601,4930,*TURFH,mskye13,2025-10-17 20:45:08+00:00
SAI-1852_IMG_1774_dummy1.jpg,6/1/2022,Guam-CNMI,SAI-1852,dummy1,976,738,*TURFH,mskye13,2025-10-17 20:45:08+00:00
SAI-1852_IMG_1774_dummy1.jpg,6/1/2022,Guam-CNMI,SAI-1852,dummy1,782,575,*SAND,mskye13,2025-10-17 20:45:08+00:00
SAI-1852_IMG_1774_dummy1.jpg,6/1/2022,Guam-CNMI,SAI-1852,dummy1,2003,358,*SAND,mskye13,2025-10-17 20:45:08+00:00
SAI-1852_IMG_1774_dummy1.jpg,6/1/2022,Guam-CNMI,SAI-1852,dummy1,1560,2483,*CCAH,mskye13,2025-10-17 20:45:08+00:00
SAI-1852_IMG_1774_dummy1.jpg,6/1/2022,Guam-CNMI,SAI-1852,dummy1,2030,3594,*TURFH,mskye13,2025-10-17 20:45:08+00:00
SAI-1852_IMG_1774_dummy1.jpg,6/1/2022,Guam-CNMI,SAI-1852,dummy1,1601,4028,*TURFH,mskye13,2025-10-17 20:45:08+00:00
SAI-1852_IMG_1774_dummy1.jpg,6/1/2022,Guam-CNMI,SAI-1852,dummy1,3384,2724,*TURFH,mskye13,2025-10-17 20:45:08+00:00
SAI-1852_IMG_1774_dummy1.jpg,6/1/2022,Guam-CNMI,SAI-1852,dummy1,3067,4098,*TURFH,mskye13,2025-10-17 20:45:08+00:00
SAI-1854_IMG_0691_dummy1.jpg,6/1/2022,Guam-CNMI,SAI-1854,dummy1,723,1384,*BGMA,mskye13,2025-10-17 20:45:43+00:00
SAI-1854_IMG_0691_dummy1.jpg,6/1/2022,Guam-CNMI,SAI-1854,dummy1,1686,1710,*TURFH,mskye13,2025-10-17 20:45:43+00:00
SAI-1854_IMG_0691_dummy1.jpg,6/1/2022,Guam-CNMI,SAI-1854,dummy1,1822,2476,*CYPS,mskye13,2025-10-17 20:45:43+00:00
SAI-1854_IMG_0691_dummy1.jpg,6/1/2022,Guam-CNMI,SAI-1854,dummy1,1189,2698,*CYPS,mskye13,2025-10-17 20:45:43+00:00
SAI-1854_IMG_0691_dummy1.jpg,6/1/2022,Guam-CNMI,SAI-1854,dummy1,1996,2909,*CYPS,mskye13,2025-10-17 20:45:43+00:00
SAI-1854_IMG_0691_dummy1.jpg,6/1/2022,Guam-CNMI,SAI-1854,dummy1,2475,415,*FASP,mskye13,2025-10-17 20:45:43+00:00
SAI-1854_IMG_0691_dummy1.jpg,6/1/2022,Guam-CNMI,SAI-1854,dummy1,2634,758,*POEN,mskye13,2025-10-17 20:45:43+00:00
SAI-1854_IMG_0691_dummy1.jpg,6/1/2022,Guam-CNMI,SAI-1854,dummy1,3682,3274,*TURFH,mskye13,2025-10-17 20:45:43+00:00
SAI-1854_IMG_0691_dummy1.jpg,6/1/2022,Guam-CNMI,SAI-1854,dummy1,4421,514,*ASSP,mskye13,2025-10-17 20:45:43+00:00
SAI-1854_IMG_0691_dummy1.jpg,6/1/2022,Guam-CNMI,SAI-1854,dummy1,4854,3384,*TURFH,mskye13,2025-10-17 20:45:43+00:00
SAI-1857_IMG_1868_dummy1.jpg,6/1/2022,Guam-CNMI,SAI-1857,dummy1,264,1132,*ASSP,mskye13,2025-10-17 20:46:29+00:00
SAI-1857_IMG_1868_dummy1.jpg,6/1/2022,Guam-CNMI,SAI-1857,dummy1,393,1780,*SP,mskye13,2025-10-17 20:46:29+00:00
SAI-1857_IMG_1868_dummy1.jpg,6/1/2022,Guam-CNMI,SAI-1857,dummy1,1094,285,*ASSP,mskye13,2025-10-17 20:46:29+00:00
SAI-1857_IMG_1868_dummy1.jpg,6/1/2022,Guam-CNMI,SAI-1857,dummy1,1789,2681,*TURFH,mskye13,2025-10-17 20:46:29+00:00
SAI-1857_IMG_1868_dummy1.jpg,6/1/2022,Guam-CNMI,SAI-1857,dummy1,2155,4010,*ASSP,mskye13,2025-10-17 20:46:29+00:00
SAI-1857_IMG_1868_dummy1.jpg,6/1/2022,Guam-CNMI,SAI-1857,dummy1,2380,1985,*TURFH,mskye13,2025-10-17 20:46:29+00:00
SAI-1857_IMG_1868_dummy1.jpg,6/1/2022,Guam-CNMI,SAI-1857,dummy1,2629,2941,*TURFH,mskye13,2025-10-17 20:46:29+00:00
SAI-1857_IMG_1868_dummy1.jpg,6/1/2022,Guam-CNMI,SAI-1857,dummy1,3272,495,*TURFH,mskye13,2025-10-17 20:46:29+00:00
SAI-1857_IMG_1868_dummy1.jpg,6/1/2022,Guam-CNMI,SAI-1857,dummy1,3561,1262,*TURFH,mskye13,2025-10-17 20:46:29+00:00
SAI-1857_IMG_1868_dummy1.jpg,6/1/2022,Guam-CNMI,SAI-1857,dummy1,3016,5056,*ENC,mskye13,2025-10-17 20:46:29+00:00
SAI-1858_IMG_1828_dummy1.jpg,6/1/2022,Guam-CNMI,SAI-1858,dummy1,6,551,*TURFH,mskye13,2025-10-17 20:47:04+00:00
SAI-1858_IMG_1828_dummy1.jpg,6/1/2022,Guam-CNMI,SAI-1858,dummy1,1220,1201,*TURFH,mskye13,2025-10-17 20:47:03+00:00
SAI-1858_IMG_1828_dummy1.jpg,6/1/2022,Guam-CNMI,SAI-1858,dummy1,2398,1326,*TURFH,mskye13,2025-10-17 20:47:03+00:00
SAI-1858_IMG_1828_dummy1.jpg,6/1/2022,Guam-CNMI,SAI-1858,dummy1,2464,1375,*TURFH,mskye13,2025-10-17 20:47:03+00:00
SAI-1858_IMG_1828_dummy1.jpg,6/1/2022,Guam-CNMI,SAI-1858,dummy1,2695,3401,*LEPT,mskye13,2025-10-17 20:47:03+00:00
SAI-1858_IMG_1828_dummy1.jpg,6/1/2022,Guam-CNMI,SAI-1858,dummy1,4231,2809,*TURFH,mskye13,2025-10-17 20:47:03+00:00
SAI-1858_IMG_1828_dummy1.jpg,6/1/2022,Guam-CNMI,SAI-1858,dummy1,5055,727,*ASSP,mskye13,2025-10-17 20:47:03+00:00
SAI-1858_IMG_1828_dummy1.jpg,6/1/2022,Guam-CNMI,SAI-1858,dummy1,4844,1238,*TURFH,mskye13,2025-10-17 20:47:03+00:00
SAI-1858_IMG_1828_dummy1.jpg,6/1/2022,Guam-CNMI,SAI-1858,dummy1,5227,2638,*TURFH,mskye13,2025-10-17 20:47:03+00:00
SAI-1858_IMG_1828_dummy1.jpg,6/1/2022,Guam-CNMI,SAI-1858,dummy1,4740,3181,*PADI,mskye13,2025-10-17 20:47:03+00:00
SAI-1888_IMG_9809_dummy1.jpg,6/1/2022,Guam-CNMI,SAI-1888,dummy1,1435,1391,*TURFH,mskye13,2025-10-17 20:47:36+00:00
SAI-1888_IMG_9809_dummy1.jpg,6/1/2022,Guam-CNMI,SAI-1888,dummy1,2084,3486,*TURFH,mskye13,2025-10-17 20:47:36+00:00
SAI-1888_IMG_9809_dummy1.jpg,6/1/2022,Guam-CNMI,SAI-1888,dummy1,1336,3306,*TURFH,mskye13,2025-10-17 20:47:36+00:00
SAI-1888_IMG_9809_dummy1.jpg,6/1/2022,Guam-CNMI,SAI-1888,dummy1,2265,2274,*TURFH,mskye13,2025-10-17 20:47:36+00:00
SAI-1888_IMG_9809_dummy1.jpg,6/1/2022,Guam-CNMI,SAI-1888,dummy1,2692,3073,*TURFH,mskye13,2025-10-17 20:47:36+00:00
SAI-1888_IMG_9809_dummy1.jpg,6/1/2022,Guam-CNMI,SAI-1888,dummy1,4081,2578,*TURFH,mskye13,2025-10-17 20:47:36+00:00
SAI-1888_IMG_9809_dummy1.jpg,6/1/2022,Guam-CNMI,SAI-1888,dummy1,4505,1249,*TURFH,mskye13,2025-10-17 20:47:36+00:00
SAI-1888_IMG_9809_dummy1.jpg,6/1/2022,Guam-CNMI,SAI-1888,dummy1,5038,1490,*TURFH,mskye13,2025-10-17 20:47:36+00:00
SAI-1888_IMG_9809_dummy1.jpg,6/1/2022,Guam-CNMI,SAI-1888,dummy1,5048,3397,*TURFH,mskye13,2025-10-17 20:47:36+00:00
SAI-1888_IMG_9809_dummy1.jpg,6/1/2022,Guam-CNMI,SAI-1888,dummy1,4466,3626,*TURFH,mskye13,2025-10-17 20:47:36+00:00
SAI-1909_IMG_0714_dummy1.jpg,6/1/2022,Guam-CNMI,SAI-1909,dummy1,431,2582,*CCAH,mskye13,2025-10-17 20:48:23+00:00
SAI-1909_IMG_0714_dummy1.jpg,6/1/2022,Guam-CNMI,SAI-1909,dummy1,911,38,*CCAH,mskye13,2025-10-17 20:48:23+00:00
SAI-1909_IMG_0714_dummy1.jpg,6/1/2022,Guam-CNMI,SAI-1909,dummy1,760,4683,*CCAH,mskye13,2025-10-17 20:48:23+00:00
SAI-1909_IMG_0714_dummy1.jpg,6/1/2022,Guam-CNMI,SAI-1909,dummy1,2328,67,*STYS,mskye13,2025-10-17 20:48:23+00:00
SAI-1909_IMG_0714_dummy1.jpg,6/1/2022,Guam-CNMI,SAI-1909,dummy1,2794,3576,*TURFH,mskye13,2025-10-17 20:48:23+00:00
SAI-1909_IMG_0714_dummy1.jpg,6/1/2022,Guam-CNMI,SAI-1909,dummy1,2859,4596,*CCAH,mskye13,2025-10-17 20:48:23+00:00
SAI-1909_IMG_0714_dummy1.jpg,6/1/2022,Guam-CNMI,SAI-1909,dummy1,3450,1850,*TURFH,mskye13,2025-10-17 20:48:23+00:00
SAI-1909_IMG_0714_dummy1.jpg,6/1/2022,Guam-CNMI,SAI-1909,dummy1,3251,1506,*CCAH,mskye13,2025-10-17 20:48:23+00:00
SAI-1909_IMG_0714_dummy1.jpg,6/1/2022,Guam-CNMI,SAI-1909,dummy1,3543,2485,*POCS,mskye13,2025-10-17 20:48:23+00:00
SAI-1909_IMG_0714_dummy1.jpg,6/1/2022,Guam-CNMI,SAI-1909,dummy1,3214,3363,*TURFH,mskye13,2025-10-17 20:48:23+00:00
SAI-1909_IMG_0735_dummy1.jpg,6/1/2022,Guam-CNMI,SAI-1909,dummy1,854,1364,*TURFH,mskye13,2025-10-17 20:49:28+00:00
SAI-1909_IMG_0735_dummy1.jpg,6/1/2022,Guam-CNMI,SAI-1909,dummy1,452,979,*UNK,mskye13,2025-10-17 20:49:28+00:00
SAI-1909_IMG_0735_dummy1.jpg,6/1/2022,Guam-CNMI,SAI-1909,dummy1,564,915,*UNK,mskye13,2025-10-17 20:49:28+00:00
SAI-1909_IMG_0735_dummy1.jpg,6/1/2022,Guam-CNMI,SAI-1909,dummy1,590,2682,*TURFH,mskye13,2025-10-17 20:49:28+00:00
SAI-1909_IMG_0735_dummy1.jpg,6/1/2022,Guam-CNMI,SAI-1909,dummy1,3005,244,*TURFH,mskye13,2025-10-17 20:49:28+00:00
SAI-1909_IMG_0735_dummy1.jpg,6/1/2022,Guam-CNMI,SAI-1909,dummy1,2927,10,*CCAH,mskye13,2025-10-17 20:49:28+00:00
SAI-1909_IMG_0735_dummy1.jpg,6/1/2022,Guam-CNMI,SAI-1909,dummy1,3084,1240,*MOEN,mskye13,2025-10-17 20:49:28+00:00
SAI-1909_IMG_0735_dummy1.jpg,6/1/2022,Guam-CNMI,SAI-1909,dummy1,2937,2457,*TURFH,mskye13,2025-10-17 20:49:28+00:00
SAI-1909_IMG_0735_dummy1.jpg,6/1/2022,Guam-CNMI,SAI-1909,dummy1,3652,5,*TURFH,mskye13,2025-10-17 20:49:28+00:00
SAI-1909_IMG_0735_dummy1.jpg,6/1/2022,Guam-CNMI,SAI-1909,dummy1,4928,3304,*TURFH,mskye13,2025-10-17 20:49:28+00:00
SAI-1915_IMG_9876_dummy1.jpg,6/1/2022,Guam-CNMI,SAI-1915,dummy1,477,4284,*TURFH,mskye13,2025-10-17 20:50:10+00:00
SAI-1915_IMG_9876_dummy1.jpg,6/1/2022,Guam-CNMI,SAI-1915,dummy1,1127,2557,*TURFH,mskye13,2025-10-17 20:50:10+00:00
SAI-1915_IMG_9876_dummy1.jpg,6/1/2022,Guam-CNMI,SAI-1915,dummy1,1636,862,*TURFH,mskye13,2025-10-17 20:50:09+00:00
SAI-1915_IMG_9876_dummy1.jpg,6/1/2022,Guam-CNMI,SAI-1915,dummy1,1873,2399,*BGMA,mskye13,2025-10-17 20:50:09+00:00
SAI-1915_IMG_9876_dummy1.jpg,6/1/2022,Guam-CNMI,SAI-1915,dummy1,3124,1974,*GASP,mskye13,2025-10-17 20:50:09+00:00
SAI-1915_IMG_9876_dummy1.jpg,6/1/2022,Guam-CNMI,SAI-1915,dummy1,3355,2080,*GASP,mskye13,2025-10-17 20:50:09+00:00
SAI-1915_IMG_9876_dummy1.jpg,6/1/2022,Guam-CNMI,SAI-1915,dummy1,3522,1191,*GASP,mskye13,2025-10-17 20:50:09+00:00
SAI-1915_IMG_9876_dummy1.jpg,6/1/2022,Guam-CNMI,SAI-1915,dummy1,2974,1381,*TURFH,mskye13,2025-10-17 20:50:09+00:00
SAI-1915_IMG_9876_dummy1.jpg,6/1/2022,Guam-CNMI,SAI-1915,dummy1,3287,2591,*ASSP,mskye13,2025-10-17 20:50:09+00:00
SAI-1915_IMG_9876_dummy1.jpg,6/1/2022,Guam-CNMI,SAI-1915,dummy1,3607,4671,*MOEN,mskye13,2025-10-17 20:50:09+00:00
SAI-1916_IMG_0506_dummy1.jpg,6/1/2022,Guam-CNMI,SAI-1916,dummy1,546,1086,*TURFH,mskye13,2025-10-17 20:50:50+00:00
SAI-1916_IMG_0506_dummy1.jpg,6/1/2022,Guam-CNMI,SAI-1916,dummy1,259,2592,*TURFH,mskye13,2025-10-17 20:50:50+00:00
SAI-1916_IMG_0506_dummy1.jpg,6/1/2022,Guam-CNMI,SAI-1916,dummy1,1128,1239,*CCAH,mskye13,2025-10-17 20:50:50+00:00
SAI-1916_IMG_0506_dummy1.jpg,6/1/2022,Guam-CNMI,SAI-1916,dummy1,1128,2886,*TURFH,mskye13,2025-10-17 20:50:50+00:00
SAI-1916_IMG_0506_dummy1.jpg,6/1/2022,Guam-CNMI,SAI-1916,dummy1,1632,3515,*PESP,mskye13,2025-10-17 20:50:50+00:00
SAI-1916_IMG_0506_dummy1.jpg,6/1/2022,Guam-CNMI,SAI-1916,dummy1,2698,867,*TURFH,mskye13,2025-10-17 20:50:50+00:00
SAI-1916_IMG_0506_dummy1.jpg,6/1/2022,Guam-CNMI,SAI-1916,dummy1,2217,1707,*GOAL,mskye13,2025-10-17 20:50:50+00:00
SAI-1916_IMG_0506_dummy1.jpg,6/1/2022,Guam-CNMI,SAI-1916,dummy1,2859,2905,*TURFH,mskye13,2025-10-17 20:50:50+00:00
SAI-1916_IMG_0506_dummy1.jpg,6/1/2022,Guam-CNMI,SAI-1916,dummy1,4346,1571,*HALI,mskye13,2025-10-17 20:50:50+00:00
SAI-1916_IMG_0506_dummy1.jpg,6/1/2022,Guam-CNMI,SAI-1916,dummy1,4327,3010,*TURFH,mskye13,2025-10-17 20:50:50+00:00
SAI-1916_IMG_0510_dummy1.jpg,6/1/2022,Guam-CNMI,SAI-1916,dummy1,1601,860,*PESP,mskye13,2025-10-17 20:51:41+00:00
SAI-1916_IMG_0510_dummy1.jpg,6/1/2022,Guam-CNMI,SAI-1916,dummy1,1758,4061,*TURFH,mskye13,2025-10-17 20:51:41+00:00
SAI-1916_IMG_0510_dummy1.jpg,6/1/2022,Guam-CNMI,SAI-1916,dummy1,2909,249,*RDMA,mskye13,2025-10-17 20:51:41+00:00
SAI-1916_IMG_0510_dummy1.jpg,6/1/2022,Guam-CNMI,SAI-1916,dummy1,2918,397,*RDMA,mskye13,2025-10-17 20:51:41+00:00
SAI-1916_IMG_0510_dummy1.jpg,6/1/2022,Guam-CNMI,SAI-1916,dummy1,2819,260,*TURFH,mskye13,2025-10-17 20:51:41+00:00
SAI-1916_IMG_0510_dummy1.jpg,6/1/2022,Guam-CNMI,SAI-1916,dummy1,2325,1856,*CCAH,mskye13,2025-10-17 20:51:41+00:00
SAI-1916_IMG_0510_dummy1.jpg,6/1/2022,Guam-CNMI,SAI-1916,dummy1,2517,1112,*TURFH,mskye13,2025-10-17 20:51:41+00:00
SAI-1916_IMG_0510_dummy1.jpg,6/1/2022,Guam-CNMI,SAI-1916,dummy1,2840,4680,*POEN,mskye13,2025-10-17 20:51:41+00:00
SAI-1916_IMG_0510_dummy1.jpg,6/1/2022,Guam-CNMI,SAI-1916,dummy1,3583,4,*TURFH,mskye13,2025-10-17 20:51:41+00:00
SAI-1916_IMG_0510_dummy1.jpg,6/1/2022,Guam-CNMI,SAI-1916,dummy1,3559,189,*TURFH,mskye13,2025-10-17 20:51:41+00:00
SAI-1918_IMG_0604_dummy1.jpg,6/1/2022,Guam-CNMI,SAI-1918,dummy1,108,2439,*TURFH,mskye13,2025-10-17 20:52:20+00:00
SAI-1918_IMG_0604_dummy1.jpg,6/1/2022,Guam-CNMI,SAI-1918,dummy1,1868,105,*TURFH,mskye13,2025-10-17 20:52:20+00:00
SAI-1918_IMG_0604_dummy1.jpg,6/1/2022,Guam-CNMI,SAI-1918,dummy1,1907,909,*TURFH,mskye13,2025-10-17 20:52:20+00:00
SAI-1918_IMG_0604_dummy1.jpg,6/1/2022,Guam-CNMI,SAI-1918,dummy1,1687,1723,*CCAH,mskye13,2025-10-17 20:52:20+00:00
SAI-1918_IMG_0604_dummy1.jpg,6/1/2022,Guam-CNMI,SAI-1918,dummy1,2551,437,*TURFH,mskye13,2025-10-17 20:52:20+00:00
SAI-1918_IMG_0604_dummy1.jpg,6/1/2022,Guam-CNMI,SAI-1918,dummy1,2449,2691,*TURFH,mskye13,2025-10-17 20:52:20+00:00
SAI-1918_IMG_0604_dummy1.jpg,6/1/2022,Guam-CNMI,SAI-1918,dummy1,2348,3184,*TURFH,mskye13,2025-10-17 20:52:20+00:00
SAI-1918_IMG_0604_dummy1.jpg,6/1/2022,Guam-CNMI,SAI-1918,dummy1,3411,453,*TURFH,mskye13,2025-10-17 20:52:20+00:00
SAI-1918_IMG_0604_dummy1.jpg,6/1/2022,Guam-CNMI,SAI-1918,dummy1,3408,3634,*TURFH,mskye13,2025-10-17 20:52:20+00:00
SAI-1918_IMG_0604_dummy1.jpg,6/1/2022,Guam-CNMI,SAI-1918,dummy1,4737,804,*SP,mskye13,2025-10-17 20:52:20+00:00
SAI-1921_IMG_0550_dummy1.jpg,6/1/2022,Guam-CNMI,SAI-1921,dummy1,880,1015,*TURFH,mskye13,2025-10-17 20:52:47+00:00
SAI-1921_IMG_0550_dummy1.jpg,6/1/2022,Guam-CNMI,SAI-1921,dummy1,1353,2866,*SAND,mskye13,2025-10-17 20:52:47+00:00
SAI-1921_IMG_0550_dummy1.jpg,6/1/2022,Guam-CNMI,SAI-1921,dummy1,1716,2585,*TURFH,mskye13,2025-10-17 20:52:47+00:00
SAI-1921_IMG_0550_dummy1.jpg,6/1/2022,Guam-CNMI,SAI-1921,dummy1,2188,5103,*ASSP,mskye13,2025-10-17 20:52:47+00:00
SAI-1921_IMG_0550_dummy1.jpg,6/1/2022,Guam-CNMI,SAI-1921,dummy1,1564,5393,*RDMA,mskye13,2025-10-17 20:52:47+00:00
SAI-1921_IMG_0550_dummy1.jpg,6/1/2022,Guam-CNMI,SAI-1921,dummy1,2195,2058,*TURFH,mskye13,2025-10-17 20:52:47+00:00
SAI-1921_IMG_0550_dummy1.jpg,6/1/2022,Guam-CNMI,SAI-1921,dummy1,2411,1869,*TURFH,mskye13,2025-10-17 20:52:47+00:00
SAI-1921_IMG_0550_dummy1.jpg,6/1/2022,Guam-CNMI,SAI-1921,dummy1,2839,2935,*RDMA,mskye13,2025-10-17 20:52:47+00:00
SAI-1921_IMG_0550_dummy1.jpg,6/1/2022,Guam-CNMI,SAI-1921,dummy1,2295,2759,*RDMA,mskye13,2025-10-17 20:52:47+00:00
SAI-1921_IMG_0550_dummy1.jpg,6/1/2022,Guam-CNMI,SAI-1921,dummy1,3273,4193,*TURFH,mskye13,2025-10-17 20:52:47+00:00
SAI-1921_IMG_0552_dummy1.jpg,6/1/2022,Guam-CNMI,SAI-1921,dummy1,275,3725,*TURFH,mskye13,2025-10-17 20:53:20+00:00
SAI-1921_IMG_0552_dummy1.jpg,6/1/2022,Guam-CNMI,SAI-1921,dummy1,1523,1541,*GOAL,mskye13,2025-10-17 20:53:20+00:00
SAI-1921_IMG_0552_dummy1.jpg,6/1/2022,Guam-CNMI,SAI-1921,dummy1,1901,5235,*TURFH,mskye13,2025-10-17 20:53:20+00:00
SAI-1921_IMG_0552_dummy1.jpg,6/1/2022,Guam-CNMI,SAI-1921,dummy1,2536,555,*POMA,mskye13,2025-10-17 20:53:19+00:00
SAI-1921_IMG_0552_dummy1.jpg,6/1/2022,Guam-CNMI,SAI-1921,dummy1,2606,102,*POMA,mskye13,2025-10-17 20:53:19+00:00
SAI-1921_IMG_0552_dummy1.jpg,6/1/2022,Guam-CNMI,SAI-1921,dummy1,2846,1180,*POMA,mskye13,2025-10-17 20:53:19+00:00
SAI-1921_IMG_0552_dummy1.jpg,6/1/2022,Guam-CNMI,SAI-1921,dummy1,2555,3084,*TURFH,mskye13,2025-10-17 20:53:19+00:00
SAI-1921_IMG_0552_dummy1.jpg,6/1/2022,Guam-CNMI,SAI-1921,dummy1,2433,3180,*SAND,mskye13,2025-10-17 20:53:19+00:00
SAI-1921_IMG_0552_dummy1.jpg,6/1/2022,Guam-CNMI,SAI-1921,dummy1,2791,3305,*ASSP,mskye13,2025-10-17 20:53:19+00:00
SAI-1921_IMG_0552_dummy1.jpg,6/1/2022,Guam-CNMI,SAI-1921,dummy1,2920,1551,*TURFH,mskye13,2025-10-17 20:53:19+00:00
TIN-838_IMG_1104_dummy1.jpg,6/1/2022,Guam-CNMI,TIN-838,dummy1,10,1290,*TURFH,mskye13,2025-10-17 20:53:37+00:00
TIN-838_IMG_1104_dummy1.jpg,6/1/2022,Guam-CNMI,TIN-838,dummy1,346,2930,*TURFH,mskye13,2025-10-17 20:53:37+00:00
TIN-838_IMG_1104_dummy1.jpg,6/1/2022,Guam-CNMI,TIN-838,dummy1,1865,941,*TURFH,mskye13,2025-10-17 20:53:37+00:00
TIN-838_IMG_1104_dummy1.jpg,6/1/2022,Guam-CNMI,TIN-838,dummy1,1607,1792,*TURFH,mskye13,2025-10-17 20:53:37+00:00
TIN-838_IMG_1104_dummy1.jpg,6/1/2022,Guam-CNMI,TIN-838,dummy1,2112,2911,*TURFH,mskye13,2025-10-17 20:53:37+00:00
TIN-838_IMG_1104_dummy1.jpg,6/1/2022,Guam-CNMI,TIN-838,dummy1,1653,2554,*TURFH,mskye13,2025-10-17 20:53:37+00:00
TIN-838_IMG_1104_dummy1.jpg,6/1/2022,Guam-CNMI,TIN-838,dummy1,2692,50,*TURFH,mskye13,2025-10-17 20:53:37+00:00
TIN-838_IMG_1104_dummy1.jpg,6/1/2022,Guam-CNMI,TIN-838,dummy1,2971,1815,*BGMA,mskye13,2025-10-17 20:53:37+00:00
TIN-838_IMG_1104_dummy1.jpg,6/1/2022,Guam-CNMI,TIN-838,dummy1,3618,1974,*TURFH,mskye13,2025-10-17 20:53:37+00:00
TIN-838_IMG_1104_dummy1.jpg,6/1/2022,Guam-CNMI,TIN-838,dummy1,4854,2096,*TURFH,mskye13,2025-10-17 20:53:37+00:00
TIN-855_IMG_9718_dummy1.jpg,6/1/2022,Guam-CNMI,TIN-855,dummy1,780,1137,*POCS,mskye13,2025-10-17 20:54:05+00:00
TIN-855_IMG_9718_dummy1.jpg,6/1/2022,Guam-CNMI,TIN-855,dummy1,1568,127,*TURFH,mskye13,2025-10-17 20:54:05+00:00
TIN-855_IMG_9718_dummy1.jpg,6/1/2022,Guam-CNMI,TIN-855,dummy1,2066,2349,*TURFH,mskye13,2025-10-17 20:54:05+00:00
TIN-855_IMG_9718_dummy1.jpg,6/1/2022,Guam-CNMI,TIN-855,dummy1,2931,482,*TURFH,mskye13,2025-10-17 20:54:05+00:00
TIN-855_IMG_9718_dummy1.jpg,6/1/2022,Guam-CNMI,TIN-855,dummy1,2952,1726,*TURFH,mskye13,2025-10-17 20:54:05+00:00
TIN-855_IMG_9718_dummy1.jpg,6/1/2022,Guam-CNMI,TIN-855,dummy1,3167,2867,*FASP,mskye13,2025-10-17 20:54:05+00:00
TIN-855_IMG_9718_dummy1.jpg,6/1/2022,Guam-CNMI,TIN-855,dummy1,3604,284,*TURFH,mskye13,2025-10-17 20:54:05+00:00
TIN-855_IMG_9718_dummy1.jpg,6/1/2022,Guam-CNMI,TIN-855,dummy1,4223,1445,*PAEN,mskye13,2025-10-17 20:54:05+00:00
TIN-855_IMG_9718_dummy1.jpg,6/1/2022,Guam-CNMI,TIN-855,dummy1,4833,252,*HALI,mskye13,2025-10-17 20:54:05+00:00
TIN-855_IMG_9718_dummy1.jpg,6/1/2022,Guam-CNMI,TIN-855,dummy1,5093,2456,*TURFH,mskye13,2025-10-17 20:54:05+00:00
TIN-855_IMG_9723_dummy1.jpg,6/1/2022,Guam-CNMI,TIN-855,dummy1,486,997,*CCAH,mskye13,2025-10-17 20:54:55+00:00
TIN-855_IMG_9723_dummy1.jpg,6/1/2022,Guam-CNMI,TIN-855,dummy1,397,1190,*CCAH,mskye13,2025-10-17 20:54:55+00:00
TIN-855_IMG_9723_dummy1.jpg,6/1/2022,Guam-CNMI,TIN-855,dummy1,829,1621,*SHAD,mskye13,2025-10-17 20:54:55+00:00
TIN-855_IMG_9723_dummy1.jpg,6/1/2022,Guam-CNMI,TIN-855,dummy1,757,1569,*TURFH,mskye13,2025-10-17 20:54:55+00:00
TIN-855_IMG_9723_dummy1.jpg,6/1/2022,Guam-CNMI,TIN-855,dummy1,483,2033,*EMA,mskye13,2025-10-17 20:54:55+00:00
TIN-855_IMG_9723_dummy1.jpg,6/1/2022,Guam-CNMI,TIN-855,dummy1,1256,2474,*TURFH,mskye13,2025-10-17 20:54:55+00:00
TIN-855_IMG_9723_dummy1.jpg,6/1/2022,Guam-CNMI,TIN-855,dummy1,3465,139,*POMA,mskye13,2025-10-17 20:54:55+00:00
TIN-855_IMG_9723_dummy1.jpg,6/1/2022,Guam-CNMI,TIN-855,dummy1,3758,2963,*TURFH,mskye13,2025-10-17 20:54:55+00:00
TIN-855_IMG_9723_dummy1.jpg,6/1/2022,Guam-CNMI,TIN-855,dummy1,5170,344,*HALI,mskye13,2025-10-17 20:54:55+00:00
TIN-855_IMG_9723_dummy1.jpg,6/1/2022,Guam-CNMI,TIN-855,dummy1,5149,2683,*TURFH,mskye13,2025-10-17 20:54:55+00:00
TIN-855_IMG_9725_dummy1.jpg,6/1/2022,Guam-CNMI,TIN-855,dummy1,830,1118,*LPHY,mskye13,2025-10-17 20:55:34+00:00
TIN-855_IMG_9725_dummy1.jpg,6/1/2022,Guam-CNMI,TIN-855,dummy1,1768,73,*TURFH,mskye13,2025-10-17 20:55:34+00:00
TIN-855_IMG_9725_dummy1.jpg,6/1/2022,Guam-CNMI,TIN-855,dummy1,1806,465,*HALI,mskye13,2025-10-17 20:55:34+00:00
TIN-855_IMG_9725_dummy1.jpg,6/1/2022,Guam-CNMI,TIN-855,dummy1,1518,766,*TURFH,mskye13,2025-10-17 20:55:34+00:00
TIN-855_IMG_9725_dummy1.jpg,6/1/2022,Guam-CNMI,TIN-855,dummy1,2523,150,*RDMA,mskye13,2025-10-17 20:55:34+00:00
TIN-855_IMG_9725_dummy1.jpg,6/1/2022,Guam-CNMI,TIN-855,dummy1,2813,2538,*TURFH,mskye13,2025-10-17 20:55:34+00:00
TIN-855_IMG_9725_dummy1.jpg,6/1/2022,Guam-CNMI,TIN-855,dummy1,3627,2694,*BGMA,mskye13,2025-10-17 20:55:34+00:00
TIN-855_IMG_9725_dummy1.jpg,6/1/2022,Guam-CNMI,TIN-855,dummy1,4600,769,*EMA,mskye13,2025-10-17 20:55:34+00:00
TIN-855_IMG_9725_dummy1.jpg,6/1/2022,Guam-CNMI,TIN-855,dummy1,5294,1378,*CCAH,mskye13,2025-10-17 20:55:34+00:00
TIN-855_IMG_9725_dummy1.jpg,6/1/2022,Guam-CNMI,TIN-855,dummy1,5264,1413,*TURFH,mskye13,2025-10-17 20:55:34+00:00
TIN-868_IMG_1956_dummy1.jpg,6/1/2022,Guam-CNMI,TIN-868,dummy1,192,4593,*POEN,mskye13,2025-10-17 20:56:33+00:00
TIN-868_IMG_1956_dummy1.jpg,6/1/2022,Guam-CNMI,TIN-868,dummy1,135,5332,*POEN,mskye13,2025-10-17 20:56:33+00:00
TIN-868_IMG_1956_dummy1.jpg,6/1/2022,Guam-CNMI,TIN-868,dummy1,1402,4777,*TURFH,mskye13,2025-10-17 20:56:33+00:00
TIN-868_IMG_1956_dummy1.jpg,6/1/2022,Guam-CNMI,TIN-868,dummy1,1735,1545,*POMA,mskye13,2025-10-17 20:56:33+00:00
TIN-868_IMG_1956_dummy1.jpg,6/1/2022,Guam-CNMI,TIN-868,dummy1,1862,2250,*POMA,mskye13,2025-10-17 20:56:32+00:00
TIN-868_IMG_1956_dummy1.jpg,6/1/2022,Guam-CNMI,TIN-868,dummy1,1920,4776,*TURFH,mskye13,2025-10-17 20:56:32+00:00
TIN-868_IMG_1956_dummy1.jpg,6/1/2022,Guam-CNMI,TIN-868,dummy1,2287,3316,*RDMA,mskye13,2025-10-17 20:56:32+00:00
TIN-868_IMG_1956_dummy1.jpg,6/1/2022,Guam-CNMI,TIN-868,dummy1,3098,2112,*CCAH,mskye13,2025-10-17 20:56:32+00:00
TIN-868_IMG_1956_dummy1.jpg,6/1/2022,Guam-CNMI,TIN-868,dummy1,3364,5402,*TURFH,mskye13,2025-10-17 20:56:32+00:00
TIN-868_IMG_1956_dummy1.jpg,6/1/2022,Guam-CNMI,TIN-868,dummy1,3334,5226,*TURFH,mskye13,2025-10-17 20:56:32+00:00
TIN-885_IMG_0741_dummy1.jpg,6/1/2022,Guam-CNMI,TIN-885,dummy1,1157,2358,*ASSP,mskye13,2025-10-17 20:56:58+00:00
TIN-885_IMG_0741_dummy1.jpg,6/1/2022,Guam-CNMI,TIN-885,dummy1,1570,4,*TURFH,mskye13,2025-10-17 20:56:58+00:00
TIN-885_IMG_0741_dummy1.jpg,6/1/2022,Guam-CNMI,TIN-885,dummy1,1523,4137,*TURFH,mskye13,2025-10-17 20:56:58+00:00
TIN-885_IMG_0741_dummy1.jpg,6/1/2022,Guam-CNMI,TIN-885,dummy1,1917,3978,*TURFH,mskye13,2025-10-17 20:56:58+00:00
TIN-885_IMG_0741_dummy1.jpg,6/1/2022,Guam-CNMI,TIN-885,dummy1,2895,1438,*TURFH,mskye13,2025-10-17 20:56:58+00:00
TIN-885_IMG_0741_dummy1.jpg,6/1/2022,Guam-CNMI,TIN-885,dummy1,3007,441,*TURFH,mskye13,2025-10-17 20:56:58+00:00
TIN-885_IMG_0741_dummy1.jpg,6/1/2022,Guam-CNMI,TIN-885,dummy1,3534,1107,*TURFH,mskye13,2025-10-17 20:56:58+00:00
TIN-885_IMG_0741_dummy1.jpg,6/1/2022,Guam-CNMI,TIN-885,dummy1,3133,3238,*TURFH,mskye13,2025-10-17 20:56:58+00:00
TIN-885_IMG_0741_dummy1.jpg,6/1/2022,Guam-CNMI,TIN-885,dummy1,3496,2884,*TURFH,mskye13,2025-10-17 20:56:58+00:00
TIN-885_IMG_0741_dummy1.jpg,6/1/2022,Guam-CNMI,TIN-885,dummy1,3504,2639,*TURFH,mskye13,2025-10-17 20:56:58+00:00
TIN-896_IMG_9790_dummy1.jpg,6/1/2022,Guam-CNMI,TIN-896,dummy1,117,2438,*TURFH,mskye13,2025-10-17 20:57:18+00:00
TIN-896_IMG_9790_dummy1.jpg,6/1/2022,Guam-CNMI,TIN-896,dummy1,460,3964,*TURFH,mskye13,2025-10-17 20:57:18+00:00
TIN-896_IMG_9790_dummy1.jpg,6/1/2022,Guam-CNMI,TIN-896,dummy1,730,1038,*TURFH,mskye13,2025-10-17 20:57:18+00:00
TIN-896_IMG_9790_dummy1.jpg,6/1/2022,Guam-CNMI,TIN-896,dummy1,930,1796,*TURFH,mskye13,2025-10-17 20:57:18+00:00
TIN-896_IMG_9790_dummy1.jpg,6/1/2022,Guam-CNMI,TIN-896,dummy1,1211,2587,*TURFH,mskye13,2025-10-17 20:57:18+00:00
TIN-896_IMG_9790_dummy1.jpg,6/1/2022,Guam-CNMI,TIN-896,dummy1,1120,5447,*TURFH,mskye13,2025-10-17 20:57:18+00:00
TIN-896_IMG_9790_dummy1.jpg,6/1/2022,Guam-CNMI,TIN-896,dummy1,1387,4489,*TURFH,mskye13,2025-10-17 20:57:18+00:00
TIN-896_IMG_9790_dummy1.jpg,6/1/2022,Guam-CNMI,TIN-896,dummy1,2794,1803,*TURFH,mskye13,2025-10-17 20:57:18+00:00
TIN-896_IMG_9790_dummy1.jpg,6/1/2022,Guam-CNMI,TIN-896,dummy1,2753,1213,*SHAD,mskye13,2025-10-17 20:57:18+00:00
TIN-896_IMG_9790_dummy1.jpg,6/1/2022,Guam-CNMI,TIN-896,dummy1,2854,5153,*TURFH,mskye13,2025-10-17 20:57:18+00:00
